clip,vehicle_id,terminal_event_id,original_event_description,vlm_events_for_pipeline,vlm_change_type,change_action,change_reason,removed_event,added_event,event_changed_flag
194,312741040,,,['SEATBELT_D_OFF'],new_context_added,no_change,missing vehicle_id or terminal_event_id,,,0
76,524598614,,,['SEATBELT_D_OFF'],new_context_added,no_change,missing vehicle_id or terminal_event_id,,,0
79,524596949,,,[],no_vlm_signal,no_change,missing vehicle_id or terminal_event_id,,,0
178,333585410,,,['SEATBELT_D_OFF'],new_context_added,no_change,missing vehicle_id or terminal_event_id,,,0
404,524596949,,,[],no_vlm_signal,no_change,missing vehicle_id or terminal_event_id,,,0
284,518312835,,,['SEATBELT_D_OFF'],new_context_added,no_change,missing vehicle_id or terminal_event_id,,,0
282,523822117,,,['SEATBELT_D_OFF'],new_context_added,no_change,missing vehicle_id or terminal_event_id,,,0
450,523824244,,,"['SEATBELT_D_OFF', 'v_phone', 'v_distraction']",new_context_added,no_change,missing vehicle_id or terminal_event_id,,,0
193,333585410,,,[],no_vlm_signal,no_change,missing vehicle_id or terminal_event_id,,,0
95,524596949,,,[],no_vlm_signal,no_change,missing vehicle_id or terminal_event_id,,,0
196,467597649,,,['SEATBELT_D_OFF'],new_context_added,no_change,missing vehicle_id or terminal_event_id,,,0
106,518312065,,,['SEATBELT_D_OFF'],new_context_added,no_change,missing vehicle_id or terminal_event_id,,,0
395,333585410,,,[],no_vlm_signal,no_change,missing vehicle_id or terminal_event_id,,,0
110,513234561,,,[],no_vlm_signal,no_change,missing vehicle_id or terminal_event_id,,,0
447,454535057,,,[],no_vlm_signal,no_change,missing vehicle_id or terminal_event_id,,,0
448,509636074,,,[],no_vlm_signal,no_change,missing vehicle_id or terminal_event_id,,,0
289,422017575,,,[],no_vlm_signal,no_change,missing vehicle_id or terminal_event_id,,,0
240,524598614,,,[],no_vlm_signal,no_change,missing vehicle_id or terminal_event_id,,,0
174,511472023,,,"['v_phone', 'v_distraction']",new_context_added,no_change,missing vehicle_id or terminal_event_id,,,0
401,523822117,,,['SEATBELT_D_OFF'],new_context_added,no_change,missing vehicle_id or terminal_event_id,,,0
286,518311941,,,['v_phone'],new_context_added,no_change,missing vehicle_id or terminal_event_id,,,0
287,509637652,,,"['v_phone', 'v_distraction']",new_context_added,no_change,missing vehicle_id or terminal_event_id,,,0
398,509637286,,,['SEATBELT_D_OFF'],new_context_added,no_change,missing vehicle_id or terminal_event_id,,,0
165,417516308,,,[],no_vlm_signal,no_change,missing vehicle_id or terminal_event_id,,,0
274,443668611,,,[],no_vlm_signal,no_change,missing vehicle_id or terminal_event_id,,,0
93,365670886,,,['v_phone'],new_context_added,no_change,missing vehicle_id or terminal_event_id,,,0
321,453948326,,,['v_phone'],new_context_added,no_change,missing vehicle_id or terminal_event_id,,,0
280,350179842,,,[],no_vlm_signal,no_change,missing vehicle_id or terminal_event_id,,,0
375,518867282,,,[],no_vlm_signal,no_change,missing vehicle_id or terminal_event_id,,,0
425,509636707,,,[],no_vlm_signal,no_change,missing vehicle_id or terminal_event_id,,,0
320,304246535,,,[],no_vlm_signal,no_change,missing vehicle_id or terminal_event_id,,,0
276,443733464,,,['SEATBELT_D_OFF'],new_context_added,no_change,missing vehicle_id or terminal_event_id,,,0
131,350179842,,,['SEATBELT_D_OFF'],new_context_added,no_change,missing vehicle_id or terminal_event_id,,,0
250,511879208,,,"['SEATBELT_D_OFF', 'v_phone', 'v_distraction']",new_context_added,no_change,missing vehicle_id or terminal_event_id,,,0
97,322785930,,,"['SEATBELT_D_OFF', 'v_phone', 'v_distraction']",new_context_added,no_change,missing vehicle_id or terminal_event_id,,,0
360,509637553,,,['v_phone'],new_context_added,no_change,missing vehicle_id or terminal_event_id,,,0
163,509636074,,,[],no_vlm_signal,no_change,missing vehicle_id or terminal_event_id,,,0
252,511879208,,,"['SEATBELT_D_OFF', 'v_phone', 'v_distraction']",new_context_added,no_change,missing vehicle_id or terminal_event_id,,,0
449,333584194,,,"['SEATBELT_D_OFF', 'v_phone', 'v_distraction']",new_context_added,no_change,missing vehicle_id or terminal_event_id,,,0
115,333584194,,,"['SEATBELT_D_OFF', 'v_phone', 'v_distraction']",new_context_added,no_change,missing vehicle_id or terminal_event_id,,,0
288,518312065,,,[],no_vlm_signal,no_change,missing vehicle_id or terminal_event_id,,,0
246,458748209,,,[],no_vlm_signal,no_change,missing vehicle_id or terminal_event_id,,,0
133,464361907,,,['SEATBELT_D_OFF'],new_context_added,no_change,missing vehicle_id or terminal_event_id,,,0
5,458891357,,,['SEATBELT_D_OFF'],new_context_added,no_change,missing vehicle_id or terminal_event_id,,,0
8,511893849,,,[],no_vlm_signal,no_change,missing vehicle_id or terminal_event_id,,,0
291,509637899,,,[],no_vlm_signal,no_change,missing vehicle_id or terminal_event_id,,,0
10,509637688,,,['SEATBELT_D_OFF'],new_context_added,no_change,missing vehicle_id or terminal_event_id,,,0
15,509636074,,,[],no_vlm_signal,no_change,missing vehicle_id or terminal_event_id,,,0
234,458891357,,,[],no_vlm_signal,no_change,missing vehicle_id or terminal_event_id,,,0
432,511642605,,,[],no_vlm_signal,no_change,missing vehicle_id or terminal_event_id,,,0
351,507264889,,,[],no_vlm_signal,no_change,missing vehicle_id or terminal_event_id,,,0
35,511465936,,,[],no_vlm_signal,no_change,missing vehicle_id or terminal_event_id,,,0
325,456979367,,,[],no_vlm_signal,no_change,missing vehicle_id or terminal_event_id,,,0
327,454535057,,,"['v_phone', 'v_distraction']",new_context_added,no_change,missing vehicle_id or terminal_event_id,,,0
136,443385724,,,['SEATBELT_D_OFF'],new_context_added,no_change,missing vehicle_id or terminal_event_id,,,0
210,511879208,,,['v_phone'],new_context_added,no_change,missing vehicle_id or terminal_event_id,,,0
328,511466682,,,['SEATBELT_D_OFF'],new_context_added,no_change,missing vehicle_id or terminal_event_id,,,0
189,365670886,,,"['SEATBELT_D_OFF', 'v_distraction']",new_context_added,no_change,missing vehicle_id or terminal_event_id,,,0
128,322784039,,,"['SEATBELT_D_OFF', 'v_phone']",new_context_added,no_change,missing vehicle_id or terminal_event_id,,,0
422,523822248,,,['SEATBELT_D_OFF'],new_context_added,no_change,missing vehicle_id or terminal_event_id,,,0
412,312741040,,,['SEATBELT_D_OFF'],new_context_added,no_change,missing vehicle_id or terminal_event_id,,,0
416,336854753,,,"['SEATBELT_D_OFF', 'v_distraction']",new_context_added,no_change,missing vehicle_id or terminal_event_id,,,0
31,454260123,,,"['SEATBELT_D_OFF', 'v_phone']",new_context_added,no_change,missing vehicle_id or terminal_event_id,,,0
443,464878170,,,['v_phone'],new_context_added,no_change,missing vehicle_id or terminal_event_id,,,0
33,322619618,,,['v_phone'],new_context_added,no_change,missing vehicle_id or terminal_event_id,,,0
411,322641484,,,['SEATBELT_D_OFF'],new_context_added,no_change,missing vehicle_id or terminal_event_id,,,0
40,523823149,,,[],no_vlm_signal,no_change,missing vehicle_id or terminal_event_id,,,0
413,523821830,,,"['v_phone', 'v_distraction']",new_context_added,no_change,missing vehicle_id or terminal_event_id,,,0
36,453865293,,,['SEATBELT_D_OFF'],new_context_added,no_change,missing vehicle_id or terminal_event_id,,,0
215,523822117,,,[],no_vlm_signal,no_change,missing vehicle_id or terminal_event_id,,,0
247,459505768,,,['SEATBELT_D_OFF'],new_context_added,no_change,missing vehicle_id or terminal_event_id,,,0
216,511879248,,,"['SEATBELT_D_OFF', 'v_phone']",new_context_added,no_change,missing vehicle_id or terminal_event_id,,,0
42,523821693,,,"['SEATBELT_D_OFF', 'v_phone', 'v_distraction']",new_context_added,no_change,missing vehicle_id or terminal_event_id,,,0
43,334003979,,,['SEATBELT_D_OFF'],new_context_added,no_change,missing vehicle_id or terminal_event_id,,,0
368,459505768,,,['SEATBELT_D_OFF'],new_context_added,no_change,missing vehicle_id or terminal_event_id,,,0
52,524598261,,,"['SEATBELT_D_OFF', 'v_distraction']",new_context_added,no_change,missing vehicle_id or terminal_event_id,,,0
54,334148753,,,"['SEATBELT_D_OFF', 'v_phone', 'v_distraction']",new_context_added,no_change,missing vehicle_id or terminal_event_id,,,0
220,509636707,,,[],no_vlm_signal,no_change,missing vehicle_id or terminal_event_id,,,0
221,459618013,,,['v_cam_covered'],new_context_added,no_change,missing vehicle_id or terminal_event_id,,,0
222,416296124,,,[],no_vlm_signal,no_change,missing vehicle_id or terminal_event_id,,,0
195,437380121,,,[],no_vlm_signal,no_change,missing vehicle_id or terminal_event_id,,,0
369,459506928,,,[],no_vlm_signal,no_change,missing vehicle_id or terminal_event_id,,,0
73,523821693,,,[],no_vlm_signal,no_change,missing vehicle_id or terminal_event_id,,,0
441,434850546,,,[],no_vlm_signal,no_change,missing vehicle_id or terminal_event_id,,,0
74,443733464,,,[],no_vlm_signal,no_change,missing vehicle_id or terminal_event_id,,,0
61,524598614,,,"['SEATBELT_D_OFF', 'v_phone']",new_context_added,no_change,missing vehicle_id or terminal_event_id,,,0
152,464397351,,,[],no_vlm_signal,no_change,missing vehicle_id or terminal_event_id,,,0
100,464367957,,,[],no_vlm_signal,no_change,missing vehicle_id or terminal_event_id,,,0
63,453885405,,,[],no_vlm_signal,no_change,missing vehicle_id or terminal_event_id,,,0
64,523823149,,,['SEATBELT_D_OFF'],new_context_added,no_change,missing vehicle_id or terminal_event_id,,,0
111,509637948,,,"['SEATBELT_D_OFF', 'v_phone']",new_context_added,no_change,missing vehicle_id or terminal_event_id,,,0
71,334148753,,,"['v_phone', 'v_distraction']",new_context_added,no_change,missing vehicle_id or terminal_event_id,,,0
277,509637899,,,['SEATBELT_D_OFF'],new_context_added,no_change,missing vehicle_id or terminal_event_id,,,0
338,350179842,,,['v_phone'],new_context_added,no_change,missing vehicle_id or terminal_event_id,,,0
72,460126729,,,['SEATBELT_D_OFF'],new_context_added,no_change,missing vehicle_id or terminal_event_id,,,0
205,454270937,,,[],no_vlm_signal,no_change,missing vehicle_id or terminal_event_id,,,0
116,523822483,,,['SEATBELT_D_OFF'],new_context_added,no_change,missing vehicle_id or terminal_event_id,,,0
417,459618013,,,['v_cam_covered'],new_context_added,no_change,missing vehicle_id or terminal_event_id,,,0
433,464368268,,,[],no_vlm_signal,no_change,missing vehicle_id or terminal_event_id,,,0
323,507302670,,,[],no_vlm_signal,no_change,missing vehicle_id or terminal_event_id,,,0
324,417516308,,,['v_phone'],new_context_added,no_change,missing vehicle_id or terminal_event_id,,,0
166,373272248,,,[],no_vlm_signal,no_change,missing vehicle_id or terminal_event_id,,,0
254,365599055,,,"['SEATBELT_D_OFF', 'v_smoke']",new_context_added,no_change,missing vehicle_id or terminal_event_id,,,0
442,350179842,,,['SEATBELT_D_OFF'],new_context_added,no_change,missing vehicle_id or terminal_event_id,,,0
256,512980905,,,['SEATBELT_D_OFF'],new_context_added,no_change,missing vehicle_id or terminal_event_id,,,0
57,523822483,,,"['SEATBELT_D_OFF', 'v_phone']",new_context_added,no_change,missing vehicle_id or terminal_event_id,,,0
300,467597649,,,"['SEATBELT_D_OFF', 'v_smoke']",new_context_added,no_change,missing vehicle_id or terminal_event_id,,,0
427,523824244,,,['SEATBELT_D_OFF'],new_context_added,no_change,missing vehicle_id or terminal_event_id,,,0
331,464367957,,,"['SEATBELT_D_OFF', 'v_phone', 'v_distraction']",new_context_added,no_change,missing vehicle_id or terminal_event_id,,,0
48,417516308,,,"['v_phone', 'v_distraction']",new_context_added,no_change,missing vehicle_id or terminal_event_id,,,0
370,350179842,,,[],no_vlm_signal,no_change,missing vehicle_id or terminal_event_id,,,0
434,453948326,,,['SEATBELT_D_OFF'],new_context_added,no_change,missing vehicle_id or terminal_event_id,,,0
451,417516308,,,['v_phone'],new_context_added,no_change,missing vehicle_id or terminal_event_id,,,0
167,467597649,,,"['SEATBELT_D_OFF', 'v_phone', 'v_distraction']",new_context_added,no_change,missing vehicle_id or terminal_event_id,,,0
226,388775883,,,['SEATBELT_D_OFF'],new_context_added,no_change,missing vehicle_id or terminal_event_id,,,0
183,452477724,,,['SEATBELT_D_OFF'],new_context_added,no_change,missing vehicle_id or terminal_event_id,,,0
26,523823573,,,"['v_phone', 'v_distraction']",new_context_added,no_change,missing vehicle_id or terminal_event_id,,,0
46,350179842,,,['SEATBELT_D_OFF'],new_context_added,no_change,missing vehicle_id or terminal_event_id,,,0
90,417516308,,,[],no_vlm_signal,no_change,missing vehicle_id or terminal_event_id,,,0
92,464368268,,,['v_distraction'],new_context_added,no_change,missing vehicle_id or terminal_event_id,,,0
341,454260123,,,['SEATBELT_D_OFF'],new_context_added,no_change,missing vehicle_id or terminal_event_id,,,0
47,523821693,,,[],no_vlm_signal,no_change,missing vehicle_id or terminal_event_id,,,0
301,459505768,,,"['SEATBELT_D_OFF', 'v_phone']",new_context_added,no_change,missing vehicle_id or terminal_event_id,,,0
199,523822483,,,"['SEATBELT_D_OFF', 'v_phone', 'v_distraction']",new_context_added,no_change,missing vehicle_id or terminal_event_id,,,0
197,459618013,,,['v_cam_covered'],new_context_added,no_change,missing vehicle_id or terminal_event_id,,,0
444,524596949,,,[],no_vlm_signal,no_change,missing vehicle_id or terminal_event_id,,,0
29,467597649,,,"['SEATBELT_D_OFF', 'v_phone']",new_context_added,no_change,missing vehicle_id or terminal_event_id,,,0
22,417516308,,,[],no_vlm_signal,no_change,missing vehicle_id or terminal_event_id,,,0
200,509637163,,,['SEATBELT_D_OFF'],new_context_added,no_change,missing vehicle_id or terminal_event_id,,,0
409,511879208,,,['SEATBELT_D_OFF'],new_context_added,no_change,missing vehicle_id or terminal_event_id,,,0
311,511468560,,,"['SEATBELT_D_OFF', 'v_distraction']",new_context_added,no_change,missing vehicle_id or terminal_event_id,,,0
418,322619618,,,[],no_vlm_signal,no_change,missing vehicle_id or terminal_event_id,,,0
312,464878170,,,[],no_vlm_signal,no_change,missing vehicle_id or terminal_event_id,,,0
269,523821830,,,"['SEATBELT_D_OFF', 'v_phone']",new_context_added,no_change,missing vehicle_id or terminal_event_id,,,0
60,509637163,,,[],no_vlm_signal,no_change,missing vehicle_id or terminal_event_id,,,0
266,338306241,,,['SEATBELT_D_OFF'],new_context_added,no_change,missing vehicle_id or terminal_event_id,,,0
105,464878170,,,[],no_vlm_signal,no_change,missing vehicle_id or terminal_event_id,,,0
101,511468560,,,['SEATBELT_D_OFF'],new_context_added,no_change,missing vehicle_id or terminal_event_id,,,0
41,317984619,,,[],no_vlm_signal,no_change,missing vehicle_id or terminal_event_id,,,0
268,459618013,,,['v_cam_covered'],new_context_added,no_change,missing vehicle_id or terminal_event_id,,,0
419,459618013,,,['v_cam_covered'],new_context_added,no_change,missing vehicle_id or terminal_event_id,,,0
204,333212161,,,['v_phone'],new_context_added,no_change,missing vehicle_id or terminal_event_id,,,0
361,388775883,,,"['SEATBELT_D_OFF', 'v_phone']",new_context_added,no_change,missing vehicle_id or terminal_event_id,,,0
112,512989545,,,"['SEATBELT_D_OFF', 'v_phone']",new_context_added,no_change,missing vehicle_id or terminal_event_id,,,0
399,464368268,,,"['SEATBELT_D_OFF', 'v_phone', 'v_distraction']",new_context_added,no_change,missing vehicle_id or terminal_event_id,,,0
191,458886154,,,['SEATBELT_D_OFF'],new_context_added,no_change,missing vehicle_id or terminal_event_id,,,0
400,524598261,,,"['SEATBELT_D_OFF', 'v_phone']",new_context_added,no_change,missing vehicle_id or terminal_event_id,,,0
270,512980905,,,['SEATBELT_D_OFF'],new_context_added,no_change,missing vehicle_id or terminal_event_id,,,0
51,523822117,,,['SEATBELT_D_OFF'],new_context_added,no_change,missing vehicle_id or terminal_event_id,,,0
146,523821693,,,"['SEATBELT_D_OFF', 'v_phone']",new_context_added,no_change,missing vehicle_id or terminal_event_id,,,0
117,507271653,,,"['v_phone', 'v_distraction']",new_context_added,no_change,missing vehicle_id or terminal_event_id,,,0
155,459506000,,,[],no_vlm_signal,no_change,missing vehicle_id or terminal_event_id,,,0
147,523823573,,,['v_phone'],new_context_added,no_change,missing vehicle_id or terminal_event_id,,,0
262,523824244,,,['SEATBELT_D_OFF'],new_context_added,no_change,missing vehicle_id or terminal_event_id,,,0
190,513225962,,,[],no_vlm_signal,no_change,missing vehicle_id or terminal_event_id,,,0
228,524598261,,,"['SEATBELT_D_OFF', 'v_phone', 'v_distraction']",new_context_added,no_change,missing vehicle_id or terminal_event_id,,,0
318,523823521,,,"['SEATBELT_D_OFF', 'v_phone']",new_context_added,no_change,missing vehicle_id or terminal_event_id,,,0
236,459506928,,,['v_phone'],new_context_added,no_change,missing vehicle_id or terminal_event_id,,,0
303,464397351,,,['v_distraction'],new_context_added,no_change,missing vehicle_id or terminal_event_id,,,0
237,458181322,,,[],no_vlm_signal,no_change,missing vehicle_id or terminal_event_id,,,0
184,460126455,,,['v_phone'],new_context_added,no_change,missing vehicle_id or terminal_event_id,,,0
169,350179842,,,[],no_vlm_signal,no_change,missing vehicle_id or terminal_event_id,,,0
396,366751690,,,"['v_phone', 'v_distraction']",new_context_added,no_change,missing vehicle_id or terminal_event_id,,,0
158,523823859,,,"['v_phone', 'v_distraction']",new_context_added,no_change,missing vehicle_id or terminal_event_id,,,0
310,523821830,,,"['SEATBELT_D_OFF', 'v_phone', 'v_distraction']",new_context_added,no_change,missing vehicle_id or terminal_event_id,,,0
258,509636001,,,[],no_vlm_signal,no_change,missing vehicle_id or terminal_event_id,,,0
225,511633709,,,['SEATBELT_D_OFF'],new_context_added,no_change,missing vehicle_id or terminal_event_id,,,0
85,509637899,,,"['SEATBELT_D_OFF', 'v_phone', 'v_distraction']",new_context_added,no_change,missing vehicle_id or terminal_event_id,,,0
134,524598614,,,['SEATBELT_D_OFF'],new_context_added,no_change,missing vehicle_id or terminal_event_id,,,0
172,518311941,,,"['v_phone', 'v_distraction']",new_context_added,no_change,missing vehicle_id or terminal_event_id,,,0
135,443657921,,,['SEATBELT_D_OFF'],new_context_added,no_change,missing vehicle_id or terminal_event_id,,,0
397,333212161,,,"['SEATBELT_D_OFF', 'v_phone', 'v_distraction']",new_context_added,no_change,missing vehicle_id or terminal_event_id,,,0
454,464878170,,,[],no_vlm_signal,no_change,missing vehicle_id or terminal_event_id,,,0
77,416296124,,,[],no_vlm_signal,no_change,missing vehicle_id or terminal_event_id,,,0
212,464878170,,,[],no_vlm_signal,no_change,missing vehicle_id or terminal_event_id,,,0
263,523824495,,,['SEATBELT_D_OFF'],new_context_added,no_change,missing vehicle_id or terminal_event_id,,,0
87,509637688,,,[],no_vlm_signal,no_change,missing vehicle_id or terminal_event_id,,,0
86,322641484,,,['SEATBELT_D_OFF'],new_context_added,no_change,missing vehicle_id or terminal_event_id,,,0
58,511879248,,,['SEATBELT_D_OFF'],new_context_added,no_change,missing vehicle_id or terminal_event_id,,,0
188,443413751,,,[],no_vlm_signal,no_change,missing vehicle_id or terminal_event_id,,,0
213,322785930,,,[],no_vlm_signal,no_change,missing vehicle_id or terminal_event_id,,,0
435,459505768,,,[],no_vlm_signal,no_change,missing vehicle_id or terminal_event_id,,,0
59,337268755,,,['SEATBELT_D_OFF'],new_context_added,no_change,missing vehicle_id or terminal_event_id,,,0
140,509637948,,,['SEATBELT_D_OFF'],new_context_added,no_change,missing vehicle_id or terminal_event_id,,,0
283,509637926,,,"['SEATBELT_D_OFF', 'v_phone']",new_context_added,no_change,missing vehicle_id or terminal_event_id,,,0
445,523822483,,,"['SEATBELT_D_OFF', 'v_smoke']",new_context_added,no_change,missing vehicle_id or terminal_event_id,,,0
372,511472023,,,['SEATBELT_D_OFF'],new_context_added,no_change,missing vehicle_id or terminal_event_id,,,0
358,523821771,,,"['SEATBELT_D_OFF', 'v_distraction']",new_context_added,no_change,missing vehicle_id or terminal_event_id,,,0
385,464367957,,,['SEATBELT_D_OFF'],new_context_added,no_change,missing vehicle_id or terminal_event_id,,,0
332,464361907,,,[],no_vlm_signal,no_change,missing vehicle_id or terminal_event_id,,,0
342,523823149,,,['SEATBELT_D_OFF'],new_context_added,no_change,missing vehicle_id or terminal_event_id,,,0
343,524598261,,,"['SEATBELT_D_OFF', 'v_phone']",new_context_added,no_change,missing vehicle_id or terminal_event_id,,,0
420,523823859,,,['v_phone'],new_context_added,no_change,missing vehicle_id or terminal_event_id,,,0
145,322785930,,,[],no_vlm_signal,no_change,missing vehicle_id or terminal_event_id,,,0
168,523822178,,,['SEATBELT_D_OFF'],new_context_added,no_change,missing vehicle_id or terminal_event_id,,,0
317,523823859,,,[],no_vlm_signal,no_change,missing vehicle_id or terminal_event_id,,,0
316,523822178,,,['v_phone'],new_context_added,no_change,missing vehicle_id or terminal_event_id,,,0
273,523823722,,,['v_smoke'],new_context_added,no_change,missing vehicle_id or terminal_event_id,,,0
296,453885405,,,['v_phone'],new_context_added,no_change,missing vehicle_id or terminal_event_id,,,0
354,511633709,,,['v_phone'],new_context_added,no_change,missing vehicle_id or terminal_event_id,,,0
403,409223544,,,['SEATBELT_D_OFF'],new_context_added,no_change,missing vehicle_id or terminal_event_id,,,0
23,377841245,,,['SEATBELT_D_OFF'],new_context_added,no_change,missing vehicle_id or terminal_event_id,,,0
261,507264328,,,['SEATBELT_D_OFF'],new_context_added,no_change,missing vehicle_id or terminal_event_id,,,0
241,511642605,,,[],no_vlm_signal,no_change,missing vehicle_id or terminal_event_id,,,0
355,509637851,,,"['SEATBELT_D_OFF', 'v_phone', 'v_distraction']",new_context_added,no_change,missing vehicle_id or terminal_event_id,,,0
224,366763791,,,[],no_vlm_signal,no_change,missing vehicle_id or terminal_event_id,,,0
297,464368268,,,[],no_vlm_signal,no_change,missing vehicle_id or terminal_event_id,,,0
223,464878170,,,[],no_vlm_signal,no_change,missing vehicle_id or terminal_event_id,,,0
233,511893849,,,['SEATBELT_D_OFF'],new_context_added,no_change,missing vehicle_id or terminal_event_id,,,0
292,229817878,,,['SEATBELT_D_OFF'],new_context_added,no_change,missing vehicle_id or terminal_event_id,,,0
373,511893849,,,"['SEATBELT_D_OFF', 'v_phone']",new_context_added,no_change,missing vehicle_id or terminal_event_id,,,0
390,509637738,,,"['SEATBELT_D_OFF', 'v_phone']",new_context_added,no_change,missing vehicle_id or terminal_event_id,,,0
452,322641484,,,"['SEATBELT_D_OFF', 'v_phone']",new_context_added,no_change,missing vehicle_id or terminal_event_id,,,0
453,459506928,,,[],no_vlm_signal,no_change,missing vehicle_id or terminal_event_id,,,0
96,464367957,,,"['SEATBELT_D_OFF', 'v_phone']",new_context_added,no_change,missing vehicle_id or terminal_event_id,,,0
298,322784039,,,[],no_vlm_signal,no_change,missing vehicle_id or terminal_event_id,,,0
257,511465936,,,[],no_vlm_signal,no_change,missing vehicle_id or terminal_event_id,,,0
164,464878170,,,[],no_vlm_signal,no_change,missing vehicle_id or terminal_event_id,,,0
88,443733464,,,[],no_vlm_signal,no_change,missing vehicle_id or terminal_event_id,,,0
299,443733464,,,[],no_vlm_signal,no_change,missing vehicle_id or terminal_event_id,,,0
421,365599055,,,"['SEATBELT_D_OFF', 'v_phone']",new_context_added,no_change,missing vehicle_id or terminal_event_id,,,0
157,443668611,,,[],no_vlm_signal,no_change,missing vehicle_id or terminal_event_id,,,0
6,458891357,,,"['SEATBELT_D_OFF', 'v_phone', 'v_distraction']",new_context_added,no_change,missing vehicle_id or terminal_event_id,,,0
405,513234561,,,[],no_vlm_signal,no_change,missing vehicle_id or terminal_event_id,,,0
377,509637769,,,['v_phone'],new_context_added,no_change,missing vehicle_id or terminal_event_id,,,0
415,322785930,,,['SEATBELT_D_OFF'],new_context_added,no_change,missing vehicle_id or terminal_event_id,,,0
219,518312835,,,['SEATBELT_D_OFF'],new_context_added,no_change,missing vehicle_id or terminal_event_id,,,0
245,511893849,,,['SEATBELT_D_OFF'],new_context_added,no_change,missing vehicle_id or terminal_event_id,,,0
290,524596949,,,[],no_vlm_signal,no_change,missing vehicle_id or terminal_event_id,,,0
119,453885405,,,['SEATBELT_D_OFF'],new_context_added,no_change,missing vehicle_id or terminal_event_id,,,0
4,453885405,,,"['SEATBELT_D_OFF', 'v_phone']",new_context_added,no_change,missing vehicle_id or terminal_event_id,,,0
202,513234561,,,[],no_vlm_signal,no_change,missing vehicle_id or terminal_event_id,,,0
335,459506000,,,[],no_vlm_signal,no_change,missing vehicle_id or terminal_event_id,,,0
235,509637769,,,"['SEATBELT_D_OFF', 'v_phone']",new_context_added,no_change,missing vehicle_id or terminal_event_id,,,0
406,365670886,,,[],no_vlm_signal,no_change,missing vehicle_id or terminal_event_id,,,0
239,322641484,,,[],no_vlm_signal,no_change,missing vehicle_id or terminal_event_id,,,0
142,518311941,,,[],no_vlm_signal,no_change,missing vehicle_id or terminal_event_id,,,0
357,454535057,,,[],no_vlm_signal,no_change,missing vehicle_id or terminal_event_id,,,0
65,452453885,,,['SEATBELT_D_OFF'],new_context_added,no_change,missing vehicle_id or terminal_event_id,,,0
170,422008670,,,[],no_vlm_signal,no_change,missing vehicle_id or terminal_event_id,,,0
349,509637652,,,[],no_vlm_signal,no_change,missing vehicle_id or terminal_event_id,,,0
383,459618013,,,['v_cam_covered'],new_context_added,no_change,missing vehicle_id or terminal_event_id,,,0
339,509636001,,,[],no_vlm_signal,no_change,missing vehicle_id or terminal_event_id,,,0
123,524598261,,,[],no_vlm_signal,no_change,missing vehicle_id or terminal_event_id,,,0
124,511879208,,,"['SEATBELT_D_OFF', 'v_phone', 'v_distraction']",new_context_added,no_change,missing vehicle_id or terminal_event_id,,,0
17,422008670,,,[],no_vlm_signal,no_change,missing vehicle_id or terminal_event_id,,,0
229,429576946,,,['v_phone'],new_context_added,no_change,missing vehicle_id or terminal_event_id,,,0
16,333584733,,,[],no_vlm_signal,no_change,missing vehicle_id or terminal_event_id,,,0
439,511466682,,,[],no_vlm_signal,no_change,missing vehicle_id or terminal_event_id,,,0
138,523822178,,,['SEATBELT_D_OFF'],new_context_added,no_change,missing vehicle_id or terminal_event_id,,,0
53,512994171,,,"['SEATBELT_D_OFF', 'v_phone', 'v_distraction']",new_context_added,no_change,missing vehicle_id or terminal_event_id,,,0
50,512994171,,,"['v_phone', 'v_distraction']",new_context_added,no_change,missing vehicle_id or terminal_event_id,,,0
49,229817878,,,['SEATBELT_D_OFF'],new_context_added,no_change,missing vehicle_id or terminal_event_id,,,0
39,523823573,,,['v_phone'],new_context_added,no_change,missing vehicle_id or terminal_event_id,,,0
137,524596949,,,[],no_vlm_signal,no_change,missing vehicle_id or terminal_event_id,,,0
393,512980905,,,['SEATBELT_D_OFF'],new_context_added,no_change,missing vehicle_id or terminal_event_id,,,0
281,524598614,,,['SEATBELT_D_OFF'],new_context_added,no_change,missing vehicle_id or terminal_event_id,,,0
109,322785930,,,"['v_phone', 'v_distraction']",new_context_added,no_change,missing vehicle_id or terminal_event_id,,,0
102,365598486,,,"['SEATBELT_D_OFF', 'v_phone']",new_context_added,no_change,missing vehicle_id or terminal_event_id,,,0
388,467597649,,,[],no_vlm_signal,no_change,missing vehicle_id or terminal_event_id,,,0
99,524598261,,,['SEATBELT_D_OFF'],new_context_added,no_change,missing vehicle_id or terminal_event_id,,,0
218,509637948,,,"['SEATBELT_D_OFF', 'v_phone']",new_context_added,no_change,missing vehicle_id or terminal_event_id,,,0
89,417516308,,,['v_phone'],new_context_added,no_change,missing vehicle_id or terminal_event_id,,,0
2,415734364,,,[],no_vlm_signal,no_change,missing vehicle_id or terminal_event_id,,,0
139,507302670,,,[],no_vlm_signal,no_change,missing vehicle_id or terminal_event_id,,,0
56,459506000,,,"['SEATBELT_D_OFF', 'v_smoke']",new_context_added,no_change,missing vehicle_id or terminal_event_id,,,0
353,523821771,,,"['SEATBELT_D_OFF', 'v_phone', 'v_distraction']",new_context_added,no_change,missing vehicle_id or terminal_event_id,,,0
82,459618013,,,['v_cam_covered'],new_context_added,no_change,missing vehicle_id or terminal_event_id,,,0
34,509637851,,,[],no_vlm_signal,no_change,missing vehicle_id or terminal_event_id,,,0
83,443385724,,,['SEATBELT_D_OFF'],new_context_added,no_change,missing vehicle_id or terminal_event_id,,,0
379,459618013,,,['v_cam_covered'],new_context_added,no_change,missing vehicle_id or terminal_event_id,,,0
45,317984619,,,[],no_vlm_signal,no_change,missing vehicle_id or terminal_event_id,,,0
211,464868635,,,['SEATBELT_D_OFF'],new_context_added,no_change,missing vehicle_id or terminal_event_id,,,0
114,511642605,,,[],no_vlm_signal,no_change,missing vehicle_id or terminal_event_id,,,0
392,443668611,,,[],no_vlm_signal,no_change,missing vehicle_id or terminal_event_id,,,0
402,333585410,,,"['SEATBELT_D_OFF', 'v_distraction']",new_context_added,no_change,missing vehicle_id or terminal_event_id,,,0
391,509637948,,,[],no_vlm_signal,no_change,missing vehicle_id or terminal_event_id,,,0
367,459506000,,,['SEATBELT_D_OFF'],new_context_added,no_change,missing vehicle_id or terminal_event_id,,,0
201,443744270,,,['v_phone'],new_context_added,no_change,missing vehicle_id or terminal_event_id,,,0
185,409223544,,,['SEATBELT_D_OFF'],new_context_added,no_change,missing vehicle_id or terminal_event_id,,,0
198,459506928,,,[],no_vlm_signal,no_change,missing vehicle_id or terminal_event_id,,,0
424,511461222,,,['v_phone'],new_context_added,no_change,missing vehicle_id or terminal_event_id,,,0
25,417516308,,,[],no_vlm_signal,no_change,missing vehicle_id or terminal_event_id,,,0
426,523822248,,,['SEATBELT_D_OFF'],new_context_added,no_change,missing vehicle_id or terminal_event_id,,,0
159,524598614,,,"['SEATBELT_D_OFF', 'v_phone']",new_context_added,no_change,missing vehicle_id or terminal_event_id,,,0
192,509637769,,,[],no_vlm_signal,no_change,missing vehicle_id or terminal_event_id,,,0
84,460126729,,,['v_distraction'],new_context_added,no_change,missing vehicle_id or terminal_event_id,,,0
389,523822178,,,['SEATBELT_D_OFF'],new_context_added,no_change,missing vehicle_id or terminal_event_id,,,0
180,417516308,,,[],no_vlm_signal,no_change,missing vehicle_id or terminal_event_id,,,0
24,411962094,,,[],no_vlm_signal,no_change,missing vehicle_id or terminal_event_id,,,0
148,523823521,,,[],no_vlm_signal,no_change,missing vehicle_id or terminal_event_id,,,0
156,443717449,,,['SEATBELT_D_OFF'],new_context_added,no_change,missing vehicle_id or terminal_event_id,,,0
244,312741040,,,['v_phone'],new_context_added,no_change,missing vehicle_id or terminal_event_id,,,0
337,460126901,,,['SEATBELT_D_OFF'],new_context_added,no_change,missing vehicle_id or terminal_event_id,,,0
175,509637621,,,['SEATBELT_D_OFF'],new_context_added,no_change,missing vehicle_id or terminal_event_id,,,0
249,523821771,,,[],no_vlm_signal,no_change,missing vehicle_id or terminal_event_id,,,0
251,509637738,,,[],no_vlm_signal,no_change,missing vehicle_id or terminal_event_id,,,0
350,456979367,,,['SEATBELT_D_OFF'],new_context_added,no_change,missing vehicle_id or terminal_event_id,,,0
253,459503546,,,['v_phone'],new_context_added,no_change,missing vehicle_id or terminal_event_id,,,0
414,509637553,,,['SEATBELT_D_OFF'],new_context_added,no_change,missing vehicle_id or terminal_event_id,,,0
271,459618013,,,['v_cam_covered'],new_context_added,no_change,missing vehicle_id or terminal_event_id,,,0
121,523822178,,,['v_cam_covered'],new_context_added,no_change,missing vehicle_id or terminal_event_id,,,0
438,523824244,,,['SEATBELT_D_OFF'],new_context_added,no_change,missing vehicle_id or terminal_event_id,,,0
382,317984514,,,['SEATBELT_D_OFF'],new_context_added,no_change,missing vehicle_id or terminal_event_id,,,0
366,322641484,,,"['SEATBELT_D_OFF', 'v_phone', 'v_distraction']",new_context_added,no_change,missing vehicle_id or terminal_event_id,,,0
440,523822483,,,"['v_phone', 'v_distraction']",new_context_added,no_change,missing vehicle_id or terminal_event_id,,,0
384,459506928,,,[],no_vlm_signal,no_change,missing vehicle_id or terminal_event_id,,,0
437,511642605,,,[],no_vlm_signal,no_change,missing vehicle_id or terminal_event_id,,,0
141,334154315,,,['SEATBELT_D_OFF'],new_context_added,no_change,missing vehicle_id or terminal_event_id,,,0
126,365321388,,,[],no_vlm_signal,no_change,missing vehicle_id or terminal_event_id,,,0
154,523822483,,,[],no_vlm_signal,no_change,missing vehicle_id or terminal_event_id,,,0
410,523821771,,,['v_phone'],new_context_added,no_change,missing vehicle_id or terminal_event_id,,,0
275,335116387,,,"['v_phone', 'v_distraction']",new_context_added,no_change,missing vehicle_id or terminal_event_id,,,0
347,509637652,,,[],no_vlm_signal,no_change,missing vehicle_id or terminal_event_id,,,0
329,443668611,,,[],no_vlm_signal,no_change,missing vehicle_id or terminal_event_id,,,0
345,524596949,,,[],no_vlm_signal,no_change,missing vehicle_id or terminal_event_id,,,0
356,509637286,,,[],no_vlm_signal,no_change,missing vehicle_id or terminal_event_id,,,0
182,509637286,,,[],no_vlm_signal,no_change,missing vehicle_id or terminal_event_id,,,0
206,523824244,,,[],no_vlm_signal,no_change,missing vehicle_id or terminal_event_id,,,0
177,509636557,,,[],no_vlm_signal,no_change,missing vehicle_id or terminal_event_id,,,0
203,523823149,,,['SEATBELT_D_OFF'],new_context_added,no_change,missing vehicle_id or terminal_event_id,,,0
21,523822248,,,['SEATBELT_D_OFF'],new_context_added,no_change,missing vehicle_id or terminal_event_id,,,0
428,365321388,,,[],no_vlm_signal,no_change,missing vehicle_id or terminal_event_id,,,0
127,518311941,,,[],no_vlm_signal,no_change,missing vehicle_id or terminal_event_id,,,0
334,456979367,,,['SEATBELT_D_OFF'],new_context_added,no_change,missing vehicle_id or terminal_event_id,,,0
362,443668611,,,[],no_vlm_signal,no_change,missing vehicle_id or terminal_event_id,,,0
153,523824244,,,"['SEATBELT_D_OFF', 'v_phone', 'v_distraction']",new_context_added,no_change,missing vehicle_id or terminal_event_id,,,0
302,464368268,,,['v_phone'],new_context_added,no_change,missing vehicle_id or terminal_event_id,,,0
129,524598614,,,['SEATBELT_D_OFF'],new_context_added,no_change,missing vehicle_id or terminal_event_id,,,0
429,511465936,,,[],no_vlm_signal,no_change,missing vehicle_id or terminal_event_id,,,0
78,509637397,,,"['SEATBELT_D_OFF', 'v_phone']",new_context_added,no_change,missing vehicle_id or terminal_event_id,,,0
66,464367957,,,[],no_vlm_signal,no_change,missing vehicle_id or terminal_event_id,,,0
260,459506000,,,['SEATBELT_D_OFF'],new_context_added,no_change,missing vehicle_id or terminal_event_id,,,0
304,507302529,,,[],no_vlm_signal,no_change,missing vehicle_id or terminal_event_id,,,0
44,511471809,,,"['SEATBELT_D_OFF', 'v_smoke']",new_context_added,no_change,missing vehicle_id or terminal_event_id,,,0
227,333584733,,,['v_phone'],new_context_added,no_change,missing vehicle_id or terminal_event_id,,,0
259,312741040,,,"['SEATBELT_D_OFF', 'v_phone', 'v_distraction']",new_context_added,no_change,missing vehicle_id or terminal_event_id,,,0
322,454270937,,,"['v_phone', 'v_distraction']",new_context_added,no_change,missing vehicle_id or terminal_event_id,,,0
238,509637948,,,['SEATBELT_D_OFF'],new_context_added,no_change,missing vehicle_id or terminal_event_id,,,0
118,365598883,,,"['v_phone', 'v_distraction']",new_context_added,no_change,missing vehicle_id or terminal_event_id,,,0
186,333584194,,,['SEATBELT_D_OFF'],new_context_added,no_change,missing vehicle_id or terminal_event_id,,,0
217,523822483,,,[],no_vlm_signal,no_change,missing vehicle_id or terminal_event_id,,,0
103,518312065,,,[],no_vlm_signal,no_change,missing vehicle_id or terminal_event_id,,,0
151,453885405,,,[],no_vlm_signal,no_change,missing vehicle_id or terminal_event_id,,,0
28,416296124,,,[],no_vlm_signal,no_change,missing vehicle_id or terminal_event_id,,,0
313,417516308,,,"['v_phone', 'v_distraction']",new_context_added,no_change,missing vehicle_id or terminal_event_id,,,0
150,333585410,,,['SEATBELT_D_OFF'],new_context_added,no_change,missing vehicle_id or terminal_event_id,,,0
386,523821693,,,['v_phone'],new_context_added,no_change,missing vehicle_id or terminal_event_id,,,0
446,509637851,,,['SEATBELT_D_OFF'],new_context_added,no_change,missing vehicle_id or terminal_event_id,,,0
19,524598261,,,"['SEATBELT_D_OFF', 'v_phone', 'v_distraction']",new_context_added,no_change,missing vehicle_id or terminal_event_id,,,0
9,425968651,,,[],no_vlm_signal,no_change,missing vehicle_id or terminal_event_id,,,0
104,523823521,,,['v_phone'],new_context_added,no_change,missing vehicle_id or terminal_event_id,,,0
315,507451763,,,[],no_vlm_signal,no_change,missing vehicle_id or terminal_event_id,,,0
162,509637769,,,[],no_vlm_signal,no_change,missing vehicle_id or terminal_event_id,,,0
209,464878170,,,[],no_vlm_signal,no_change,missing vehicle_id or terminal_event_id,,,0
380,523824244,,,['SEATBELT_D_OFF'],new_context_added,no_change,missing vehicle_id or terminal_event_id,,,0
176,312741040,,,"['SEATBELT_D_OFF', 'v_phone']",new_context_added,no_change,missing vehicle_id or terminal_event_id,,,0
407,511472466,,,[],no_vlm_signal,no_change,missing vehicle_id or terminal_event_id,,,0
20,365599055,,,['SEATBELT_D_OFF'],new_context_added,no_change,missing vehicle_id or terminal_event_id,,,0
376,523823149,,,[],no_vlm_signal,no_change,missing vehicle_id or terminal_event_id,,,0
423,366751690,,,"['v_phone', 'v_distraction']",new_context_added,no_change,missing vehicle_id or terminal_event_id,,,0
371,464367957,,,['v_phone'],new_context_added,no_change,missing vehicle_id or terminal_event_id,,,0
374,464368268,,,[],new_context_added,no_change,missing vehicle_id or terminal_event_id,,,0
173,464368268,,,"['SEATBELT_D_OFF', 'v_phone']",new_context_added,no_change,missing vehicle_id or terminal_event_id,,,0
130,464397351,,,[],no_vlm_signal,no_change,missing vehicle_id or terminal_event_id,,,0
455,523821830,,,"['SEATBELT_D_OFF', 'v_phone', 'v_distraction']",new_context_added,no_change,missing vehicle_id or terminal_event_id,,,0
456,304246535,,,[],no_vlm_signal,no_change,missing vehicle_id or terminal_event_id,,,0
436,467597649,,,"['SEATBELT_D_OFF', 'v_distraction', 'v_smoke']",new_context_added,no_change,missing vehicle_id or terminal_event_id,,,0
305,523822483,,,['SEATBELT_D_OFF'],new_context_added,no_change,missing vehicle_id or terminal_event_id,,,0
11,523821693,,,[],no_vlm_signal,no_change,missing vehicle_id or terminal_event_id,,,0
12,454535057,,,[],no_vlm_signal,no_change,missing vehicle_id or terminal_event_id,,,0
13,453885405,,,[],no_vlm_signal,no_change,missing vehicle_id or terminal_event_id,,,0
14,518867282,,,[],no_vlm_signal,no_change,missing vehicle_id or terminal_event_id,,,0
207,312741040,,,[],new_context_added,no_change,missing vehicle_id or terminal_event_id,,,0
208,333545827,,,"['SEATBELT_D_OFF', 'v_phone']",new_context_added,no_change,missing vehicle_id or terminal_event_id,,,0
346,511468560,,,[],no_vlm_signal,no_change,missing vehicle_id or terminal_event_id,,,0
62,452453885,,,[],no_vlm_signal,no_change,missing vehicle_id or terminal_event_id,,,0
365,509637769,,,"['SEATBELT_D_OFF', 'v_phone']",new_context_added,no_change,missing vehicle_id or terminal_event_id,,,0
363,524598261,,,"['SEATBELT_D_OFF', 'v_phone']",new_context_added,no_change,missing vehicle_id or terminal_event_id,,,0
143,509637621,,,['SEATBELT_D_OFF'],new_context_added,no_change,missing vehicle_id or terminal_event_id,,,0
7,511471809,,,['SEATBELT_D_OFF'],new_context_added,no_change,missing vehicle_id or terminal_event_id,,,0
279,511879248,,,['SEATBELT_D_OFF'],new_context_added,no_change,missing vehicle_id or terminal_event_id,,,0
307,365598883,,,[],no_vlm_signal,no_change,missing vehicle_id or terminal_event_id,,,0
308,454535057,,,['v_phone'],new_context_added,no_change,missing vehicle_id or terminal_event_id,,,0
149,524598261,,,['SEATBELT_D_OFF'],new_context_added,no_change,missing vehicle_id or terminal_event_id,,,0
314,511893849,,,['SEATBELT_D_OFF'],new_context_added,no_change,missing vehicle_id or terminal_event_id,,,0
160,333585410,,,['SEATBELT_D_OFF'],new_context_added,no_change,missing vehicle_id or terminal_event_id,,,0
344,523823149,,,['SEATBELT_D_OFF'],new_context_added,no_change,missing vehicle_id or terminal_event_id,,,0
81,434846817,,,"['SEATBELT_D_OFF', 'v_phone', 'v_distraction']",new_context_added,no_change,missing vehicle_id or terminal_event_id,,,0
309,507451763,,,[],no_vlm_signal,no_change,missing vehicle_id or terminal_event_id,,,0
255,507264328,,,[],no_vlm_signal,no_change,missing vehicle_id or terminal_event_id,,,0
70,429536893,,,"['SEATBELT_D_OFF', 'v_phone', 'v_distraction']",new_context_added,no_change,missing vehicle_id or terminal_event_id,,,0
38,229817878,,,['SEATBELT_D_OFF'],new_context_added,no_change,missing vehicle_id or terminal_event_id,,,0
69,511461222,,,"['v_phone', 'v_distraction']",new_context_added,no_change,missing vehicle_id or terminal_event_id,,,0
80,509637769,,,['v_phone'],new_context_added,no_change,missing vehicle_id or terminal_event_id,,,0
3,336854753,,,['SEATBELT_D_OFF'],new_context_added,no_change,missing vehicle_id or terminal_event_id,,,0
161,511879248,,,['SEATBELT_D_OFF'],new_context_added,no_change,missing vehicle_id or terminal_event_id,,,0
248,509636042,,,[],no_vlm_signal,no_change,missing vehicle_id or terminal_event_id,,,0
187,464368268,,,[],no_vlm_signal,no_change,missing vehicle_id or terminal_event_id,,,0
278,523823859,,,"['SEATBELT_D_OFF', 'v_phone']",new_context_added,no_change,missing vehicle_id or terminal_event_id,,,0
336,322641484,,,[],no_vlm_signal,no_change,missing vehicle_id or terminal_event_id,,,0
179,523821693,,,['v_phone'],new_context_added,no_change,missing vehicle_id or terminal_event_id,,,0
113,453885405,,,[],no_vlm_signal,no_change,missing vehicle_id or terminal_event_id,,,0
30,509637286,,,[],no_vlm_signal,no_change,missing vehicle_id or terminal_event_id,,,0
265,459618013,,,['v_cam_covered'],new_context_added,no_change,missing vehicle_id or terminal_event_id,,,0
306,453948326,,,['SEATBELT_D_OFF'],new_context_added,no_change,missing vehicle_id or terminal_event_id,,,0
285,366763791,,,['SEATBELT_D_OFF'],new_context_added,no_change,missing vehicle_id or terminal_event_id,,,0
125,523821830,,,[],no_vlm_signal,no_change,missing vehicle_id or terminal_event_id,,,0
75,523822483,,,['SEATBELT_D_OFF'],new_context_added,no_change,missing vehicle_id or terminal_event_id,,,0
181,333212161,,,['v_phone'],new_context_added,no_change,missing vehicle_id or terminal_event_id,,,0
333,511472466,,,[],no_vlm_signal,no_change,missing vehicle_id or terminal_event_id,,,0
91,523822178,,,[],no_vlm_signal,no_change,missing vehicle_id or terminal_event_id,,,0
68,454260123,,,['SEATBELT_D_OFF'],new_context_added,no_change,missing vehicle_id or terminal_event_id,,,0
67,459618013,,,['v_cam_covered'],new_context_added,no_change,missing vehicle_id or terminal_event_id,,,0
267,417516308,,,['SEATBELT_D_OFF'],new_context_added,no_change,missing vehicle_id or terminal_event_id,,,0
293,512982665,,,['SEATBELT_D_OFF'],new_context_added,no_change,missing vehicle_id or terminal_event_id,,,0
132,322784039,,,[],no_vlm_signal,no_change,missing vehicle_id or terminal_event_id,,,0
294,511465936,,,['SEATBELT_D_OFF'],new_context_added,no_change,missing vehicle_id or terminal_event_id,,,0
348,334148753,,,[],no_vlm_signal,no_change,missing vehicle_id or terminal_event_id,,,0
394,523823573,,,[],no_vlm_signal,no_change,missing vehicle_id or terminal_event_id,,,0
107,509637948,,,[],no_vlm_signal,no_change,missing vehicle_id or terminal_event_id,,,0
1,523821693,,,['v_phone'],new_context_added,no_change,missing vehicle_id or terminal_event_id,,,0
108,511461222,,,['v_phone'],new_context_added,no_change,missing vehicle_id or terminal_event_id,,,0
378,464868635,,,[],no_vlm_signal,no_change,missing vehicle_id or terminal_event_id,,,0
214,459506000,,,"['SEATBELT_D_OFF', 'v_phone', 'v_distraction']",new_context_added,no_change,missing vehicle_id or terminal_event_id,,,0
171,509637851,,,['SEATBELT_D_OFF'],new_context_added,no_change,missing vehicle_id or terminal_event_id,,,0
122,524598261,,,[],no_vlm_signal,no_change,missing vehicle_id or terminal_event_id,,,0
352,509637851,,,['SEATBELT_D_OFF'],new_context_added,no_change,missing vehicle_id or terminal_event_id,,,0
381,453948326,,,[],no_vlm_signal,no_change,missing vehicle_id or terminal_event_id,,,0
144,443733464,,,['v_phone'],new_context_added,no_change,missing vehicle_id or terminal_event_id,,,0
37,365670886,,,[],no_vlm_signal,no_change,missing vehicle_id or terminal_event_id,,,0
330,509637738,,,"['SEATBELT_D_OFF', 'v_phone']",new_context_added,no_change,missing vehicle_id or terminal_event_id,,,0
387,513225962,,,[],no_vlm_signal,no_change,missing vehicle_id or terminal_event_id,,,0
120,365670886,,,[],no_vlm_signal,no_change,missing vehicle_id or terminal_event_id,,,0
242,453948326,,,['SEATBELT_D_OFF'],new_context_added,no_change,missing vehicle_id or terminal_event_id,,,0
98,459506928,,,[],no_vlm_signal,no_change,missing vehicle_id or terminal_event_id,,,0
364,333212161,,,['SEATBELT_D_OFF'],new_context_added,no_change,missing vehicle_id or terminal_event_id,,,0
27,523821771,,,['v_phone'],new_context_added,no_change,missing vehicle_id or terminal_event_id,,,0
295,513225962,,,"['v_phone', 'v_distraction']",new_context_added,no_change,missing vehicle_id or terminal_event_id,,,0
359,333585410,,,['SEATBELT_D_OFF'],new_context_added,no_change,missing vehicle_id or terminal_event_id,,,0
32,513234561,,,"['SEATBELT_D_OFF', 'v_phone', 'v_distraction']",new_context_added,no_change,missing vehicle_id or terminal_event_id,,,0
232,511506200,,,['SEATBELT_D_OFF'],new_context_added,no_change,missing vehicle_id or terminal_event_id,,,0
231,333212161,,,['v_phone'],new_context_added,no_change,missing vehicle_id or terminal_event_id,,,0
94,333212161,,,['v_phone'],new_context_added,no_change,missing vehicle_id or terminal_event_id,,,0
408,458748209,,,"['SEATBELT_D_OFF', 'v_phone', 'v_distraction']",new_context_added,no_change,missing vehicle_id or terminal_event_id,,,0
230,365321388,,,[],no_vlm_signal,no_change,missing vehicle_id or terminal_event_id,,,0
319,460126729,,,[],no_vlm_signal,no_change,missing vehicle_id or terminal_event_id,,,0
272,454270937,,,[],no_vlm_signal,no_change,missing vehicle_id or terminal_event_id,,,0
243,312741040,,,['SEATBELT_D_OFF'],new_context_added,no_change,missing vehicle_id or terminal_event_id,,,0
340,458886154,,,"['SEATBELT_D_OFF', 'v_phone']",new_context_added,no_change,missing vehicle_id or terminal_event_id,,,0
431,458891357,,,[],no_vlm_signal,no_change,missing vehicle_id or terminal_event_id,,,0
55,512994171,,,[],no_vlm_signal,no_change,missing vehicle_id or terminal_event_id,,,0
430,509636042,,,[],no_vlm_signal,no_change,missing vehicle_id or terminal_event_id,,,0
264,459505768,,,"['SEATBELT_D_OFF', 'v_smoke']",new_context_added,no_change,missing vehicle_id or terminal_event_id,,,0
18,436759512,,,[],no_vlm_signal,no_change,missing vehicle_id or terminal_event_id,,,0
326,513225962,,,[],no_vlm_signal,no_change,missing vehicle_id or terminal_event_id,,,0
457,337317457,6745181974016416739,v_yawn,[],not_confirmed,removed,"original event not confirmed by VLM, so it was removed",v_yawn,,1
458,322641996,4882303786189776849,v_yawn,"['SEATBELT_D_OFF', 'v_phone']",contradicted,removed,VLM contradicted original telematics event — original removed,v_yawn,,1
458,322641996,4882303786189776849,v_yawn,"['SEATBELT_D_OFF', 'v_phone']",contradicted,added,VLM contradicted original — replacement VLM event added,,SEATBELT_D_OFF,1
458,322641996,4882303786189776849,v_yawn,"['SEATBELT_D_OFF', 'v_phone']",contradicted,added,VLM contradicted original — replacement VLM event added,,v_phone,1
459,322641996,4882303786189776801,v_distraction,[],not_confirmed,removed,"original event not confirmed by VLM, so it was removed",v_distraction,,1
460,322641996,4882303786189776743,v_yawn,[],not_confirmed,removed,"original event not confirmed by VLM, so it was removed",v_yawn,,1
461,507302529,4882303786188665650,v_distraction,[],not_confirmed,removed,"original event not confirmed by VLM, so it was removed",v_distraction,,1
462,507302529,4882303786188604330,v_distraction,[],not_confirmed,removed,"original event not confirmed by VLM, so it was removed",v_distraction,,1
463,507302529,4882303786188540141,v_eye_closed,['v_fatigue'],refined,added,refined added extra VLM context,,v_fatigue,1
464,507302529,4882303786188508683,v_distraction,[],not_confirmed,removed,"original event not confirmed by VLM, so it was removed",v_distraction,,1
465,507302529,4882303786188394458,v_phone,['v_phone'],confirmed,no_change,"original event stayed, no extra VLM event needed",,,0
466,365599055,4882303786187752362,v_eye_closed,['v_fatigue'],refined,added,refined added extra VLM context,,v_fatigue,1
467,365599055,4882303786187567460,v_distraction,[],no_vlm_signal,no_change,VLM produced no usable event,,,0
468,523824244,4882303786187551620,v_distraction,['SEATBELT_D_OFF'],contradicted,removed,VLM contradicted original telematics event — original removed,v_distraction,,1
468,523824244,4882303786187551620,v_distraction,['SEATBELT_D_OFF'],contradicted,added,VLM contradicted original — replacement VLM event added,,SEATBELT_D_OFF,1
469,523824244,4882303786187465963,v_eye_closed,"['SEATBELT_D_OFF', 'v_phone']",contradicted,removed,VLM contradicted original telematics event — original removed,v_eye_closed,,1
469,523824244,4882303786187465963,v_eye_closed,"['SEATBELT_D_OFF', 'v_phone']",contradicted,added,VLM contradicted original — replacement VLM event added,,SEATBELT_D_OFF,1
469,523824244,4882303786187465963,v_eye_closed,"['SEATBELT_D_OFF', 'v_phone']",contradicted,added,VLM contradicted original — replacement VLM event added,,v_phone,1
470,523824244,4882303786187364865,v_yawn,[],not_confirmed,removed,"original event not confirmed by VLM, so it was removed",v_yawn,,1
471,437380121,4882303786187124510,v_smoke,[],confirmed,no_change,"original event stayed, no extra VLM event needed",,,0
472,437380121,4882303786187085526,v_distraction,[],not_confirmed,removed,"original event not confirmed by VLM, so it was removed",v_distraction,,1
473,429536893,4882303786186942104,v_phone,['v_phone'],confirmed,no_change,"original event stayed, no extra VLM event needed",,,0
474,523824244,4882303786186903307,v_eye_closed,"['SEATBELT_D_OFF', 'v_phone']",contradicted,removed,VLM contradicted original telematics event — original removed,v_eye_closed,,1
474,523824244,4882303786186903307,v_eye_closed,"['SEATBELT_D_OFF', 'v_phone']",contradicted,added,VLM contradicted original — replacement VLM event added,,SEATBELT_D_OFF,1
474,523824244,4882303786186903307,v_eye_closed,"['SEATBELT_D_OFF', 'v_phone']",contradicted,added,VLM contradicted original — replacement VLM event added,,v_phone,1
475,523824244,4882303786186826977,v_phone,"['SEATBELT_D_OFF', 'v_phone']",refined,added,refined added extra VLM context,,SEATBELT_D_OFF,1
476,523824244,4882303786186821633,v_phone,"['SEATBELT_D_OFF', 'v_phone']",refined,added,refined added extra VLM context,,SEATBELT_D_OFF,1
477,322641996,4882303786186770197,v_distraction,[],not_confirmed,removed,"original event not confirmed by VLM, so it was removed",v_distraction,,1
478,322641996,4882303786186662852,v_distraction,[],not_confirmed,removed,"original event not confirmed by VLM, so it was removed",v_distraction,,1
479,322641996,4882303786186637322,v_distraction,[],not_confirmed,removed,"original event not confirmed by VLM, so it was removed",v_distraction,,1
480,322641996,4882303786186637319,v_yawn,['v_fatigue'],refined,added,refined added extra VLM context,,v_fatigue,1
481,322641996,4882303786186637232,v_yawn,[],not_confirmed,removed,"original event not confirmed by VLM, so it was removed",v_yawn,,1
482,322641996,4882303786186637198,v_distraction,[],not_confirmed,removed,"original event not confirmed by VLM, so it was removed",v_distraction,,1
483,459505113,4882303786186620521,v_eye_closed,"['SEATBELT_D_OFF', 'v_fatigue']",refined,added,refined added extra VLM context,,SEATBELT_D_OFF,1
483,459505113,4882303786186620521,v_eye_closed,"['SEATBELT_D_OFF', 'v_fatigue']",refined,added,refined added extra VLM context,,v_fatigue,1
484,459505113,4882303786186609774,v_distraction,['SEATBELT_D_OFF'],contradicted,removed,VLM contradicted original telematics event — original removed,v_distraction,,1
484,459505113,4882303786186609774,v_distraction,['SEATBELT_D_OFF'],contradicted,added,VLM contradicted original — replacement VLM event added,,SEATBELT_D_OFF,1
485,507302529,4882303786186604293,v_distraction,[],not_confirmed,removed,"original event not confirmed by VLM, so it was removed",v_distraction,,1
486,507302529,4882303786186593272,v_phone,[],not_confirmed,removed,"original event not confirmed by VLM, so it was removed",v_phone,,1
487,507302529,4882303786186593264,v_eye_closed,[],not_confirmed,removed,"original event not confirmed by VLM, so it was removed",v_eye_closed,,1
488,366751690,4882303786186581099,v_phone,"['SEATBELT_D_OFF', 'v_phone']",refined,added,refined added extra VLM context,,SEATBELT_D_OFF,1
489,459505113,4882303786186507875,v_distraction,[],not_confirmed,removed,"original event not confirmed by VLM, so it was removed",v_distraction,,1
490,459505113,4882303786186507853,v_eye_closed,[],not_confirmed,removed,"original event not confirmed by VLM, so it was removed",v_eye_closed,,1
491,437380121,4882303786186397995,v_distraction,[],not_confirmed,removed,"original event not confirmed by VLM, so it was removed",v_distraction,,1
492,507302529,4882303786186294000,v_phone,[],not_confirmed,removed,"original event not confirmed by VLM, so it was removed",v_phone,,1
493,366751690,4882303786186286342,v_eye_closed,['SEATBELT_D_OFF'],contradicted,removed,VLM contradicted original telematics event — original removed,v_eye_closed,,1
493,366751690,4882303786186286342,v_eye_closed,['SEATBELT_D_OFF'],contradicted,added,VLM contradicted original — replacement VLM event added,,SEATBELT_D_OFF,1
494,365599055,4882303786186234330,v_distraction,['SEATBELT_D_OFF'],contradicted,removed,VLM contradicted original telematics event — original removed,v_distraction,,1
494,365599055,4882303786186234330,v_distraction,['SEATBELT_D_OFF'],contradicted,added,VLM contradicted original — replacement VLM event added,,SEATBELT_D_OFF,1
495,507302529,4882303786186109366,v_phone,['v_phone'],confirmed,no_change,"original event stayed, no extra VLM event needed",,,0
496,365599055,4882303786185885420,v_eye_closed,['v_phone'],contradicted,removed,VLM contradicted original telematics event — original removed,v_eye_closed,,1
496,365599055,4882303786185885420,v_eye_closed,['v_phone'],contradicted,added,VLM contradicted original — replacement VLM event added,,v_phone,1
497,365599055,4882303786185851145,v_distraction,[],not_confirmed,removed,"original event not confirmed by VLM, so it was removed",v_distraction,,1
498,507302529,4882303786185845813,v_phone,"['SEATBELT_D_OFF', 'v_phone']",refined,added,refined added extra VLM context,,SEATBELT_D_OFF,1
499,452477724,4882303786185568268,v_eye_closed,['v_fatigue'],refined,added,refined added extra VLM context,,v_fatigue,1
500,452477724,4882303786185442893,v_eye_closed,['v_fatigue'],refined,added,refined added extra VLM context,,v_fatigue,1
501,365599055,4882303786185418377,v_eye_closed,['v_fatigue'],refined,added,refined added extra VLM context,,v_fatigue,1
502,459505113,4882303786185414526,v_distraction,"['SEATBELT_D_OFF', 'v_phone', 'v_distraction']",refined,added,refined added extra VLM context,,SEATBELT_D_OFF,1
502,459505113,4882303786185414526,v_distraction,"['SEATBELT_D_OFF', 'v_phone', 'v_distraction']",refined,added,refined added extra VLM context,,v_phone,1
503,365599055,4882303786185349565,v_distraction,[],not_confirmed,removed,"original event not confirmed by VLM, so it was removed",v_distraction,,1
504,459505113,4882303786185349498,v_eye_closed,['v_fatigue'],refined,added,refined added extra VLM context,,v_fatigue,1
505,336854753,4882303786185334352,v_phone,"['SEATBELT_D_OFF', 'v_phone']",refined,added,refined added extra VLM context,,SEATBELT_D_OFF,1
506,365670886,4882303786185281468,v_eye_closed,[],not_confirmed,removed,"original event not confirmed by VLM, so it was removed",v_eye_closed,,1
507,452477724,4882303786185262507,v_yawn,['SEATBELT_D_OFF'],contradicted,removed,VLM contradicted original telematics event — original removed,v_yawn,,1
507,452477724,4882303786185262507,v_yawn,['SEATBELT_D_OFF'],contradicted,added,VLM contradicted original — replacement VLM event added,,SEATBELT_D_OFF,1
508,459505113,4882303786185257262,v_distraction,"['SEATBELT_D_OFF', 'v_phone', 'v_distraction']",refined,added,refined added extra VLM context,,SEATBELT_D_OFF,1
508,459505113,4882303786185257262,v_distraction,"['SEATBELT_D_OFF', 'v_phone', 'v_distraction']",refined,added,refined added extra VLM context,,v_phone,1
509,459505113,4882303786185255389,v_phone,['v_phone'],confirmed,no_change,"original event stayed, no extra VLM event needed",,,0
510,365599055,4882303786185191291,v_eye_closed,[],not_confirmed,removed,"original event not confirmed by VLM, so it was removed",v_eye_closed,,1
511,365599055,4882303786185174834,v_distraction,['SEATBELT_D_OFF'],contradicted,removed,VLM contradicted original telematics event — original removed,v_distraction,,1
511,365599055,4882303786185174834,v_distraction,['SEATBELT_D_OFF'],contradicted,added,VLM contradicted original — replacement VLM event added,,SEATBELT_D_OFF,1
512,437380121,4882303786185159610,v_yawn,[],not_confirmed,removed,"original event not confirmed by VLM, so it was removed",v_yawn,,1
513,437380121,4882303786185080261,v_smoke,[],not_confirmed,removed,"original event not confirmed by VLM, so it was removed",v_smoke,,1
514,437380121,4882303786185075601,v_distraction,[],not_confirmed,removed,"original event not confirmed by VLM, so it was removed",v_distraction,,1
515,365599055,4882303786185075506,v_eye_closed,['v_fatigue'],refined,added,refined added extra VLM context,,v_fatigue,1
516,437380121,4882303786184963033,v_distraction,[],not_confirmed,removed,"original event not confirmed by VLM, so it was removed",v_distraction,,1
517,464868635,4882303786184768612,v_phone,['v_phone'],confirmed,no_change,"original event stayed, no extra VLM event needed",,,0
518,336854753,4882303786184669898,v_phone,"['SEATBELT_D_OFF', 'v_phone']",refined,added,refined added extra VLM context,,SEATBELT_D_OFF,1
519,437380121,4882303786184632792,v_distraction,[],not_confirmed,removed,"original event not confirmed by VLM, so it was removed",v_distraction,,1
520,336854753,4882303786184546739,v_phone,['SEATBELT_D_OFF'],contradicted,removed,VLM contradicted original telematics event — original removed,v_phone,,1
520,336854753,4882303786184546739,v_phone,['SEATBELT_D_OFF'],contradicted,added,VLM contradicted original — replacement VLM event added,,SEATBELT_D_OFF,1
521,437380121,4882303786184513095,v_distraction,[],not_confirmed,removed,"original event not confirmed by VLM, so it was removed",v_distraction,,1
522,365670886,4882303786184476982,v_distraction,"['SEATBELT_D_OFF', 'v_phone']",contradicted,removed,VLM contradicted original telematics event — original removed,v_distraction,,1
522,365670886,4882303786184476982,v_distraction,"['SEATBELT_D_OFF', 'v_phone']",contradicted,added,VLM contradicted original — replacement VLM event added,,SEATBELT_D_OFF,1
522,365670886,4882303786184476982,v_distraction,"['SEATBELT_D_OFF', 'v_phone']",contradicted,added,VLM contradicted original — replacement VLM event added,,v_phone,1
523,336854753,4882303786184432872,v_phone,"['SEATBELT_D_OFF', 'v_phone']",refined,added,refined added extra VLM context,,SEATBELT_D_OFF,1
524,452477724,4882303786184407953,v_eye_closed,"['SEATBELT_D_OFF', 'v_phone', 'v_fatigue']",refined,added,refined added extra VLM context,,SEATBELT_D_OFF,1
524,452477724,4882303786184407953,v_eye_closed,"['SEATBELT_D_OFF', 'v_phone', 'v_fatigue']",refined,added,refined added extra VLM context,,v_phone,1
524,452477724,4882303786184407953,v_eye_closed,"['SEATBELT_D_OFF', 'v_phone', 'v_fatigue']",refined,added,refined added extra VLM context,,v_fatigue,1
525,452477724,4882303786184396302,v_distraction,"['SEATBELT_D_OFF', 'v_phone', 'v_distraction']",refined,added,refined added extra VLM context,,SEATBELT_D_OFF,1
525,452477724,4882303786184396302,v_distraction,"['SEATBELT_D_OFF', 'v_phone', 'v_distraction']",refined,added,refined added extra VLM context,,v_phone,1
526,365670886,4882303786184387950,v_eye_closed,['SEATBELT_D_OFF'],contradicted,removed,VLM contradicted original telematics event — original removed,v_eye_closed,,1
526,365670886,4882303786184387950,v_eye_closed,['SEATBELT_D_OFF'],contradicted,added,VLM contradicted original — replacement VLM event added,,SEATBELT_D_OFF,1
527,452477724,4882303786184386224,v_phone,"['SEATBELT_D_OFF', 'v_phone']",refined,added,refined added extra VLM context,,SEATBELT_D_OFF,1
528,365670886,4882303786184364689,v_distraction,['SEATBELT_D_OFF'],contradicted,removed,VLM contradicted original telematics event — original removed,v_distraction,,1
528,365670886,4882303786184364689,v_distraction,['SEATBELT_D_OFF'],contradicted,added,VLM contradicted original — replacement VLM event added,,SEATBELT_D_OFF,1
529,437380121,4882303786184350586,v_distraction,['v_distraction'],confirmed,no_change,"original event stayed, no extra VLM event needed",,,0
530,452477724,4882303786184184820,v_distraction,[],not_confirmed,removed,"original event not confirmed by VLM, so it was removed",v_distraction,,1
531,507302529,4882303786184094324,v_eye_closed,[],not_confirmed,removed,"original event not confirmed by VLM, so it was removed",v_eye_closed,,1
532,334006437,4882303786184074344,v_yawn,[],not_confirmed,removed,"original event not confirmed by VLM, so it was removed",v_yawn,,1
533,523824244,4882303786184000164,v_yawn,[],not_confirmed,removed,"original event not confirmed by VLM, so it was removed",v_yawn,,1
534,452477724,4882303786183957345,v_yawn,['SEATBELT_D_OFF'],contradicted,removed,VLM contradicted original telematics event — original removed,v_yawn,,1
534,452477724,4882303786183957345,v_yawn,['SEATBELT_D_OFF'],contradicted,added,VLM contradicted original — replacement VLM event added,,SEATBELT_D_OFF,1
535,523824244,4882303786183916763,v_phone,['v_phone'],confirmed,no_change,"original event stayed, no extra VLM event needed",,,0
536,437380121,4882303786183865288,v_distraction,[],not_confirmed,removed,"original event not confirmed by VLM, so it was removed",v_distraction,,1
537,443413751,4882303786183812261,v_phone,['v_phone'],confirmed,no_change,"original event stayed, no extra VLM event needed",,,0
538,322784039,4882303786183763258,v_phone,"['SEATBELT_D_OFF', 'v_phone']",refined,added,refined added extra VLM context,,SEATBELT_D_OFF,1
539,523824244,4882303786183761731,v_distraction,[],not_confirmed,removed,"original event not confirmed by VLM, so it was removed",v_distraction,,1
540,429536893,4882303786183743050,v_phone,"['SEATBELT_D_OFF', 'v_phone']",refined,added,refined added extra VLM context,,SEATBELT_D_OFF,1
541,338306241,4882303786183634782,v_phone,"['SEATBELT_D_OFF', 'v_phone']",refined,added,refined added extra VLM context,,SEATBELT_D_OFF,1
542,459505113,4882303786183633100,v_distraction,['SEATBELT_D_OFF'],contradicted,removed,VLM contradicted original telematics event — original removed,v_distraction,,1
542,459505113,4882303786183633100,v_distraction,['SEATBELT_D_OFF'],contradicted,added,VLM contradicted original — replacement VLM event added,,SEATBELT_D_OFF,1
543,429536893,4882303786183594180,v_phone,"['SEATBELT_D_OFF', 'v_phone']",refined,added,refined added extra VLM context,,SEATBELT_D_OFF,1
544,523824244,4882303786183590157,v_distraction,[],not_confirmed,removed,"original event not confirmed by VLM, so it was removed",v_distraction,,1
545,365599055,4882303786183528717,v_distraction,[],not_confirmed,removed,"original event not confirmed by VLM, so it was removed",v_distraction,,1
546,459505113,4882303786183475671,v_eye_closed,"['SEATBELT_D_OFF', 'v_fatigue']",refined,added,refined added extra VLM context,,SEATBELT_D_OFF,1
546,459505113,4882303786183475671,v_eye_closed,"['SEATBELT_D_OFF', 'v_fatigue']",refined,added,refined added extra VLM context,,v_fatigue,1
547,459505113,4882303786183463579,v_distraction,['v_distraction'],confirmed,no_change,"original event stayed, no extra VLM event needed",,,0
548,523824244,4882303786183451498,v_yawn,[],not_confirmed,removed,"original event not confirmed by VLM, so it was removed",v_yawn,,1
549,507302529,4882303786183349955,v_phone,"['SEATBELT_D_OFF', 'v_phone']",refined,added,refined added extra VLM context,,SEATBELT_D_OFF,1
550,507302529,4882303786183336955,v_distraction,['SEATBELT_D_OFF'],contradicted,removed,VLM contradicted original telematics event — original removed,v_distraction,,1
550,507302529,4882303786183336955,v_distraction,['SEATBELT_D_OFF'],contradicted,added,VLM contradicted original — replacement VLM event added,,SEATBELT_D_OFF,1
551,436759512,4882303786183243581,v_phone,['v_phone'],confirmed,no_change,"original event stayed, no extra VLM event needed",,,0
552,523824244,4882303786183228680,v_distraction,"['SEATBELT_D_OFF', 'v_distraction']",refined,added,refined added extra VLM context,,SEATBELT_D_OFF,1
553,429536893,4882303786183200710,v_phone,['v_phone'],confirmed,no_change,"original event stayed, no extra VLM event needed",,,0
554,453948326,4882303786183191073,v_phone,['v_phone'],confirmed,no_change,"original event stayed, no extra VLM event needed",,,0
555,453948326,4882303786183170642,v_fatigue,[],not_confirmed,removed,"original event not confirmed by VLM, so it was removed",v_fatigue,,1
556,453948326,4882303786183058926,v_phone,['v_phone'],confirmed,no_change,"original event stayed, no extra VLM event needed",,,0
557,460126901,4882303786183054666,v_fatigue,"['SEATBELT_D_OFF', 'v_phone']",contradicted,removed,VLM contradicted original telematics event — original removed,v_fatigue,,1
557,460126901,4882303786183054666,v_fatigue,"['SEATBELT_D_OFF', 'v_phone']",contradicted,added,VLM contradicted original — replacement VLM event added,,SEATBELT_D_OFF,1
557,460126901,4882303786183054666,v_fatigue,"['SEATBELT_D_OFF', 'v_phone']",contradicted,added,VLM contradicted original — replacement VLM event added,,v_phone,1
558,437380121,4882303786183041864,v_distraction,[],not_confirmed,removed,"original event not confirmed by VLM, so it was removed",v_distraction,,1
559,460126729,4882303786183040170,v_phone,['v_phone'],confirmed,no_change,"original event stayed, no extra VLM event needed",,,0
560,437380121,4882303786182987390,v_eye_closed,['v_fatigue'],refined,added,refined added extra VLM context,,v_fatigue,1
561,437380121,4882303786182928822,v_distraction,[],not_confirmed,removed,"original event not confirmed by VLM, so it was removed",v_distraction,,1
562,460126729,4882303786182924124,v_phone,['v_phone'],confirmed,no_change,"original event stayed, no extra VLM event needed",,,0
563,429536893,4882303786182872116,v_phone,['v_phone'],confirmed,no_change,"original event stayed, no extra VLM event needed",,,0
564,365670886,4882303786182816165,v_eye_closed,['SEATBELT_D_OFF'],contradicted,removed,VLM contradicted original telematics event — original removed,v_eye_closed,,1
564,365670886,4882303786182816165,v_eye_closed,['SEATBELT_D_OFF'],contradicted,added,VLM contradicted original — replacement VLM event added,,SEATBELT_D_OFF,1
565,460126729,4882303786182814264,v_phone,['v_phone'],confirmed,no_change,"original event stayed, no extra VLM event needed",,,0
566,460126729,4882303786182702579,v_phone,['v_phone'],confirmed,no_change,"original event stayed, no extra VLM event needed",,,0
567,338306241,4882303786182699315,v_phone,"['SEATBELT_D_OFF', 'v_phone']",refined,added,refined added extra VLM context,,SEATBELT_D_OFF,1
568,460126729,4882303786182593165,v_phone,['v_phone'],confirmed,no_change,"original event stayed, no extra VLM event needed",,,0
569,460126729,4882303786182489006,v_phone,['v_phone'],confirmed,no_change,"original event stayed, no extra VLM event needed",,,0
570,334006437,4882303786182382957,v_yawn,['v_fatigue'],refined,added,refined added extra VLM context,,v_fatigue,1
571,460126729,4882303786182382763,v_phone,['v_phone'],confirmed,no_change,"original event stayed, no extra VLM event needed",,,0
572,453948326,4882303786182346246,v_phone,"['SEATBELT_D_OFF', 'v_phone']",refined,added,refined added extra VLM context,,SEATBELT_D_OFF,1
573,523824244,4882303786182078482,v_distraction,"['SEATBELT_D_OFF', 'v_distraction']",refined,added,refined added extra VLM context,,SEATBELT_D_OFF,1
574,304245737,4882303786182068223,v_yawn,['v_fatigue'],refined,added,refined added extra VLM context,,v_fatigue,1
575,429536893,4882303786182061548,v_phone,['v_phone'],confirmed,no_change,"original event stayed, no extra VLM event needed",,,0
576,409223544,4882303786181953497,v_distraction,[],not_confirmed,removed,"original event not confirmed by VLM, so it was removed",v_distraction,,1
577,523824244,4882303786181869320,v_distraction,"['SEATBELT_D_OFF', 'v_phone', 'v_distraction']",refined,added,refined added extra VLM context,,SEATBELT_D_OFF,1
577,523824244,4882303786181869320,v_distraction,"['SEATBELT_D_OFF', 'v_phone', 'v_distraction']",refined,added,refined added extra VLM context,,v_phone,1
578,507301777,4882303786181856916,v_yawn,['v_fatigue'],refined,added,refined added extra VLM context,,v_fatigue,1
579,460126729,4882303786181842970,v_fatigue,[],not_confirmed,removed,"original event not confirmed by VLM, so it was removed",v_fatigue,,1
580,507451763,4882303786181788623,v_cam_covered,['v_cam_covered'],confirmed,no_change,"original event stayed, no extra VLM event needed",,,0
581,507302529,4882303786181779105,v_distraction,[],not_confirmed,removed,"original event not confirmed by VLM, so it was removed",v_distraction,,1
582,460126729,4882303786181589790,v_phone,['v_phone'],confirmed,no_change,"original event stayed, no extra VLM event needed",,,0
583,429536893,4882303786181450211,v_phone,['v_phone'],confirmed,no_change,"original event stayed, no extra VLM event needed",,,0
584,409223544,4882303786181422150,v_fatigue,[],not_confirmed,removed,"original event not confirmed by VLM, so it was removed",v_fatigue,,1
585,460126729,4882303786181343130,v_phone,['v_phone'],confirmed,no_change,"original event stayed, no extra VLM event needed",,,0
586,429536893,4882303786181332875,v_phone,['v_phone'],confirmed,no_change,"original event stayed, no extra VLM event needed",,,0
587,429536893,4882303786181233527,v_phone,"['SEATBELT_D_OFF', 'v_phone']",refined,added,refined added extra VLM context,,SEATBELT_D_OFF,1
588,429570713,4882303786181195376,v_cam_covered,['v_cam_covered'],confirmed,no_change,"original event stayed, no extra VLM event needed",,,0
589,429536893,4882303786181080278,v_phone,['v_phone'],confirmed,no_change,"original event stayed, no extra VLM event needed",,,0
590,373265130,4882303786181068841,v_fatigue,[],not_confirmed,removed,"original event not confirmed by VLM, so it was removed",v_fatigue,,1
591,335116387,4882303786180943808,v_fatigue,[],not_confirmed,removed,"original event not confirmed by VLM, so it was removed",v_fatigue,,1
592,523824244,4882303786180924854,v_yawn,[],not_confirmed,removed,"original event not confirmed by VLM, so it was removed",v_yawn,,1
593,523824244,4882303786180903311,v_distraction,"['SEATBELT_D_OFF', 'v_phone', 'v_distraction']",refined,added,refined added extra VLM context,,SEATBELT_D_OFF,1
593,523824244,4882303786180903311,v_distraction,"['SEATBELT_D_OFF', 'v_phone', 'v_distraction']",refined,added,refined added extra VLM context,,v_phone,1
594,507301777,4882303786180869714,v_distraction,[],not_confirmed,removed,"original event not confirmed by VLM, so it was removed",v_distraction,,1
595,523824244,4882303786180802224,v_eye_closed,[],not_confirmed,removed,"original event not confirmed by VLM, so it was removed",v_eye_closed,,1
596,229817878,4882303786180660503,v_phone,"['SEATBELT_D_OFF', 'v_phone']",refined,added,refined added extra VLM context,,SEATBELT_D_OFF,1
597,229817878,4882303786180660433,v_phone,['v_phone'],confirmed,no_change,"original event stayed, no extra VLM event needed",,,0
598,229817878,4882303786180660162,v_phone,"['SEATBELT_D_OFF', 'v_phone']",refined,added,refined added extra VLM context,,SEATBELT_D_OFF,1
599,229817878,4882303786180659690,v_phone,"['SEATBELT_D_OFF', 'v_phone']",refined,added,refined added extra VLM context,,SEATBELT_D_OFF,1
600,229817878,4882303786180659639,v_phone,"['SEATBELT_D_OFF', 'v_phone']",refined,added,refined added extra VLM context,,SEATBELT_D_OFF,1
601,229817878,4882303786180659044,v_phone,"['SEATBELT_D_OFF', 'v_phone']",refined,added,refined added extra VLM context,,SEATBELT_D_OFF,1
602,452477724,4882303786180636607,v_eye_closed,['v_fatigue'],refined,added,refined added extra VLM context,,v_fatigue,1
603,460126901,4882303786180579171,v_phone,"['SEATBELT_D_OFF', 'v_phone']",refined,added,refined added extra VLM context,,SEATBELT_D_OFF,1
604,365598883,4882303786180512213,v_yawn,['v_fatigue'],refined,added,refined added extra VLM context,,v_fatigue,1
605,452477724,4882303786180348141,v_distraction,['v_distraction'],confirmed,no_change,"original event stayed, no extra VLM event needed",,,0
606,366751690,4882303786180295621,v_phone,['SEATBELT_D_OFF'],contradicted,removed,VLM contradicted original telematics event — original removed,v_phone,,1
606,366751690,4882303786180295621,v_phone,['SEATBELT_D_OFF'],contradicted,added,VLM contradicted original — replacement VLM event added,,SEATBELT_D_OFF,1
607,322784039,4882303786180172231,v_phone,"['SEATBELT_D_OFF', 'v_phone']",refined,added,refined added extra VLM context,,SEATBELT_D_OFF,1
608,365598969,4882303786177661796,v_distraction,[],not_confirmed,removed,"original event not confirmed by VLM, so it was removed",v_distraction,,1
609,437380121,4882303786177558681,v_distraction,[],not_confirmed,removed,"original event not confirmed by VLM, so it was removed",v_distraction,,1
610,523824244,4882303786177536621,v_phone,"['SEATBELT_D_OFF', 'v_phone']",refined,added,refined added extra VLM context,,SEATBELT_D_OFF,1
611,437380121,4882303786177521047,v_eye_closed,[],no_vlm_signal,no_change,VLM produced no usable event,,,0
612,437380121,4882303786177500486,v_cam_covered,['v_cam_covered'],confirmed,no_change,"original event stayed, no extra VLM event needed",,,0
613,523824244,4882303786177476608,v_distraction,[],not_confirmed,removed,"original event not confirmed by VLM, so it was removed",v_distraction,,1
614,437380121,4882303786177473275,v_distraction,[],no_vlm_signal,no_change,VLM produced no usable event,,,0
615,365599055,4882303786177466909,v_distraction,[],not_confirmed,removed,"original event not confirmed by VLM, so it was removed",v_distraction,,1
616,437380121,4882303786177383984,v_distraction,['v_distraction'],confirmed,no_change,"original event stayed, no extra VLM event needed",,,0
617,437380121,4882303786177293624,v_distraction,['v_distraction'],confirmed,no_change,"original event stayed, no extra VLM event needed",,,0
618,365599055,4882303786177231247,v_distraction,[],not_confirmed,removed,"original event not confirmed by VLM, so it was removed",v_distraction,,1
619,464868635,4882303786177207206,v_fatigue,[],not_confirmed,removed,"original event not confirmed by VLM, so it was removed",v_fatigue,,1
620,322641996,4882303786177157314,v_distraction,[],not_confirmed,removed,"original event not confirmed by VLM, so it was removed",v_distraction,,1
621,322641996,4882303786177133011,v_phone,['v_phone'],confirmed,no_change,"original event stayed, no extra VLM event needed",,,0
622,322641996,4882303786176988722,v_distraction,['SEATBELT_D_OFF'],contradicted,removed,VLM contradicted original telematics event — original removed,v_distraction,,1
622,322641996,4882303786176988722,v_distraction,['SEATBELT_D_OFF'],contradicted,added,VLM contradicted original — replacement VLM event added,,SEATBELT_D_OFF,1
623,523824244,4882303786176890045,v_distraction,[],not_confirmed,removed,"original event not confirmed by VLM, so it was removed",v_distraction,,1
624,507302529,4882303786176872480,v_eye_closed,"['SEATBELT_D_OFF', 'v_phone']",contradicted,removed,VLM contradicted original telematics event — original removed,v_eye_closed,,1
624,507302529,4882303786176872480,v_eye_closed,"['SEATBELT_D_OFF', 'v_phone']",contradicted,added,VLM contradicted original — replacement VLM event added,,SEATBELT_D_OFF,1
624,507302529,4882303786176872480,v_eye_closed,"['SEATBELT_D_OFF', 'v_phone']",contradicted,added,VLM contradicted original — replacement VLM event added,,v_phone,1
625,523824244,4882303786176741203,v_eye_closed,[],review_only,no_change,review_only found nothing new to add,,,0
626,523824244,4882303786176736200,v_distraction,['v_distraction'],confirmed,no_change,"original event stayed, no extra VLM event needed",,,0
627,334008589,4882303786176599908,v_phone,['v_phone'],confirmed,no_change,"original event stayed, no extra VLM event needed",,,0
628,402182287,4882303786176563299,v_phone,['v_phone'],confirmed,no_change,"original event stayed, no extra VLM event needed",,,0
629,523824244,4882303786176548371,v_eye_closed,[],not_confirmed,removed,"original event not confirmed by VLM, so it was removed",v_eye_closed,,1
630,523824244,4882303786176548302,v_distraction,[],not_confirmed,removed,"original event not confirmed by VLM, so it was removed",v_distraction,,1
631,365599055,4882303786176530170,v_distraction,[],not_confirmed,removed,"original event not confirmed by VLM, so it was removed",v_distraction,,1
632,437380121,4882303786176523623,v_distraction,[],not_confirmed,removed,"original event not confirmed by VLM, so it was removed",v_distraction,,1
633,464868635,4882303786176497918,v_phone,['v_phone'],confirmed,no_change,"original event stayed, no extra VLM event needed",,,0
634,365670886,4882303786176494035,v_eye_closed,"['SEATBELT_D_OFF', 'v_phone']",contradicted,removed,VLM contradicted original telematics event — original removed,v_eye_closed,,1
634,365670886,4882303786176494035,v_eye_closed,"['SEATBELT_D_OFF', 'v_phone']",contradicted,added,VLM contradicted original — replacement VLM event added,,SEATBELT_D_OFF,1
634,365670886,4882303786176494035,v_eye_closed,"['SEATBELT_D_OFF', 'v_phone']",contradicted,added,VLM contradicted original — replacement VLM event added,,v_phone,1
635,338306241,4882303786176475943,v_phone,['v_phone'],confirmed,no_change,"original event stayed, no extra VLM event needed",,,0
636,437380121,4882303786176401848,v_distraction,[],not_confirmed,removed,"original event not confirmed by VLM, so it was removed",v_distraction,,1
637,335116387,4882303786176401464,v_phone,"['SEATBELT_D_OFF', 'v_phone']",refined,added,refined added extra VLM context,,SEATBELT_D_OFF,1
638,523824244,4882303786176392779,v_eye_closed,[],not_confirmed,removed,"original event not confirmed by VLM, so it was removed",v_eye_closed,,1
639,317984514,4882303786176380870,v_phone,['v_phone'],confirmed,no_change,"original event stayed, no extra VLM event needed",,,0
640,523824244,4882303786176372235,v_distraction,['SEATBELT_D_OFF'],contradicted,removed,VLM contradicted original telematics event — original removed,v_distraction,,1
640,523824244,4882303786176372235,v_distraction,['SEATBELT_D_OFF'],contradicted,added,VLM contradicted original — replacement VLM event added,,SEATBELT_D_OFF,1
641,365599055,4882303786176335793,v_distraction,['v_distraction'],confirmed,no_change,"original event stayed, no extra VLM event needed",,,0
642,507451763,4882303786176333322,v_cam_covered,[],confirmed,no_change,"original event stayed, no extra VLM event needed",,,0
643,437380121,4882303786176292218,v_eye_closed,['v_fatigue'],refined,added,refined added extra VLM context,,v_fatigue,1
644,437380121,4882303786176292049,v_distraction,[],not_confirmed,removed,"original event not confirmed by VLM, so it was removed",v_distraction,,1
645,507302529,4882303786176287836,v_distraction,['SEATBELT_D_OFF'],contradicted,removed,VLM contradicted original telematics event — original removed,v_distraction,,1
645,507302529,4882303786176287836,v_distraction,['SEATBELT_D_OFF'],contradicted,added,VLM contradicted original — replacement VLM event added,,SEATBELT_D_OFF,1
646,437380121,4882303786176128775,v_distraction,[],not_confirmed,removed,"original event not confirmed by VLM, so it was removed",v_distraction,,1
647,334008589,4882303786176072264,v_yawn,['SEATBELT_D_OFF'],contradicted,removed,VLM contradicted original telematics event — original removed,v_yawn,,1
647,334008589,4882303786176072264,v_yawn,['SEATBELT_D_OFF'],contradicted,added,VLM contradicted original — replacement VLM event added,,SEATBELT_D_OFF,1
648,304245737,4882303786176033217,v_yawn,[],not_confirmed,removed,"original event not confirmed by VLM, so it was removed",v_yawn,,1
649,437380121,4882303786175946411,v_distraction,[],not_confirmed,removed,"original event not confirmed by VLM, so it was removed",v_distraction,,1
650,464868635,4882303786175945075,v_phone,['v_phone'],confirmed,no_change,"original event stayed, no extra VLM event needed",,,0
651,317984514,4882303786175932742,v_phone,['v_phone'],confirmed,no_change,"original event stayed, no extra VLM event needed",,,0
652,304245737,4882303786175879243,v_distraction,[],not_confirmed,removed,"original event not confirmed by VLM, so it was removed",v_distraction,,1
653,334008589,4882303786175870774,v_yawn,['SEATBELT_D_OFF'],contradicted,removed,VLM contradicted original telematics event — original removed,v_yawn,,1
653,334008589,4882303786175870774,v_yawn,['SEATBELT_D_OFF'],contradicted,added,VLM contradicted original — replacement VLM event added,,SEATBELT_D_OFF,1
654,334008589,4882303786175820688,v_phone,['v_phone'],confirmed,no_change,"original event stayed, no extra VLM event needed",,,0
655,317984514,4882303786175790022,v_phone,['v_phone'],confirmed,no_change,"original event stayed, no extra VLM event needed",,,0
656,304245737,4882303786175778618,v_yawn,[],not_confirmed,removed,"original event not confirmed by VLM, so it was removed",v_yawn,,1
657,507302529,4882303786175750437,v_distraction,['SEATBELT_D_OFF'],contradicted,removed,VLM contradicted original telematics event — original removed,v_distraction,,1
657,507302529,4882303786175750437,v_distraction,['SEATBELT_D_OFF'],contradicted,added,VLM contradicted original — replacement VLM event added,,SEATBELT_D_OFF,1
658,334008589,4882303786175673217,v_yawn,[],not_confirmed,removed,"original event not confirmed by VLM, so it was removed",v_yawn,,1
659,334008589,4882303786175579951,v_phone,['v_phone'],confirmed,no_change,"original event stayed, no extra VLM event needed",,,0
660,317984514,4882303786175530864,v_phone,"['SEATBELT_D_OFF', 'v_phone']",refined,added,refined added extra VLM context,,SEATBELT_D_OFF,1
661,460126729,4882303786175479315,v_phone,['v_phone'],confirmed,no_change,"original event stayed, no extra VLM event needed",,,0
662,452477724,4882303786175436839,v_distraction,['v_phone'],contradicted,removed,VLM contradicted original telematics event — original removed,v_distraction,,1
662,452477724,4882303786175436839,v_distraction,['v_phone'],contradicted,added,VLM contradicted original — replacement VLM event added,,v_phone,1
663,507302529,4882303786175383845,v_distraction,[],not_confirmed,removed,"original event not confirmed by VLM, so it was removed",v_distraction,,1
664,507302529,4882303786175340500,v_yawn,[],not_confirmed,removed,"original event not confirmed by VLM, so it was removed",v_yawn,,1
665,523824244,4882303786175289590,v_distraction,[],not_confirmed,removed,"original event not confirmed by VLM, so it was removed",v_distraction,,1
666,507302529,4882303786175264169,v_distraction,"['SEATBELT_D_OFF', 'v_phone', 'v_distraction']",refined,added,refined added extra VLM context,,SEATBELT_D_OFF,1
666,507302529,4882303786175264169,v_distraction,"['SEATBELT_D_OFF', 'v_phone', 'v_distraction']",refined,added,refined added extra VLM context,,v_phone,1
667,507302529,4882303786175205372,v_yawn,['SEATBELT_D_OFF'],contradicted,removed,VLM contradicted original telematics event — original removed,v_yawn,,1
667,507302529,4882303786175205372,v_yawn,['SEATBELT_D_OFF'],contradicted,added,VLM contradicted original — replacement VLM event added,,SEATBELT_D_OFF,1
668,507302529,4882303786175140322,v_distraction,[],not_confirmed,removed,"original event not confirmed by VLM, so it was removed",v_distraction,,1
669,523824244,4882303786175139167,v_distraction,['SEATBELT_D_OFF'],contradicted,removed,VLM contradicted original telematics event — original removed,v_distraction,,1
669,523824244,4882303786175139167,v_distraction,['SEATBELT_D_OFF'],contradicted,added,VLM contradicted original — replacement VLM event added,,SEATBELT_D_OFF,1
670,507302529,4882303786175029890,v_distraction,['SEATBELT_D_OFF'],contradicted,removed,VLM contradicted original telematics event — original removed,v_distraction,,1
670,507302529,4882303786175029890,v_distraction,['SEATBELT_D_OFF'],contradicted,added,VLM contradicted original — replacement VLM event added,,SEATBELT_D_OFF,1
671,523824244,4882303786175029085,v_yawn,['v_phone'],contradicted,removed,VLM contradicted original telematics event — original removed,v_yawn,,1
671,523824244,4882303786175029085,v_yawn,['v_phone'],contradicted,added,VLM contradicted original — replacement VLM event added,,v_phone,1
672,523824244,4882303786174973867,v_distraction,['SEATBELT_D_OFF'],contradicted,removed,VLM contradicted original telematics event — original removed,v_distraction,,1
672,523824244,4882303786174973867,v_distraction,['SEATBELT_D_OFF'],contradicted,added,VLM contradicted original — replacement VLM event added,,SEATBELT_D_OFF,1
673,338306241,4882303786174906247,v_phone,"['SEATBELT_D_OFF', 'v_phone']",refined,added,refined added extra VLM context,,SEATBELT_D_OFF,1
674,452477724,4882303786174658063,v_yawn,[],not_confirmed,removed,"original event not confirmed by VLM, so it was removed",v_yawn,,1
675,507302529,4882303786174629649,v_distraction,[],not_confirmed,removed,"original event not confirmed by VLM, so it was removed",v_distraction,,1
676,460126729,4882303786174584318,v_phone,['v_phone'],confirmed,no_change,"original event stayed, no extra VLM event needed",,,0
677,452477724,4882303786174535019,v_eye_closed,"['SEATBELT_D_OFF', 'v_phone', 'v_fatigue']",refined,added,refined added extra VLM context,,SEATBELT_D_OFF,1
677,452477724,4882303786174535019,v_eye_closed,"['SEATBELT_D_OFF', 'v_phone', 'v_fatigue']",refined,added,refined added extra VLM context,,v_phone,1
677,452477724,4882303786174535019,v_eye_closed,"['SEATBELT_D_OFF', 'v_phone', 'v_fatigue']",refined,added,refined added extra VLM context,,v_fatigue,1
678,507302529,4882303786174438041,v_distraction,['SEATBELT_D_OFF'],contradicted,removed,VLM contradicted original telematics event — original removed,v_distraction,,1
678,507302529,4882303786174438041,v_distraction,['SEATBELT_D_OFF'],contradicted,added,VLM contradicted original — replacement VLM event added,,SEATBELT_D_OFF,1
679,452477724,4882303786174393271,v_eye_closed,"['SEATBELT_D_OFF', 'v_fatigue']",refined,added,refined added extra VLM context,,SEATBELT_D_OFF,1
679,452477724,4882303786174393271,v_eye_closed,"['SEATBELT_D_OFF', 'v_fatigue']",refined,added,refined added extra VLM context,,v_fatigue,1
680,460126729,4882303786174371544,v_phone,['v_phone'],confirmed,no_change,"original event stayed, no extra VLM event needed",,,0
681,365599055,4882303786174301616,v_eye_closed,['SEATBELT_D_OFF'],contradicted,removed,VLM contradicted original telematics event — original removed,v_eye_closed,,1
681,365599055,4882303786174301616,v_eye_closed,['SEATBELT_D_OFF'],contradicted,added,VLM contradicted original — replacement VLM event added,,SEATBELT_D_OFF,1
682,464868635,4882303786174292272,v_phone,['v_phone'],confirmed,no_change,"original event stayed, no extra VLM event needed",,,0
683,452477724,4882303786174276685,v_yawn,[],not_confirmed,removed,"original event not confirmed by VLM, so it was removed",v_yawn,,1
684,459505113,4882303786174258888,v_distraction,[],not_confirmed,removed,"original event not confirmed by VLM, so it was removed",v_distraction,,1
685,459505113,4882303786174216226,v_eye_closed,"['SEATBELT_D_OFF', 'v_fatigue']",refined,added,refined added extra VLM context,,SEATBELT_D_OFF,1
685,459505113,4882303786174216226,v_eye_closed,"['SEATBELT_D_OFF', 'v_fatigue']",refined,added,refined added extra VLM context,,v_fatigue,1
686,459505113,4882303786174092198,v_distraction,['SEATBELT_D_OFF'],contradicted,removed,VLM contradicted original telematics event — original removed,v_distraction,,1
686,459505113,4882303786174092198,v_distraction,['SEATBELT_D_OFF'],contradicted,added,VLM contradicted original — replacement VLM event added,,SEATBELT_D_OFF,1
687,452477724,4882303786174086645,v_distraction,"['SEATBELT_D_OFF', 'v_phone', 'v_distraction']",refined,added,refined added extra VLM context,,SEATBELT_D_OFF,1
687,452477724,4882303786174086645,v_distraction,"['SEATBELT_D_OFF', 'v_phone', 'v_distraction']",refined,added,refined added extra VLM context,,v_phone,1
688,365599055,4882303786174028871,v_distraction,[],not_confirmed,removed,"original event not confirmed by VLM, so it was removed",v_distraction,,1
689,459505113,4882303786173945883,v_distraction,"['SEATBELT_D_OFF', 'v_phone']",contradicted,removed,VLM contradicted original telematics event — original removed,v_distraction,,1
689,459505113,4882303786173945883,v_distraction,"['SEATBELT_D_OFF', 'v_phone']",contradicted,added,VLM contradicted original — replacement VLM event added,,SEATBELT_D_OFF,1
689,459505113,4882303786173945883,v_distraction,"['SEATBELT_D_OFF', 'v_phone']",contradicted,added,VLM contradicted original — replacement VLM event added,,v_phone,1
690,365670886,4882303786173933656,v_yawn,[],not_confirmed,removed,"original event not confirmed by VLM, so it was removed",v_yawn,,1
691,334008589,4882303786173888491,v_yawn,[],not_confirmed,removed,"original event not confirmed by VLM, so it was removed",v_yawn,,1
692,435028160,4882303786173854480,v_cam_covered,[],not_confirmed,removed,"original event not confirmed by VLM, so it was removed",v_cam_covered,,1
693,429536893,4882303786173842961,v_phone,['v_phone'],confirmed,no_change,"original event stayed, no extra VLM event needed",,,0
694,459505113,4882303786173770521,v_yawn,"['SEATBELT_D_OFF', 'v_phone']",contradicted,removed,VLM contradicted original telematics event — original removed,v_yawn,,1
694,459505113,4882303786173770521,v_yawn,"['SEATBELT_D_OFF', 'v_phone']",contradicted,added,VLM contradicted original — replacement VLM event added,,SEATBELT_D_OFF,1
694,459505113,4882303786173770521,v_yawn,"['SEATBELT_D_OFF', 'v_phone']",contradicted,added,VLM contradicted original — replacement VLM event added,,v_phone,1
695,459505113,4882303786173763084,v_distraction,['SEATBELT_D_OFF'],contradicted,removed,VLM contradicted original telematics event — original removed,v_distraction,,1
695,459505113,4882303786173763084,v_distraction,['SEATBELT_D_OFF'],contradicted,added,VLM contradicted original — replacement VLM event added,,SEATBELT_D_OFF,1
696,333584194,4882303786173760175,v_yawn,"['SEATBELT_D_OFF', 'v_phone']",contradicted,removed,VLM contradicted original telematics event — original removed,v_yawn,,1
696,333584194,4882303786173760175,v_yawn,"['SEATBELT_D_OFF', 'v_phone']",contradicted,added,VLM contradicted original — replacement VLM event added,,SEATBELT_D_OFF,1
696,333584194,4882303786173760175,v_yawn,"['SEATBELT_D_OFF', 'v_phone']",contradicted,added,VLM contradicted original — replacement VLM event added,,v_phone,1
697,335116387,4882303786173696500,v_phone,"['SEATBELT_D_OFF', 'v_phone']",refined,added,refined added extra VLM context,,SEATBELT_D_OFF,1
698,429536893,4882303786173687503,v_phone,['v_phone'],confirmed,no_change,"original event stayed, no extra VLM event needed",,,0
699,409223544,4882303786173614262,v_phone,"['SEATBELT_D_OFF', 'v_phone']",refined,added,refined added extra VLM context,,SEATBELT_D_OFF,1
700,365670886,4882303786173538136,v_eye_closed,"['SEATBELT_D_OFF', 'v_phone']",contradicted,removed,VLM contradicted original telematics event — original removed,v_eye_closed,,1
700,365670886,4882303786173538136,v_eye_closed,"['SEATBELT_D_OFF', 'v_phone']",contradicted,added,VLM contradicted original — replacement VLM event added,,SEATBELT_D_OFF,1
700,365670886,4882303786173538136,v_eye_closed,"['SEATBELT_D_OFF', 'v_phone']",contradicted,added,VLM contradicted original — replacement VLM event added,,v_phone,1
701,454270937,4882303786173501418,v_phone,['v_phone'],confirmed,no_change,"original event stayed, no extra VLM event needed",,,0
702,429536893,4882303786173449238,v_phone,"['SEATBELT_D_OFF', 'v_phone']",refined,added,refined added extra VLM context,,SEATBELT_D_OFF,1
703,335116387,4882303786173370499,v_yawn,[],not_confirmed,removed,"original event not confirmed by VLM, so it was removed",v_yawn,,1
704,443717449,4882303786173253518,v_phone,['v_phone'],confirmed,no_change,"original event stayed, no extra VLM event needed",,,0
705,304246535,4882303786173198075,v_distraction,['SEATBELT_D_OFF'],contradicted,removed,VLM contradicted original telematics event — original removed,v_distraction,,1
705,304246535,4882303786173198075,v_distraction,['SEATBELT_D_OFF'],contradicted,added,VLM contradicted original — replacement VLM event added,,SEATBELT_D_OFF,1
706,429536893,4882303786173123333,v_phone,"['SEATBELT_D_OFF', 'v_phone']",refined,added,refined added extra VLM context,,SEATBELT_D_OFF,1
707,338306241,4882303786173108568,v_phone,"['SEATBELT_D_OFF', 'v_phone']",refined,added,refined added extra VLM context,,SEATBELT_D_OFF,1
708,425968651,4882303786173074937,v_distraction,[],not_confirmed,removed,"original event not confirmed by VLM, so it was removed",v_distraction,,1
709,507301777,4882303786173042326,v_eye_closed,['v_phone'],contradicted,removed,VLM contradicted original telematics event — original removed,v_eye_closed,,1
709,507301777,4882303786173042326,v_eye_closed,['v_phone'],contradicted,added,VLM contradicted original — replacement VLM event added,,v_phone,1
710,338306241,4882303786172965885,v_phone,"['SEATBELT_D_OFF', 'v_phone']",refined,added,refined added extra VLM context,,SEATBELT_D_OFF,1
711,459505113,4882303786172948726,v_distraction,['SEATBELT_D_OFF'],contradicted,removed,VLM contradicted original telematics event — original removed,v_distraction,,1
711,459505113,4882303786172948726,v_distraction,['SEATBELT_D_OFF'],contradicted,added,VLM contradicted original — replacement VLM event added,,SEATBELT_D_OFF,1
712,437380121,4882303786172903273,v_distraction,[],not_confirmed,removed,"original event not confirmed by VLM, so it was removed",v_distraction,,1
713,338306241,4882303786172835368,v_phone,['v_phone'],confirmed,no_change,"original event stayed, no extra VLM event needed",,,0
714,459505113,4882303786172794584,v_phone,['v_phone'],confirmed,no_change,"original event stayed, no extra VLM event needed",,,0
715,437380121,4882303786172760240,v_yawn,['v_fatigue'],refined,added,refined added extra VLM context,,v_fatigue,1
716,459505113,4882303786172753826,v_distraction,['v_phone'],contradicted,removed,VLM contradicted original telematics event — original removed,v_distraction,,1
716,459505113,4882303786172753826,v_distraction,['v_phone'],contradicted,added,VLM contradicted original — replacement VLM event added,,v_phone,1
717,437380121,4882303786172744900,v_distraction,[],not_confirmed,removed,"original event not confirmed by VLM, so it was removed",v_distraction,,1
718,435028160,4882303786172708283,v_fatigue,[],not_confirmed,removed,"original event not confirmed by VLM, so it was removed",v_fatigue,,1
719,507301777,4882303786172696881,v_phone,['v_phone'],confirmed,no_change,"original event stayed, no extra VLM event needed",,,0
720,507301777,4882303786172696821,v_distraction,['v_distraction'],confirmed,no_change,"original event stayed, no extra VLM event needed",,,0
721,335116387,4882303786172682706,v_phone,['v_phone'],confirmed,no_change,"original event stayed, no extra VLM event needed",,,0
722,322784039,4882303786172647527,v_phone,"['SEATBELT_D_OFF', 'v_phone']",refined,added,refined added extra VLM context,,SEATBELT_D_OFF,1
723,437380121,4882303786172628954,v_distraction,['v_distraction'],confirmed,no_change,"original event stayed, no extra VLM event needed",,,0
724,459505113,4882303786172625774,v_distraction,['SEATBELT_D_OFF'],contradicted,removed,VLM contradicted original telematics event — original removed,v_distraction,,1
724,459505113,4882303786172625774,v_distraction,['SEATBELT_D_OFF'],contradicted,added,VLM contradicted original — replacement VLM event added,,SEATBELT_D_OFF,1
725,459505113,4882303786172624309,v_phone,['SEATBELT_D_OFF'],contradicted,removed,VLM contradicted original telematics event — original removed,v_phone,,1
725,459505113,4882303786172624309,v_phone,['SEATBELT_D_OFF'],contradicted,added,VLM contradicted original — replacement VLM event added,,SEATBELT_D_OFF,1
726,365670886,4882303786172605455,v_phone,['v_phone'],confirmed,no_change,"original event stayed, no extra VLM event needed",,,0
727,322784039,4882303786172569976,v_distraction,['SEATBELT_D_OFF'],contradicted,removed,VLM contradicted original telematics event — original removed,v_distraction,,1
727,322784039,4882303786172569976,v_distraction,['SEATBELT_D_OFF'],contradicted,added,VLM contradicted original — replacement VLM event added,,SEATBELT_D_OFF,1
728,437380121,4882303786172503224,v_phone,[],not_confirmed,removed,"original event not confirmed by VLM, so it was removed",v_phone,,1
729,437380121,4882303786172486658,v_yawn,[],not_confirmed,removed,"original event not confirmed by VLM, so it was removed",v_yawn,,1
730,437380121,4882303786172476950,v_distraction,[],not_confirmed,removed,"original event not confirmed by VLM, so it was removed",v_distraction,,1
731,425968651,4882303786172470126,v_distraction,[],not_confirmed,removed,"original event not confirmed by VLM, so it was removed",v_distraction,,1
732,365670886,4882303786172443788,v_eye_closed,['SEATBELT_D_OFF'],contradicted,removed,VLM contradicted original telematics event — original removed,v_eye_closed,,1
732,365670886,4882303786172443788,v_eye_closed,['SEATBELT_D_OFF'],contradicted,added,VLM contradicted original — replacement VLM event added,,SEATBELT_D_OFF,1
733,365670886,4882303786172426878,v_distraction,[],not_confirmed,removed,"original event not confirmed by VLM, so it was removed",v_distraction,,1
734,365670886,4882303786172412314,v_phone,['v_phone'],confirmed,no_change,"original event stayed, no extra VLM event needed",,,0
735,336854753,4882303786172411071,v_phone,"['SEATBELT_D_OFF', 'v_phone']",refined,added,refined added extra VLM context,,SEATBELT_D_OFF,1
736,334008589,4882303786172396191,v_yawn,['SEATBELT_D_OFF'],contradicted,removed,VLM contradicted original telematics event — original removed,v_yawn,,1
736,334008589,4882303786172396191,v_yawn,['SEATBELT_D_OFF'],contradicted,added,VLM contradicted original — replacement VLM event added,,SEATBELT_D_OFF,1
737,459505113,4882303786172354403,v_distraction,['SEATBELT_D_OFF'],contradicted,removed,VLM contradicted original telematics event — original removed,v_distraction,,1
737,459505113,4882303786172354403,v_distraction,['SEATBELT_D_OFF'],contradicted,added,VLM contradicted original — replacement VLM event added,,SEATBELT_D_OFF,1
738,334148753,4882303786172346024,v_distraction,"['SEATBELT_D_OFF', 'v_distraction']",refined,added,refined added extra VLM context,,SEATBELT_D_OFF,1
739,459505113,4882303786172309236,v_yawn,['SEATBELT_D_OFF'],contradicted,removed,VLM contradicted original telematics event — original removed,v_yawn,,1
739,459505113,4882303786172309236,v_yawn,['SEATBELT_D_OFF'],contradicted,added,VLM contradicted original — replacement VLM event added,,SEATBELT_D_OFF,1
740,336854753,4882303786172291813,v_distraction,[],not_confirmed,removed,"original event not confirmed by VLM, so it was removed",v_distraction,,1
741,459505113,4882303786172213341,v_distraction,[],not_confirmed,removed,"original event not confirmed by VLM, so it was removed",v_distraction,,1
742,460126901,4882303786172153124,v_phone,['SEATBELT_D_OFF'],contradicted,removed,VLM contradicted original telematics event — original removed,v_phone,,1
742,460126901,4882303786172153124,v_phone,['SEATBELT_D_OFF'],contradicted,added,VLM contradicted original — replacement VLM event added,,SEATBELT_D_OFF,1
743,336854753,4882303786172152876,v_phone,['v_phone'],confirmed,no_change,"original event stayed, no extra VLM event needed",,,0
744,452477724,4882303786172112615,v_distraction,['v_distraction'],confirmed,no_change,"original event stayed, no extra VLM event needed",,,0
745,334008589,4882303786172107386,v_yawn,['v_fatigue'],refined,added,refined added extra VLM context,,v_fatigue,1
746,460126901,4882303786172062233,v_fatigue,"['SEATBELT_D_OFF', 'v_phone']",contradicted,removed,VLM contradicted original telematics event — original removed,v_fatigue,,1
746,460126901,4882303786172062233,v_fatigue,"['SEATBELT_D_OFF', 'v_phone']",contradicted,added,VLM contradicted original — replacement VLM event added,,SEATBELT_D_OFF,1
746,460126901,4882303786172062233,v_fatigue,"['SEATBELT_D_OFF', 'v_phone']",contradicted,added,VLM contradicted original — replacement VLM event added,,v_phone,1
747,452477724,4882303786172045280,v_eye_closed,"['SEATBELT_D_OFF', 'v_fatigue']",refined,added,refined added extra VLM context,,SEATBELT_D_OFF,1
747,452477724,4882303786172045280,v_eye_closed,"['SEATBELT_D_OFF', 'v_fatigue']",refined,added,refined added extra VLM context,,v_fatigue,1
748,452477724,4882303786171999592,v_phone,[],not_confirmed,removed,"original event not confirmed by VLM, so it was removed",v_phone,,1
749,335116387,4882303786171998112,v_distraction,[],not_confirmed,removed,"original event not confirmed by VLM, so it was removed",v_distraction,,1
750,452477724,4882303786171983035,v_distraction,"['SEATBELT_D_OFF', 'v_phone', 'v_distraction']",refined,added,refined added extra VLM context,,SEATBELT_D_OFF,1
750,452477724,4882303786171983035,v_distraction,"['SEATBELT_D_OFF', 'v_phone', 'v_distraction']",refined,added,refined added extra VLM context,,v_phone,1
751,335116387,4882303786171951345,v_fatigue,[],not_confirmed,removed,"original event not confirmed by VLM, so it was removed",v_fatigue,,1
752,336854753,4882303786171915371,v_phone,['v_phone'],confirmed,no_change,"original event stayed, no extra VLM event needed",,,0
753,334008589,4882303786171892586,v_yawn,"['SEATBELT_D_OFF', 'v_fatigue']",refined,added,refined added extra VLM context,,SEATBELT_D_OFF,1
753,334008589,4882303786171892586,v_yawn,"['SEATBELT_D_OFF', 'v_fatigue']",refined,added,refined added extra VLM context,,v_fatigue,1
754,335116387,4882303786171863654,v_phone,"['SEATBELT_D_OFF', 'v_phone']",refined,added,refined added extra VLM context,,SEATBELT_D_OFF,1
755,452477724,4882303786171863092,v_eye_closed,"['SEATBELT_D_OFF', 'v_phone', 'v_fatigue']",refined,added,refined added extra VLM context,,SEATBELT_D_OFF,1
755,452477724,4882303786171863092,v_eye_closed,"['SEATBELT_D_OFF', 'v_phone', 'v_fatigue']",refined,added,refined added extra VLM context,,v_phone,1
755,452477724,4882303786171863092,v_eye_closed,"['SEATBELT_D_OFF', 'v_phone', 'v_fatigue']",refined,added,refined added extra VLM context,,v_fatigue,1
756,365670886,4882303786171777099,v_phone,['v_phone'],confirmed,no_change,"original event stayed, no extra VLM event needed",,,0
757,464868635,4882303786171776644,v_phone,['v_phone'],confirmed,no_change,"original event stayed, no extra VLM event needed",,,0
758,452477724,4882303786171751672,v_distraction,['SEATBELT_D_OFF'],contradicted,removed,VLM contradicted original telematics event — original removed,v_distraction,,1
758,452477724,4882303786171751672,v_distraction,['SEATBELT_D_OFF'],contradicted,added,VLM contradicted original — replacement VLM event added,,SEATBELT_D_OFF,1
759,365670886,4882303786171690647,v_distraction,[],not_confirmed,removed,"original event not confirmed by VLM, so it was removed",v_distraction,,1
760,366751690,4882303786171676968,v_phone,['v_phone'],confirmed,no_change,"original event stayed, no extra VLM event needed",,,0
761,366751690,4882303786171676923,v_yawn,['v_phone'],contradicted,removed,VLM contradicted original telematics event — original removed,v_yawn,,1
761,366751690,4882303786171676923,v_yawn,['v_phone'],contradicted,added,VLM contradicted original — replacement VLM event added,,v_phone,1
762,335116387,4882303786171649597,v_phone,['v_phone'],confirmed,no_change,"original event stayed, no extra VLM event needed",,,0
763,453948326,4882303786171542602,v_phone,['v_phone'],confirmed,no_change,"original event stayed, no extra VLM event needed",,,0
764,333545827,4882303786171529811,v_distraction,['SEATBELT_D_OFF'],contradicted,removed,VLM contradicted original telematics event — original removed,v_distraction,,1
764,333545827,4882303786171529811,v_distraction,['SEATBELT_D_OFF'],contradicted,added,VLM contradicted original — replacement VLM event added,,SEATBELT_D_OFF,1
765,437380121,4882303786171528725,v_distraction,['v_distraction'],confirmed,no_change,"original event stayed, no extra VLM event needed",,,0
766,335116387,4882303786171517808,v_fatigue,[],not_confirmed,removed,"original event not confirmed by VLM, so it was removed",v_fatigue,,1
767,459505113,4882303786171512262,v_phone,['v_phone'],confirmed,no_change,"original event stayed, no extra VLM event needed",,,0
768,366751690,4882303786171485977,v_eye_closed,[],not_confirmed,removed,"original event not confirmed by VLM, so it was removed",v_eye_closed,,1
769,365670886,4882303786171465010,v_phone,['v_phone'],confirmed,no_change,"original event stayed, no extra VLM event needed",,,0
770,437380121,4882303786171440746,v_yawn,['v_fatigue'],refined,added,refined added extra VLM context,,v_fatigue,1
771,437380121,4882303786171407285,v_smoke,[],not_confirmed,removed,"original event not confirmed by VLM, so it was removed",v_smoke,,1
772,437380121,4882303786171401056,v_distraction,[],not_confirmed,removed,"original event not confirmed by VLM, so it was removed",v_distraction,,1
773,366751690,4882303786171340753,v_eye_closed,[],not_confirmed,removed,"original event not confirmed by VLM, so it was removed",v_eye_closed,,1
774,459505113,4882303786171330100,v_phone,['v_phone'],confirmed,no_change,"original event stayed, no extra VLM event needed",,,0
775,459505113,4882303786171323375,v_eye_closed,['v_fatigue'],refined,added,refined added extra VLM context,,v_fatigue,1
776,459505113,4882303786171310774,v_distraction,['v_distraction'],confirmed,no_change,"original event stayed, no extra VLM event needed",,,0
777,453865293,4882303786171287837,v_phone,['v_phone'],confirmed,no_change,"original event stayed, no extra VLM event needed",,,0
778,437380121,4882303786171269576,v_distraction,[],not_confirmed,removed,"original event not confirmed by VLM, so it was removed",v_distraction,,1
779,366751690,4882303786171265433,v_phone,['v_phone'],confirmed,no_change,"original event stayed, no extra VLM event needed",,,0
780,366751690,4882303786171229181,v_distraction,[],not_confirmed,removed,"original event not confirmed by VLM, so it was removed",v_distraction,,1
781,443717449,4882303786171217154,v_phone,['v_phone'],confirmed,no_change,"original event stayed, no extra VLM event needed",,,0
782,460126729,4882303786171141441,v_phone,['v_phone'],confirmed,no_change,"original event stayed, no extra VLM event needed",,,0
783,366751690,4882303786171137736,v_phone,['v_phone'],confirmed,no_change,"original event stayed, no extra VLM event needed",,,0
784,366751690,4882303786171134464,v_eye_closed,['SEATBELT_D_OFF'],contradicted,removed,VLM contradicted original telematics event — original removed,v_eye_closed,,1
784,366751690,4882303786171134464,v_eye_closed,['SEATBELT_D_OFF'],contradicted,added,VLM contradicted original — replacement VLM event added,,SEATBELT_D_OFF,1
785,333584194,4882303786171069656,v_yawn,"['SEATBELT_D_OFF', 'v_phone', 'v_fatigue']",refined,added,refined added extra VLM context,,SEATBELT_D_OFF,1
785,333584194,4882303786171069656,v_yawn,"['SEATBELT_D_OFF', 'v_phone', 'v_fatigue']",refined,added,refined added extra VLM context,,v_phone,1
785,333584194,4882303786171069656,v_yawn,"['SEATBELT_D_OFF', 'v_phone', 'v_fatigue']",refined,added,refined added extra VLM context,,v_fatigue,1
786,443717449,4882303786171065896,v_phone,['v_phone'],confirmed,no_change,"original event stayed, no extra VLM event needed",,,0
787,304246535,4882303786171014561,v_distraction,['SEATBELT_D_OFF'],contradicted,removed,VLM contradicted original telematics event — original removed,v_distraction,,1
787,304246535,4882303786171014561,v_distraction,['SEATBELT_D_OFF'],contradicted,added,VLM contradicted original — replacement VLM event added,,SEATBELT_D_OFF,1
788,333584194,4882303786170992501,v_phone,"['SEATBELT_D_OFF', 'v_phone']",refined,added,refined added extra VLM context,,SEATBELT_D_OFF,1
789,336920768,4882303786170986191,v_yawn,['SEATBELT_D_OFF'],contradicted,removed,VLM contradicted original telematics event — original removed,v_yawn,,1
789,336920768,4882303786170986191,v_yawn,['SEATBELT_D_OFF'],contradicted,added,VLM contradicted original — replacement VLM event added,,SEATBELT_D_OFF,1
790,335116387,4882303786170951709,v_phone,"['SEATBELT_D_OFF', 'v_phone']",refined,added,refined added extra VLM context,,SEATBELT_D_OFF,1
791,429536893,4882303786170932782,v_phone,['v_phone'],confirmed,no_change,"original event stayed, no extra VLM event needed",,,0
792,335116387,4882303786170929862,v_fatigue,['v_fatigue'],confirmed,no_change,"original event stayed, no extra VLM event needed",,,0
793,460126729,4882303786170891936,v_phone,['v_phone'],confirmed,no_change,"original event stayed, no extra VLM event needed",,,0
794,429536893,4882303786170803952,v_phone,['v_phone'],confirmed,no_change,"original event stayed, no extra VLM event needed",,,0
795,334008589,4882303786170742590,v_phone,"['SEATBELT_D_OFF', 'v_phone']",refined,added,refined added extra VLM context,,SEATBELT_D_OFF,1
796,460126729,4882303786170733608,v_phone,['v_phone'],confirmed,no_change,"original event stayed, no extra VLM event needed",,,0
797,443717449,4882303786170692325,v_phone,['v_phone'],confirmed,no_change,"original event stayed, no extra VLM event needed",,,0
798,365670886,4882303786170688879,v_phone,"['SEATBELT_D_OFF', 'v_phone']",refined,added,refined added extra VLM context,,SEATBELT_D_OFF,1
799,429536893,4882303786170664454,v_phone,"['SEATBELT_D_OFF', 'v_phone']",refined,added,refined added extra VLM context,,SEATBELT_D_OFF,1
800,334008589,4882303786170660015,v_yawn,"['SEATBELT_D_OFF', 'v_fatigue']",refined,added,refined added extra VLM context,,SEATBELT_D_OFF,1
800,334008589,4882303786170660015,v_yawn,"['SEATBELT_D_OFF', 'v_fatigue']",refined,added,refined added extra VLM context,,v_fatigue,1
801,334148753,4882303786170653938,v_phone,['v_phone'],confirmed,no_change,"original event stayed, no extra VLM event needed",,,0
802,422017575,4882303786170631487,v_distraction,['v_distraction'],confirmed,no_change,"original event stayed, no extra VLM event needed",,,0
803,422017575,4882303786170630355,v_phone,['v_phone'],confirmed,no_change,"original event stayed, no extra VLM event needed",,,0
804,460126729,4882303786170599138,v_phone,['v_phone'],confirmed,no_change,"original event stayed, no extra VLM event needed",,,0
805,336920768,4882303786170593154,v_distraction,[],not_confirmed,removed,"original event not confirmed by VLM, so it was removed",v_distraction,,1
806,422017575,4882303786170508813,v_eye_closed,['v_fatigue'],refined,added,refined added extra VLM context,,v_fatigue,1
807,335116387,4882303786170496062,v_fatigue,[],not_confirmed,removed,"original event not confirmed by VLM, so it was removed",v_fatigue,,1
808,422017575,4882303786170495302,v_distraction,['v_distraction'],confirmed,no_change,"original event stayed, no extra VLM event needed",,,0
809,460126729,4882303786170474550,v_phone,['v_phone'],confirmed,no_change,"original event stayed, no extra VLM event needed",,,0
810,334008589,4882303786170447307,v_yawn,[],not_confirmed,removed,"original event not confirmed by VLM, so it was removed",v_yawn,,1
811,336920768,4882303786170372258,v_yawn,['SEATBELT_D_OFF'],contradicted,removed,VLM contradicted original telematics event — original removed,v_yawn,,1
811,336920768,4882303786170372258,v_yawn,['SEATBELT_D_OFF'],contradicted,added,VLM contradicted original — replacement VLM event added,,SEATBELT_D_OFF,1
812,460126729,4882303786170293242,v_phone,['v_phone'],confirmed,no_change,"original event stayed, no extra VLM event needed",,,0
813,437381828,4882303786170281723,v_distraction,[],not_confirmed,removed,"original event not confirmed by VLM, so it was removed",v_distraction,,1
814,459505113,4882303786170251194,v_eye_closed,[],confirmed,no_change,"original event stayed, no extra VLM event needed",,,0
815,365598969,4882303786170236641,v_phone,"['SEATBELT_D_OFF', 'v_phone']",refined,added,refined added extra VLM context,,SEATBELT_D_OFF,1
816,459505113,4882303786170214584,v_distraction,"['v_phone', 'v_distraction']",refined,added,refined added extra VLM context,,v_phone,1
817,459505113,4882303786170183196,v_phone,"['SEATBELT_D_OFF', 'v_phone']",refined,added,refined added extra VLM context,,SEATBELT_D_OFF,1
818,459505113,4882303786170118442,v_eye_closed,['v_fatigue'],refined,added,refined added extra VLM context,,v_fatigue,1
819,416296124,4882303786170095713,v_cam_covered,[],no_vlm_signal,no_change,VLM produced no usable event,,,0
820,452477724,4882303786170007452,v_distraction,[],not_confirmed,removed,"original event not confirmed by VLM, so it was removed",v_distraction,,1
821,437381828,4882303786169981070,v_cam_covered,[],confirmed,no_change,"original event stayed, no extra VLM event needed",,,0
822,459505113,4882303786169976052,v_distraction,[],not_confirmed,removed,"original event not confirmed by VLM, so it was removed",v_distraction,,1
823,459505113,4882303786169894908,v_phone,['v_phone'],confirmed,no_change,"original event stayed, no extra VLM event needed",,,0
824,459505113,4882303786169888654,v_eye_closed,['v_fatigue'],refined,added,refined added extra VLM context,,v_fatigue,1
825,460126729,4882303786169794257,v_phone,['v_phone'],confirmed,no_change,"original event stayed, no extra VLM event needed",,,0
826,459505113,4882303786169759559,v_phone,"['SEATBELT_D_OFF', 'v_phone']",refined,added,refined added extra VLM context,,SEATBELT_D_OFF,1
827,429536893,4882303786169681651,v_phone,['v_phone'],confirmed,no_change,"original event stayed, no extra VLM event needed",,,0
828,452477724,4882303786169621044,v_distraction,[],not_confirmed,removed,"original event not confirmed by VLM, so it was removed",v_distraction,,1
829,459505113,4882303786169595867,v_eye_closed,['v_fatigue'],refined,added,refined added extra VLM context,,v_fatigue,1
830,459505113,4882303786169575674,v_phone,['v_phone'],confirmed,no_change,"original event stayed, no extra VLM event needed",,,0
831,334008589,4882303786169488462,v_yawn,['SEATBELT_D_OFF'],contradicted,removed,VLM contradicted original telematics event — original removed,v_yawn,,1
831,334008589,4882303786169488462,v_yawn,['SEATBELT_D_OFF'],contradicted,added,VLM contradicted original — replacement VLM event added,,SEATBELT_D_OFF,1
832,459505113,4882303786169469543,v_eye_closed,"['SEATBELT_D_OFF', 'v_phone']",contradicted,removed,VLM contradicted original telematics event — original removed,v_eye_closed,,1
832,459505113,4882303786169469543,v_eye_closed,"['SEATBELT_D_OFF', 'v_phone']",contradicted,added,VLM contradicted original — replacement VLM event added,,SEATBELT_D_OFF,1
832,459505113,4882303786169469543,v_eye_closed,"['SEATBELT_D_OFF', 'v_phone']",contradicted,added,VLM contradicted original — replacement VLM event added,,v_phone,1
833,459505113,4882303786169454536,v_phone,['v_phone'],confirmed,no_change,"original event stayed, no extra VLM event needed",,,0
834,429536893,4882303786169439074,v_phone,['v_phone'],confirmed,no_change,"original event stayed, no extra VLM event needed",,,0
835,333584194,4882303786169432352,v_yawn,['v_phone'],contradicted,removed,VLM contradicted original telematics event — original removed,v_yawn,,1
835,333584194,4882303786169432352,v_yawn,['v_phone'],contradicted,added,VLM contradicted original — replacement VLM event added,,v_phone,1
836,452477724,4882303786169430654,v_distraction,['SEATBELT_D_OFF'],contradicted,removed,VLM contradicted original telematics event — original removed,v_distraction,,1
836,452477724,4882303786169430654,v_distraction,['SEATBELT_D_OFF'],contradicted,added,VLM contradicted original — replacement VLM event added,,SEATBELT_D_OFF,1
837,333584194,4882303786169427896,v_phone,['v_phone'],confirmed,no_change,"original event stayed, no extra VLM event needed",,,0
838,452477724,4882303786169380472,v_eye_closed,"['SEATBELT_D_OFF', 'v_phone']",contradicted,removed,VLM contradicted original telematics event — original removed,v_eye_closed,,1
838,452477724,4882303786169380472,v_eye_closed,"['SEATBELT_D_OFF', 'v_phone']",contradicted,added,VLM contradicted original — replacement VLM event added,,SEATBELT_D_OFF,1
838,452477724,4882303786169380472,v_eye_closed,"['SEATBELT_D_OFF', 'v_phone']",contradicted,added,VLM contradicted original — replacement VLM event added,,v_phone,1
839,507301777,4882303786169361678,v_eye_closed,['v_fatigue'],refined,added,refined added extra VLM context,,v_fatigue,1
840,459505113,4882303786169336708,v_phone,['v_phone'],confirmed,no_change,"original event stayed, no extra VLM event needed",,,0
841,333584194,4882303786169321436,v_distraction,[],not_confirmed,removed,"original event not confirmed by VLM, so it was removed",v_distraction,,1
842,459505113,4882303786169308761,v_yawn,"['v_phone', 'v_fatigue']",refined,added,refined added extra VLM context,,v_phone,1
842,459505113,4882303786169308761,v_yawn,"['v_phone', 'v_fatigue']",refined,added,refined added extra VLM context,,v_fatigue,1
843,435028160,4882303786169298550,v_phone,['v_phone'],confirmed,no_change,"original event stayed, no extra VLM event needed",,,0
844,452477724,4882303786169279155,v_phone,"['SEATBELT_D_OFF', 'v_phone']",refined,added,refined added extra VLM context,,SEATBELT_D_OFF,1
845,322641996,4882303786169274515,v_yawn,['v_fatigue'],refined,added,refined added extra VLM context,,v_fatigue,1
846,459505113,4882303786169225243,v_phone,"['SEATBELT_D_OFF', 'v_phone']",refined,added,refined added extra VLM context,,SEATBELT_D_OFF,1
847,452477724,4882303786169223624,v_distraction,"['SEATBELT_D_OFF', 'v_phone', 'v_distraction']",refined,added,refined added extra VLM context,,SEATBELT_D_OFF,1
847,452477724,4882303786169223624,v_distraction,"['SEATBELT_D_OFF', 'v_phone', 'v_distraction']",refined,added,refined added extra VLM context,,v_phone,1
848,333584194,4882303786169208627,v_phone,['v_phone'],confirmed,no_change,"original event stayed, no extra VLM event needed",,,0
849,333545827,4882303786169081609,v_distraction,"['SEATBELT_D_OFF', 'v_distraction']",refined,added,refined added extra VLM context,,SEATBELT_D_OFF,1
850,333545827,4882303786169048008,v_cam_covered,['SEATBELT_D_OFF'],contradicted,removed,VLM contradicted original telematics event — original removed,v_cam_covered,,1
850,333545827,4882303786169048008,v_cam_covered,['SEATBELT_D_OFF'],contradicted,added,VLM contradicted original — replacement VLM event added,,SEATBELT_D_OFF,1
851,460126729,4882303786169034724,v_phone,['v_phone'],confirmed,no_change,"original event stayed, no extra VLM event needed",,,0
852,452477724,4882303786168995604,v_eye_closed,['v_fatigue'],refined,added,refined added extra VLM context,,v_fatigue,1
853,322641996,4882303786168989348,v_yawn,['SEATBELT_D_OFF'],contradicted,removed,VLM contradicted original telematics event — original removed,v_yawn,,1
853,322641996,4882303786168989348,v_yawn,['SEATBELT_D_OFF'],contradicted,added,VLM contradicted original — replacement VLM event added,,SEATBELT_D_OFF,1
854,322641996,4882303786168989313,v_phone,"['SEATBELT_D_OFF', 'v_phone']",refined,added,refined added extra VLM context,,SEATBELT_D_OFF,1
855,334008589,4882303786168929247,v_distraction,[],not_confirmed,removed,"original event not confirmed by VLM, so it was removed",v_distraction,,1
856,452477724,4882303786168919846,v_distraction,['v_distraction'],confirmed,no_change,"original event stayed, no extra VLM event needed",,,0
857,460126729,4882303786168870025,v_phone,['v_phone'],confirmed,no_change,"original event stayed, no extra VLM event needed",,,0
858,334008589,4882303786168864603,v_yawn,['SEATBELT_D_OFF'],contradicted,removed,VLM contradicted original telematics event — original removed,v_yawn,,1
858,334008589,4882303786168864603,v_yawn,['SEATBELT_D_OFF'],contradicted,added,VLM contradicted original — replacement VLM event added,,SEATBELT_D_OFF,1
859,365670886,4882303786168859405,v_phone,['v_phone'],confirmed,no_change,"original event stayed, no extra VLM event needed",,,0
860,365670886,4882303786168855044,v_eye_closed,[],not_confirmed,removed,"original event not confirmed by VLM, so it was removed",v_eye_closed,,1
861,452477724,4882303786168806103,v_eye_closed,['v_fatigue'],refined,added,refined added extra VLM context,,v_fatigue,1
862,366751690,4882303786168800207,v_yawn,[],not_confirmed,removed,"original event not confirmed by VLM, so it was removed",v_yawn,,1
863,338306241,4882303786168771650,v_phone,['v_phone'],confirmed,no_change,"original event stayed, no extra VLM event needed",,,0
864,409223544,4882303786168759640,v_cam_covered,[],confirmed,no_change,"original event stayed, no extra VLM event needed",,,0
865,429536893,4882303786168756840,v_phone,"['SEATBELT_D_OFF', 'v_phone']",refined,added,refined added extra VLM context,,SEATBELT_D_OFF,1
866,334008589,4882303786168749845,v_yawn,['v_fatigue'],refined,added,refined added extra VLM context,,v_fatigue,1
867,336854753,4882303786168734743,v_phone,['v_phone'],confirmed,no_change,"original event stayed, no extra VLM event needed",,,0
868,366751690,4882303786168713114,v_phone,['v_phone'],confirmed,no_change,"original event stayed, no extra VLM event needed",,,0
869,452477724,4882303786168712045,v_distraction,"['SEATBELT_D_OFF', 'v_phone', 'v_distraction']",refined,added,refined added extra VLM context,,SEATBELT_D_OFF,1
869,452477724,4882303786168712045,v_distraction,"['SEATBELT_D_OFF', 'v_phone', 'v_distraction']",refined,added,refined added extra VLM context,,v_phone,1
870,365670886,4882303786168657576,v_phone,"['SEATBELT_D_OFF', 'v_phone']",refined,added,refined added extra VLM context,,SEATBELT_D_OFF,1
871,460126729,4882303786168648817,v_phone,['v_phone'],confirmed,no_change,"original event stayed, no extra VLM event needed",,,0
872,507451763,4882303786168611982,v_cam_covered,['v_distraction'],contradicted,removed,VLM contradicted original telematics event — original removed,v_cam_covered,,1
872,507451763,4882303786168611982,v_cam_covered,['v_distraction'],contradicted,added,VLM contradicted original — replacement VLM event added,,v_distraction,1
873,437381828,4882303786168598230,v_fatigue,['v_fatigue'],confirmed,no_change,"original event stayed, no extra VLM event needed",,,0
874,338306241,4882303786168524942,v_phone,"['SEATBELT_D_OFF', 'v_phone']",refined,added,refined added extra VLM context,,SEATBELT_D_OFF,1
875,459505113,4882303786168501639,v_eye_closed,"['v_phone', 'v_fatigue']",refined,added,refined added extra VLM context,,v_phone,1
875,459505113,4882303786168501639,v_eye_closed,"['v_phone', 'v_fatigue']",refined,added,refined added extra VLM context,,v_fatigue,1
876,365670886,4882303786168489374,v_eye_closed,"['SEATBELT_D_OFF', 'v_phone']",contradicted,removed,VLM contradicted original telematics event — original removed,v_eye_closed,,1
876,365670886,4882303786168489374,v_eye_closed,"['SEATBELT_D_OFF', 'v_phone']",contradicted,added,VLM contradicted original — replacement VLM event added,,SEATBELT_D_OFF,1
876,365670886,4882303786168489374,v_eye_closed,"['SEATBELT_D_OFF', 'v_phone']",contradicted,added,VLM contradicted original — replacement VLM event added,,v_phone,1
877,459505113,4882303786168471728,v_distraction,"['v_phone', 'v_distraction']",refined,added,refined added extra VLM context,,v_phone,1
878,365670886,4882303786168462984,v_phone,"['SEATBELT_D_OFF', 'v_phone']",refined,added,refined added extra VLM context,,SEATBELT_D_OFF,1
879,459505113,4882303786168417966,v_phone,['v_phone'],confirmed,no_change,"original event stayed, no extra VLM event needed",,,0
880,338306241,4882303786168417816,v_phone,"['SEATBELT_D_OFF', 'v_phone']",refined,added,refined added extra VLM context,,SEATBELT_D_OFF,1
881,338306241,4882303786168414078,v_cam_covered,"['SEATBELT_D_OFF', 'v_distraction']",contradicted,removed,VLM contradicted original telematics event — original removed,v_cam_covered,,1
881,338306241,4882303786168414078,v_cam_covered,"['SEATBELT_D_OFF', 'v_distraction']",contradicted,added,VLM contradicted original — replacement VLM event added,,SEATBELT_D_OFF,1
881,338306241,4882303786168414078,v_cam_covered,"['SEATBELT_D_OFF', 'v_distraction']",contradicted,added,VLM contradicted original — replacement VLM event added,,v_distraction,1
882,366751690,4882303786168408803,v_yawn,[],no_vlm_signal,no_change,VLM produced no usable event,,,0
883,459505113,4882303786168377156,v_eye_closed,['SEATBELT_D_OFF'],contradicted,removed,VLM contradicted original telematics event — original removed,v_eye_closed,,1
883,459505113,4882303786168377156,v_eye_closed,['SEATBELT_D_OFF'],contradicted,added,VLM contradicted original — replacement VLM event added,,SEATBELT_D_OFF,1
884,402182287,4882303786168374106,v_distraction,[],not_confirmed,removed,"original event not confirmed by VLM, so it was removed",v_distraction,,1
885,459505113,4882303786168318961,v_phone,"['SEATBELT_D_OFF', 'v_phone']",refined,added,refined added extra VLM context,,SEATBELT_D_OFF,1
886,523824244,4882303786168293276,v_phone,"['SEATBELT_D_OFF', 'v_phone']",refined,added,refined added extra VLM context,,SEATBELT_D_OFF,1
887,338306241,4882303786168287483,v_phone,"['SEATBELT_D_OFF', 'v_phone']",refined,added,refined added extra VLM context,,SEATBELT_D_OFF,1
888,523824244,4882303786168284824,v_distraction,['SEATBELT_D_OFF'],contradicted,removed,VLM contradicted original telematics event — original removed,v_distraction,,1
888,523824244,4882303786168284824,v_distraction,['SEATBELT_D_OFF'],contradicted,added,VLM contradicted original — replacement VLM event added,,SEATBELT_D_OFF,1
889,366751690,4882303786168280482,v_yawn,['v_phone'],contradicted,removed,VLM contradicted original telematics event — original removed,v_yawn,,1
889,366751690,4882303786168280482,v_yawn,['v_phone'],contradicted,added,VLM contradicted original — replacement VLM event added,,v_phone,1
890,459505113,4882303786168274052,v_eye_closed,[],not_confirmed,removed,"original event not confirmed by VLM, so it was removed",v_eye_closed,,1
891,459505113,4882303786168269936,v_distraction,['SEATBELT_D_OFF'],contradicted,removed,VLM contradicted original telematics event — original removed,v_distraction,,1
891,459505113,4882303786168269936,v_distraction,['SEATBELT_D_OFF'],contradicted,added,VLM contradicted original — replacement VLM event added,,SEATBELT_D_OFF,1
892,366751690,4882303786168222430,v_distraction,['v_distraction'],confirmed,no_change,"original event stayed, no extra VLM event needed",,,0
893,366751690,4882303786168184194,v_phone,['v_phone'],confirmed,no_change,"original event stayed, no extra VLM event needed",,,0
894,336920768,4882303786168149342,v_yawn,['SEATBELT_D_OFF'],contradicted,removed,VLM contradicted original telematics event — original removed,v_yawn,,1
894,336920768,4882303786168149342,v_yawn,['SEATBELT_D_OFF'],contradicted,added,VLM contradicted original — replacement VLM event added,,SEATBELT_D_OFF,1
895,453948326,4882303786168104252,v_phone,['v_phone'],confirmed,no_change,"original event stayed, no extra VLM event needed",,,0
896,464868635,4882303786168063597,v_phone,['v_phone'],confirmed,no_change,"original event stayed, no extra VLM event needed",,,0
897,453948326,4882303786167982193,v_phone,['v_phone'],confirmed,no_change,"original event stayed, no extra VLM event needed",,,0
898,425968651,4882303786167802963,v_distraction,[],not_confirmed,removed,"original event not confirmed by VLM, so it was removed",v_distraction,,1
899,434885978,4882303786165654954,v_distraction,[],not_confirmed,removed,"original event not confirmed by VLM, so it was removed",v_distraction,,1
900,523824244,4882303786165505223,v_distraction,"['SEATBELT_D_OFF', 'v_phone']",contradicted,removed,VLM contradicted original telematics event — original removed,v_distraction,,1
900,523824244,4882303786165505223,v_distraction,"['SEATBELT_D_OFF', 'v_phone']",contradicted,added,VLM contradicted original — replacement VLM event added,,SEATBELT_D_OFF,1
900,523824244,4882303786165505223,v_distraction,"['SEATBELT_D_OFF', 'v_phone']",contradicted,added,VLM contradicted original — replacement VLM event added,,v_phone,1
901,507302529,4882303786165490380,v_eye_closed,[],not_confirmed,removed,"original event not confirmed by VLM, so it was removed",v_eye_closed,,1
902,464868635,4882303786165119387,v_phone,['v_phone'],confirmed,no_change,"original event stayed, no extra VLM event needed",,,0
903,429536893,4882303786165084800,v_phone,['v_phone'],confirmed,no_change,"original event stayed, no extra VLM event needed",,,0
904,429536893,4882303786164925161,v_phone,['v_phone'],confirmed,no_change,"original event stayed, no extra VLM event needed",,,0
905,507302529,4882303786164910455,v_distraction,[],not_confirmed,removed,"original event not confirmed by VLM, so it was removed",v_distraction,,1
906,453865293,4882303786164896478,v_phone,['v_phone'],confirmed,no_change,"original event stayed, no extra VLM event needed",,,0
907,523824244,4882303786164876461,v_distraction,"['SEATBELT_D_OFF', 'v_distraction']",refined,added,refined added extra VLM context,,SEATBELT_D_OFF,1
908,464868635,4882303786164854558,v_phone,"['SEATBELT_D_OFF', 'v_phone']",refined,added,refined added extra VLM context,,SEATBELT_D_OFF,1
909,460126729,4882303786164805346,v_fatigue,[],not_confirmed,removed,"original event not confirmed by VLM, so it was removed",v_fatigue,,1
910,460126729,4882303786164762172,v_phone,['v_phone'],confirmed,no_change,"original event stayed, no extra VLM event needed",,,0
911,334008589,4882303786164744074,v_phone,"['SEATBELT_D_OFF', 'v_phone']",refined,added,refined added extra VLM context,,SEATBELT_D_OFF,1
912,507451763,4882303786164736210,v_fatigue,[],not_confirmed,removed,"original event not confirmed by VLM, so it was removed",v_fatigue,,1
913,507451763,4882303786164577672,v_cam_covered,[],not_confirmed,removed,"original event not confirmed by VLM, so it was removed",v_cam_covered,,1
914,464868635,4882303786164574895,v_phone,"['SEATBELT_D_OFF', 'v_phone']",refined,added,refined added extra VLM context,,SEATBELT_D_OFF,1
915,464868635,4882303786164452444,v_phone,"['SEATBELT_D_OFF', 'v_phone']",refined,added,refined added extra VLM context,,SEATBELT_D_OFF,1
916,437380121,4882303786164429742,v_distraction,[],not_confirmed,removed,"original event not confirmed by VLM, so it was removed",v_distraction,,1
917,437380121,4882303786164404436,v_yawn,['v_fatigue'],refined,added,refined added extra VLM context,,v_fatigue,1
918,409223544,4882303786164374882,v_fatigue,['SEATBELT_D_OFF'],contradicted,removed,VLM contradicted original telematics event — original removed,v_fatigue,,1
918,409223544,4882303786164374882,v_fatigue,['SEATBELT_D_OFF'],contradicted,added,VLM contradicted original — replacement VLM event added,,SEATBELT_D_OFF,1
919,464868635,4882303786164328278,v_phone,['v_phone'],confirmed,no_change,"original event stayed, no extra VLM event needed",,,0
920,437380121,4882303786164302322,v_distraction,[],not_confirmed,removed,"original event not confirmed by VLM, so it was removed",v_distraction,,1
921,507302529,4882303786164219064,v_eye_closed,[],not_confirmed,removed,"original event not confirmed by VLM, so it was removed",v_eye_closed,,1
922,333584194,4882303786164213091,v_yawn,[],not_confirmed,removed,"original event not confirmed by VLM, so it was removed",v_yawn,,1
923,464868635,4882303786164197370,v_phone,['v_phone'],confirmed,no_change,"original event stayed, no extra VLM event needed",,,0
924,507302529,4882303786164183954,v_distraction,['SEATBELT_D_OFF'],contradicted,removed,VLM contradicted original telematics event — original removed,v_distraction,,1
924,507302529,4882303786164183954,v_distraction,['SEATBELT_D_OFF'],contradicted,added,VLM contradicted original — replacement VLM event added,,SEATBELT_D_OFF,1
925,365598969,4882303786164074176,v_phone,"['SEATBELT_D_OFF', 'v_phone']",refined,added,refined added extra VLM context,,SEATBELT_D_OFF,1
926,464868635,4882303786164048452,v_phone,['v_phone'],confirmed,no_change,"original event stayed, no extra VLM event needed",,,0
927,437380121,4882303786164048180,v_distraction,[],not_confirmed,removed,"original event not confirmed by VLM, so it was removed",v_distraction,,1
928,416296124,4882303786164034378,v_cam_covered,[],confirmed,no_change,"original event stayed, no extra VLM event needed",,,0
929,443717449,4882303786163942271,v_phone,"['SEATBELT_D_OFF', 'v_phone']",refined,added,refined added extra VLM context,,SEATBELT_D_OFF,1
930,507302529,4882303786163929106,v_distraction,[],not_confirmed,removed,"original event not confirmed by VLM, so it was removed",v_distraction,,1
931,464868635,4882303786163907284,v_phone,['v_phone'],confirmed,no_change,"original event stayed, no extra VLM event needed",,,0
932,437380121,4882303786163886788,v_distraction,"['v_phone', 'v_distraction']",refined,added,refined added extra VLM context,,v_phone,1
933,429536893,4882303786163865784,v_phone,['v_phone'],confirmed,no_change,"original event stayed, no extra VLM event needed",,,0
934,523824244,4882303786163786500,v_eye_closed,"['SEATBELT_D_OFF', 'v_phone']",contradicted,removed,VLM contradicted original telematics event — original removed,v_eye_closed,,1
934,523824244,4882303786163786500,v_eye_closed,"['SEATBELT_D_OFF', 'v_phone']",contradicted,added,VLM contradicted original — replacement VLM event added,,SEATBELT_D_OFF,1
934,523824244,4882303786163786500,v_eye_closed,"['SEATBELT_D_OFF', 'v_phone']",contradicted,added,VLM contradicted original — replacement VLM event added,,v_phone,1
935,523824244,4882303786163777297,v_distraction,[],not_confirmed,removed,"original event not confirmed by VLM, so it was removed",v_distraction,,1
936,507302529,4882303786163755870,v_distraction,[],not_confirmed,removed,"original event not confirmed by VLM, so it was removed",v_distraction,,1
937,507302529,4882303786163721163,v_eye_closed,['v_phone'],contradicted,removed,VLM contradicted original telematics event — original removed,v_eye_closed,,1
937,507302529,4882303786163721163,v_eye_closed,['v_phone'],contradicted,added,VLM contradicted original — replacement VLM event added,,v_phone,1
938,507302529,4882303786163720110,v_phone,['v_phone'],confirmed,no_change,"original event stayed, no extra VLM event needed",,,0
939,338306241,4882303786163684046,v_phone,"['SEATBELT_D_OFF', 'v_phone']",refined,added,refined added extra VLM context,,SEATBELT_D_OFF,1
940,365598969,4882303786163653680,v_phone,"['SEATBELT_D_OFF', 'v_phone']",refined,added,refined added extra VLM context,,SEATBELT_D_OFF,1
941,437380121,4882303786163648587,v_distraction,['v_distraction'],confirmed,no_change,"original event stayed, no extra VLM event needed",,,0
942,460126901,4882303786163599616,v_phone,"['SEATBELT_D_OFF', 'v_phone']",refined,added,refined added extra VLM context,,SEATBELT_D_OFF,1
943,429536893,4882303786163594102,v_phone,['v_phone'],confirmed,no_change,"original event stayed, no extra VLM event needed",,,0
944,507302529,4882303786163560742,v_distraction,[],review_only,no_change,review_only found nothing new to add,,,0
945,507302529,4882303786163514622,v_eye_closed,[],not_confirmed,removed,"original event not confirmed by VLM, so it was removed",v_eye_closed,,1
946,425968651,4882303786163494027,v_yawn,['v_fatigue'],refined,added,refined added extra VLM context,,v_fatigue,1
947,429536893,4882303786163424264,v_phone,"['SEATBELT_D_OFF', 'v_phone']",refined,added,refined added extra VLM context,,SEATBELT_D_OFF,1
948,425968651,4882303786163414122,v_distraction,[],not_confirmed,removed,"original event not confirmed by VLM, so it was removed",v_distraction,,1
949,336854753,4882303786163362745,v_phone,"['SEATBELT_D_OFF', 'v_phone']",refined,added,refined added extra VLM context,,SEATBELT_D_OFF,1
950,322641996,4882303786163314326,v_distraction,[],not_confirmed,removed,"original event not confirmed by VLM, so it was removed",v_distraction,,1
951,333545827,4882303786163310347,v_phone,"['SEATBELT_D_OFF', 'v_phone']",refined,added,refined added extra VLM context,,SEATBELT_D_OFF,1
952,507302529,4882303786163288637,v_distraction,[],not_confirmed,removed,"original event not confirmed by VLM, so it was removed",v_distraction,,1
953,425968651,4882303786163244997,v_distraction,[],no_vlm_signal,no_change,VLM produced no usable event,,,0
954,429536893,4882303786163239842,v_phone,"['SEATBELT_D_OFF', 'v_phone']",refined,added,refined added extra VLM context,,SEATBELT_D_OFF,1
955,365598883,4882303786163171132,v_yawn,['SEATBELT_D_OFF'],contradicted,removed,VLM contradicted original telematics event — original removed,v_yawn,,1
955,365598883,4882303786163171132,v_yawn,['SEATBELT_D_OFF'],contradicted,added,VLM contradicted original — replacement VLM event added,,SEATBELT_D_OFF,1
956,333545827,4882303786163116469,v_phone,"['SEATBELT_D_OFF', 'v_phone']",refined,added,refined added extra VLM context,,SEATBELT_D_OFF,1
957,425968651,4882303786163081492,v_distraction,[],not_confirmed,removed,"original event not confirmed by VLM, so it was removed",v_distraction,,1
958,507302529,4882303786163048316,v_phone,['v_phone'],confirmed,no_change,"original event stayed, no extra VLM event needed",,,0
959,322641996,4882303786163036546,v_yawn,['SEATBELT_D_OFF'],contradicted,removed,VLM contradicted original telematics event — original removed,v_yawn,,1
959,322641996,4882303786163036546,v_yawn,['SEATBELT_D_OFF'],contradicted,added,VLM contradicted original — replacement VLM event added,,SEATBELT_D_OFF,1
960,336920475,4882303786163012995,v_yawn,[],not_confirmed,removed,"original event not confirmed by VLM, so it was removed",v_yawn,,1
961,507302529,4882303786163006476,v_eye_closed,"['v_phone', 'v_fatigue']",refined,added,refined added extra VLM context,,v_phone,1
961,507302529,4882303786163006476,v_eye_closed,"['v_phone', 'v_fatigue']",refined,added,refined added extra VLM context,,v_fatigue,1
962,366751690,4882303786162939503,v_eye_closed,['SEATBELT_D_OFF'],contradicted,removed,VLM contradicted original telematics event — original removed,v_eye_closed,,1
962,366751690,4882303786162939503,v_eye_closed,['SEATBELT_D_OFF'],contradicted,added,VLM contradicted original — replacement VLM event added,,SEATBELT_D_OFF,1
963,425968651,4882303786162903724,v_distraction,[],no_vlm_signal,no_change,VLM produced no usable event,,,0
964,507302529,4882303786162897206,v_distraction,"['v_phone', 'v_distraction']",refined,added,refined added extra VLM context,,v_phone,1
965,335116387,4882303786162866296,v_distraction,['SEATBELT_D_OFF'],contradicted,removed,VLM contradicted original telematics event — original removed,v_distraction,,1
965,335116387,4882303786162866296,v_distraction,['SEATBELT_D_OFF'],contradicted,added,VLM contradicted original — replacement VLM event added,,SEATBELT_D_OFF,1
966,429536893,4882303786162848168,v_phone,"['SEATBELT_D_OFF', 'v_phone']",refined,added,refined added extra VLM context,,SEATBELT_D_OFF,1
967,334159140,4882303786162839623,v_phone,['v_phone'],confirmed,no_change,"original event stayed, no extra VLM event needed",,,0
968,507302529,4882303786162824299,v_eye_closed,[],not_confirmed,removed,"original event not confirmed by VLM, so it was removed",v_eye_closed,,1
969,507302529,4882303786162810618,v_phone,"['SEATBELT_D_OFF', 'v_phone']",refined,added,refined added extra VLM context,,SEATBELT_D_OFF,1
970,443413751,4882303786162774844,v_phone,['v_phone'],confirmed,no_change,"original event stayed, no extra VLM event needed",,,0
971,365598883,4882303786162763149,v_yawn,['v_fatigue'],refined,added,refined added extra VLM context,,v_fatigue,1
972,425968651,4882303786162725321,v_distraction,[],not_confirmed,removed,"original event not confirmed by VLM, so it was removed",v_distraction,,1
973,304245737,4882303786162641121,v_yawn,[],not_confirmed,removed,"original event not confirmed by VLM, so it was removed",v_yawn,,1
974,507302529,4882303786162621479,v_distraction,[],not_confirmed,removed,"original event not confirmed by VLM, so it was removed",v_distraction,,1
975,366751690,4882303786162590508,v_phone,['v_phone'],confirmed,no_change,"original event stayed, no extra VLM event needed",,,0
976,429536893,4882303786162590136,v_phone,"['SEATBELT_D_OFF', 'v_phone']",refined,added,refined added extra VLM context,,SEATBELT_D_OFF,1
977,366751690,4882303786162577077,v_phone,[],review_only,no_change,review_only found nothing new to add,,,0
978,336920475,4882303786162469602,v_yawn,[],not_confirmed,removed,"original event not confirmed by VLM, so it was removed",v_yawn,,1
979,435028160,4882303786162462307,v_phone,['v_phone'],confirmed,no_change,"original event stayed, no extra VLM event needed",,,0
980,460126729,4882303786162461258,v_phone,['v_phone'],confirmed,no_change,"original event stayed, no extra VLM event needed",,,0
981,365598883,4882303786162452019,v_yawn,['v_fatigue'],refined,added,refined added extra VLM context,,v_fatigue,1
982,437380121,4882303786162424714,v_yawn,[],not_confirmed,removed,"original event not confirmed by VLM, so it was removed",v_yawn,,1
983,429536893,4882303786162396404,v_phone,"['SEATBELT_D_OFF', 'v_phone']",refined,added,refined added extra VLM context,,SEATBELT_D_OFF,1
984,437380121,4882303786162365611,v_phone,[],not_confirmed,removed,"original event not confirmed by VLM, so it was removed",v_phone,,1
985,437380121,4882303786162357638,v_distraction,[],not_confirmed,removed,"original event not confirmed by VLM, so it was removed",v_distraction,,1
986,334148753,4882303786162332620,v_phone,"['SEATBELT_D_OFF', 'v_phone']",refined,added,refined added extra VLM context,,SEATBELT_D_OFF,1
987,365670886,4882303786162293542,v_phone,['v_phone'],confirmed,no_change,"original event stayed, no extra VLM event needed",,,0
988,365670886,4882303786162290830,v_eye_closed,['v_phone'],contradicted,removed,VLM contradicted original telematics event — original removed,v_eye_closed,,1
988,365670886,4882303786162290830,v_eye_closed,['v_phone'],contradicted,added,VLM contradicted original — replacement VLM event added,,v_phone,1
989,460126729,4882303786162277620,v_phone,['v_phone'],confirmed,no_change,"original event stayed, no extra VLM event needed",,,0
990,334008589,4882303786162247768,v_yawn,['SEATBELT_D_OFF'],contradicted,removed,VLM contradicted original telematics event — original removed,v_yawn,,1
990,334008589,4882303786162247768,v_yawn,['SEATBELT_D_OFF'],contradicted,added,VLM contradicted original — replacement VLM event added,,SEATBELT_D_OFF,1
991,334802885,4882303786162234231,v_distraction,[],not_confirmed,removed,"original event not confirmed by VLM, so it was removed",v_distraction,,1
992,429536893,4882303786162222701,v_phone,"['SEATBELT_D_OFF', 'v_phone']",refined,added,refined added extra VLM context,,SEATBELT_D_OFF,1
993,452477724,4882303786162220505,v_yawn,"['SEATBELT_D_OFF', 'v_phone']",contradicted,removed,VLM contradicted original telematics event — original removed,v_yawn,,1
993,452477724,4882303786162220505,v_yawn,"['SEATBELT_D_OFF', 'v_phone']",contradicted,added,VLM contradicted original — replacement VLM event added,,SEATBELT_D_OFF,1
993,452477724,4882303786162220505,v_yawn,"['SEATBELT_D_OFF', 'v_phone']",contradicted,added,VLM contradicted original — replacement VLM event added,,v_phone,1
994,452477724,4882303786162216477,v_distraction,"['SEATBELT_D_OFF', 'v_phone', 'v_distraction']",refined,added,refined added extra VLM context,,SEATBELT_D_OFF,1
994,452477724,4882303786162216477,v_distraction,"['SEATBELT_D_OFF', 'v_phone', 'v_distraction']",refined,added,refined added extra VLM context,,v_phone,1
995,437380121,4882303786162197000,v_distraction,['v_distraction'],confirmed,no_change,"original event stayed, no extra VLM event needed",,,0
996,437380121,4882303786162168379,v_yawn,[],not_confirmed,removed,"original event not confirmed by VLM, so it was removed",v_yawn,,1
997,460126729,4882303786162097557,v_phone,['v_phone'],confirmed,no_change,"original event stayed, no extra VLM event needed",,,0
998,437380121,4882303786162092651,v_phone,[],not_confirmed,removed,"original event not confirmed by VLM, so it was removed",v_phone,,1
999,366763791,4882303786162087759,v_eye_closed,"['SEATBELT_D_OFF', 'v_fatigue']",refined,added,refined added extra VLM context,,SEATBELT_D_OFF,1
999,366763791,4882303786162087759,v_eye_closed,"['SEATBELT_D_OFF', 'v_fatigue']",refined,added,refined added extra VLM context,,v_fatigue,1
1000,334008589,4882303786162058590,v_phone,"['SEATBELT_D_OFF', 'v_phone']",refined,added,refined added extra VLM context,,SEATBELT_D_OFF,1
1001,435028160,4882303786162051788,v_phone,['v_phone'],confirmed,no_change,"original event stayed, no extra VLM event needed",,,0
1002,437380121,4882303786161987202,v_distraction,['v_distraction'],confirmed,no_change,"original event stayed, no extra VLM event needed",,,0
1003,460126729,4882303786161930025,v_phone,['v_phone'],confirmed,no_change,"original event stayed, no extra VLM event needed",,,0
1004,317984514,4882303786161904939,v_cam_covered,['SEATBELT_D_OFF'],contradicted,removed,VLM contradicted original telematics event — original removed,v_cam_covered,,1
1004,317984514,4882303786161904939,v_cam_covered,['SEATBELT_D_OFF'],contradicted,added,VLM contradicted original — replacement VLM event added,,SEATBELT_D_OFF,1
1005,373272248,4882303786161876608,v_fatigue,[],not_confirmed,removed,"original event not confirmed by VLM, so it was removed",v_fatigue,,1
1006,422017575,4882303786161814905,v_eye_closed,['v_fatigue'],refined,added,refined added extra VLM context,,v_fatigue,1
1007,429536893,4882303786161806379,v_phone,['v_phone'],confirmed,no_change,"original event stayed, no extra VLM event needed",,,0
1008,334148753,4882303786161801788,v_phone,"['SEATBELT_D_OFF', 'v_phone']",refined,added,refined added extra VLM context,,SEATBELT_D_OFF,1
1009,334802885,4882303786161783041,v_distraction,['SEATBELT_D_OFF'],contradicted,removed,VLM contradicted original telematics event — original removed,v_distraction,,1
1009,334802885,4882303786161783041,v_distraction,['SEATBELT_D_OFF'],contradicted,added,VLM contradicted original — replacement VLM event added,,SEATBELT_D_OFF,1
1010,460126729,4882303786161759209,v_phone,['v_phone'],confirmed,no_change,"original event stayed, no extra VLM event needed",,,0
1011,434885978,4882303786161751701,v_distraction,[],not_confirmed,removed,"original event not confirmed by VLM, so it was removed",v_distraction,,1
1012,334008589,4882303786161685274,v_yawn,['v_phone'],contradicted,removed,VLM contradicted original telematics event — original removed,v_yawn,,1
1012,334008589,4882303786161685274,v_yawn,['v_phone'],contradicted,added,VLM contradicted original — replacement VLM event added,,v_phone,1
1013,464868635,4882303786161670558,v_phone,['v_phone'],confirmed,no_change,"original event stayed, no extra VLM event needed",,,0
1014,422017575,4882303786161647816,v_eye_closed,['v_fatigue'],refined,added,refined added extra VLM context,,v_fatigue,1
1015,336920768,4882303786161630173,v_phone,"['SEATBELT_D_OFF', 'v_phone']",refined,added,refined added extra VLM context,,SEATBELT_D_OFF,1
1016,429536893,4882303786161622951,v_phone,['v_phone'],confirmed,no_change,"original event stayed, no extra VLM event needed",,,0
1017,422017575,4882303786161616189,v_distraction,[],not_confirmed,removed,"original event not confirmed by VLM, so it was removed",v_distraction,,1
1018,454270937,4882303786161604408,v_phone,['v_phone'],confirmed,no_change,"original event stayed, no extra VLM event needed",,,0
1019,334802885,4882303786161596635,v_distraction,['SEATBELT_D_OFF'],contradicted,removed,VLM contradicted original telematics event — original removed,v_distraction,,1
1019,334802885,4882303786161596635,v_distraction,['SEATBELT_D_OFF'],contradicted,added,VLM contradicted original — replacement VLM event added,,SEATBELT_D_OFF,1
1020,460126729,4882303786161580942,v_phone,['v_phone'],confirmed,no_change,"original event stayed, no extra VLM event needed",,,0
1021,429536893,4882303786161457833,v_phone,['v_phone'],confirmed,no_change,"original event stayed, no extra VLM event needed",,,0
1022,334008589,4882303786161443746,v_yawn,[],not_confirmed,removed,"original event not confirmed by VLM, so it was removed",v_yawn,,1
1023,366751690,4882303786161442925,v_distraction,['v_distraction'],confirmed,no_change,"original event stayed, no extra VLM event needed",,,0
1024,460126729,4882303786161407769,v_phone,['v_phone'],confirmed,no_change,"original event stayed, no extra VLM event needed",,,0
1025,366751690,4882303786161352273,v_phone,['v_phone'],confirmed,no_change,"original event stayed, no extra VLM event needed",,,0
1026,366751690,4882303786161352239,v_eye_closed,['v_phone'],contradicted,removed,VLM contradicted original telematics event — original removed,v_eye_closed,,1
1026,366751690,4882303786161352239,v_eye_closed,['v_phone'],contradicted,added,VLM contradicted original — replacement VLM event added,,v_phone,1
1027,338306241,4882303786161283284,v_phone,"['SEATBELT_D_OFF', 'v_phone']",refined,added,refined added extra VLM context,,SEATBELT_D_OFF,1
1028,336854753,4882303786161270573,v_distraction,"['SEATBELT_D_OFF', 'v_distraction']",refined,added,refined added extra VLM context,,SEATBELT_D_OFF,1
1029,322784039,4882303786161247188,v_phone,['v_phone'],confirmed,no_change,"original event stayed, no extra VLM event needed",,,0
1030,366763791,4882303786161233608,v_distraction,[],not_confirmed,removed,"original event not confirmed by VLM, so it was removed",v_distraction,,1
1031,336854753,4882303786161232006,v_phone,"['SEATBELT_D_OFF', 'v_phone']",refined,added,refined added extra VLM context,,SEATBELT_D_OFF,1
1032,459505113,4882303786161228894,v_phone,['SEATBELT_D_OFF'],contradicted,removed,VLM contradicted original telematics event — original removed,v_phone,,1
1032,459505113,4882303786161228894,v_phone,['SEATBELT_D_OFF'],contradicted,added,VLM contradicted original — replacement VLM event added,,SEATBELT_D_OFF,1
1033,460126729,4882303786161219738,v_phone,['v_phone'],confirmed,no_change,"original event stayed, no extra VLM event needed",,,0
1034,459505113,4882303786161033882,v_smoke,['SEATBELT_D_OFF'],contradicted,removed,VLM contradicted original telematics event — original removed,v_smoke,,1
1034,459505113,4882303786161033882,v_smoke,['SEATBELT_D_OFF'],contradicted,added,VLM contradicted original — replacement VLM event added,,SEATBELT_D_OFF,1
1035,443717449,4882303786161009489,v_phone,['v_phone'],confirmed,no_change,"original event stayed, no extra VLM event needed",,,0
1036,422017575,4882303786160991923,v_eye_closed,['v_fatigue'],refined,added,refined added extra VLM context,,v_fatigue,1
1037,366763791,4882303786160933000,v_phone,[],not_confirmed,removed,"original event not confirmed by VLM, so it was removed",v_phone,,1
1038,366763791,4882303786160930463,v_eye_closed,['v_phone'],contradicted,removed,VLM contradicted original telematics event — original removed,v_eye_closed,,1
1038,366763791,4882303786160930463,v_eye_closed,['v_phone'],contradicted,added,VLM contradicted original — replacement VLM event added,,v_phone,1
1039,422017575,4882303786160862594,v_distraction,[],not_confirmed,removed,"original event not confirmed by VLM, so it was removed",v_distraction,,1
1040,523824244,4882303786160836576,v_phone,"['SEATBELT_D_OFF', 'v_phone']",refined,added,refined added extra VLM context,,SEATBELT_D_OFF,1
1041,443717449,4882303786160825122,v_phone,['v_phone'],confirmed,no_change,"original event stayed, no extra VLM event needed",,,0
1042,523824244,4882303786160816061,v_eye_closed,"['SEATBELT_D_OFF', 'v_phone']",contradicted,removed,VLM contradicted original telematics event — original removed,v_eye_closed,,1
1042,523824244,4882303786160816061,v_eye_closed,"['SEATBELT_D_OFF', 'v_phone']",contradicted,added,VLM contradicted original — replacement VLM event added,,SEATBELT_D_OFF,1
1042,523824244,4882303786160816061,v_eye_closed,"['SEATBELT_D_OFF', 'v_phone']",contradicted,added,VLM contradicted original — replacement VLM event added,,v_phone,1
1043,366763791,4882303786160754815,v_phone,['v_phone'],confirmed,no_change,"original event stayed, no extra VLM event needed",,,0
1044,422017575,4882303786160723439,v_phone,['v_phone'],confirmed,no_change,"original event stayed, no extra VLM event needed",,,0
1045,523824244,4882303786160721656,v_distraction,['SEATBELT_D_OFF'],contradicted,removed,VLM contradicted original telematics event — original removed,v_distraction,,1
1045,523824244,4882303786160721656,v_distraction,['SEATBELT_D_OFF'],contradicted,added,VLM contradicted original — replacement VLM event added,,SEATBELT_D_OFF,1
1046,422017575,4882303786160715394,v_eye_closed,['v_fatigue'],refined,added,refined added extra VLM context,,v_fatigue,1
1047,437380121,4882303786160710307,v_yawn,[],not_confirmed,removed,"original event not confirmed by VLM, so it was removed",v_yawn,,1
1048,437380121,4882303786160702690,v_distraction,[],not_confirmed,removed,"original event not confirmed by VLM, so it was removed",v_distraction,,1
1049,366763791,4882303786160688188,v_eye_closed,"['SEATBELT_D_OFF', 'v_fatigue']",refined,added,refined added extra VLM context,,SEATBELT_D_OFF,1
1049,366763791,4882303786160688188,v_eye_closed,"['SEATBELT_D_OFF', 'v_fatigue']",refined,added,refined added extra VLM context,,v_fatigue,1
1050,333584194,4882303786160644282,v_yawn,[],not_confirmed,removed,"original event not confirmed by VLM, so it was removed",v_yawn,,1
1051,334008589,4882303786160639248,v_yawn,"['SEATBELT_D_OFF', 'v_phone']",contradicted,removed,VLM contradicted original telematics event — original removed,v_yawn,,1
1051,334008589,4882303786160639248,v_yawn,"['SEATBELT_D_OFF', 'v_phone']",contradicted,added,VLM contradicted original — replacement VLM event added,,SEATBELT_D_OFF,1
1051,334008589,4882303786160639248,v_yawn,"['SEATBELT_D_OFF', 'v_phone']",contradicted,added,VLM contradicted original — replacement VLM event added,,v_phone,1
1052,459505113,4882303786160615849,v_eye_closed,['v_phone'],contradicted,removed,VLM contradicted original telematics event — original removed,v_eye_closed,,1
1052,459505113,4882303786160615849,v_eye_closed,['v_phone'],contradicted,added,VLM contradicted original — replacement VLM event added,,v_phone,1
1053,459505113,4882303786160609688,v_distraction,"['v_phone', 'v_distraction']",refined,added,refined added extra VLM context,,v_phone,1
1054,336854753,4882303786160596009,v_phone,"['SEATBELT_D_OFF', 'v_phone']",refined,added,refined added extra VLM context,,SEATBELT_D_OFF,1
1055,338306241,4882303786160593976,v_phone,['v_phone'],confirmed,no_change,"original event stayed, no extra VLM event needed",,,0
1056,333545827,4882303786160580757,v_phone,"['SEATBELT_D_OFF', 'v_phone']",refined,added,refined added extra VLM context,,SEATBELT_D_OFF,1
1057,422017575,4882303786160551287,v_phone,[],not_confirmed,removed,"original event not confirmed by VLM, so it was removed",v_phone,,1
1058,422017575,4882303786160496705,v_yawn,['v_fatigue'],refined,added,refined added extra VLM context,,v_fatigue,1
1059,334008589,4882303786160479048,v_yawn,['SEATBELT_D_OFF'],contradicted,removed,VLM contradicted original telematics event — original removed,v_yawn,,1
1059,334008589,4882303786160479048,v_yawn,['SEATBELT_D_OFF'],contradicted,added,VLM contradicted original — replacement VLM event added,,SEATBELT_D_OFF,1
1060,333584194,4882303786160474927,v_distraction,"['SEATBELT_D_OFF', 'v_phone']",contradicted,removed,VLM contradicted original telematics event — original removed,v_distraction,,1
1060,333584194,4882303786160474927,v_distraction,"['SEATBELT_D_OFF', 'v_phone']",contradicted,added,VLM contradicted original — replacement VLM event added,,SEATBELT_D_OFF,1
1060,333584194,4882303786160474927,v_distraction,"['SEATBELT_D_OFF', 'v_phone']",contradicted,added,VLM contradicted original — replacement VLM event added,,v_phone,1
1061,422017575,4882303786160452088,v_distraction,[],not_confirmed,removed,"original event not confirmed by VLM, so it was removed",v_distraction,,1
1062,437380121,4882303786160433870,v_phone,[],not_confirmed,removed,"original event not confirmed by VLM, so it was removed",v_phone,,1
1063,437380121,4882303786160393658,v_distraction,[],not_confirmed,removed,"original event not confirmed by VLM, so it was removed",v_distraction,,1
1064,339001982,4882303786160388597,v_fatigue,[],not_confirmed,removed,"original event not confirmed by VLM, so it was removed",v_fatigue,,1
1065,453948326,4882303786160379771,v_phone,['v_phone'],confirmed,no_change,"original event stayed, no extra VLM event needed",,,0
1066,333584194,4882303786160337259,v_yawn,[],not_confirmed,removed,"original event not confirmed by VLM, so it was removed",v_yawn,,1
1067,334008589,4882303786160308016,v_yawn,"['SEATBELT_D_OFF', 'v_phone']",contradicted,removed,VLM contradicted original telematics event — original removed,v_yawn,,1
1067,334008589,4882303786160308016,v_yawn,"['SEATBELT_D_OFF', 'v_phone']",contradicted,added,VLM contradicted original — replacement VLM event added,,SEATBELT_D_OFF,1
1067,334008589,4882303786160308016,v_yawn,"['SEATBELT_D_OFF', 'v_phone']",contradicted,added,VLM contradicted original — replacement VLM event added,,v_phone,1
1068,334008589,4882303786160198514,v_phone,"['SEATBELT_D_OFF', 'v_phone']",refined,added,refined added extra VLM context,,SEATBELT_D_OFF,1
1069,336854753,4882303786160154037,v_phone,['SEATBELT_D_OFF'],contradicted,removed,VLM contradicted original telematics event — original removed,v_phone,,1
1069,336854753,4882303786160154037,v_phone,['SEATBELT_D_OFF'],contradicted,added,VLM contradicted original — replacement VLM event added,,SEATBELT_D_OFF,1
1070,365670886,4882303786160077147,v_eye_closed,['SEATBELT_D_OFF'],contradicted,removed,VLM contradicted original telematics event — original removed,v_eye_closed,,1
1070,365670886,4882303786160077147,v_eye_closed,['SEATBELT_D_OFF'],contradicted,added,VLM contradicted original — replacement VLM event added,,SEATBELT_D_OFF,1
1071,336854753,4882303786160054580,v_fatigue,[],not_confirmed,removed,"original event not confirmed by VLM, so it was removed",v_fatigue,,1
1072,366751690,4882303786159988952,v_eye_closed,['v_phone'],contradicted,removed,VLM contradicted original telematics event — original removed,v_eye_closed,,1
1072,366751690,4882303786159988952,v_eye_closed,['v_phone'],contradicted,added,VLM contradicted original — replacement VLM event added,,v_phone,1
1073,336854753,4882303786159890760,v_phone,"['SEATBELT_D_OFF', 'v_phone']",refined,added,refined added extra VLM context,,SEATBELT_D_OFF,1
1074,336854753,4882303786159884386,v_fatigue,['v_fatigue'],confirmed,no_change,"original event stayed, no extra VLM event needed",,,0
1075,336854753,4882303786159863306,v_distraction,['SEATBELT_D_OFF'],contradicted,removed,VLM contradicted original telematics event — original removed,v_distraction,,1
1075,336854753,4882303786159863306,v_distraction,['SEATBELT_D_OFF'],contradicted,added,VLM contradicted original — replacement VLM event added,,SEATBELT_D_OFF,1
1076,338306241,4882303786159836593,v_phone,['v_phone'],confirmed,no_change,"original event stayed, no extra VLM event needed",,,0
1077,373272248,4882303786159833169,v_phone,['v_phone'],confirmed,no_change,"original event stayed, no extra VLM event needed",,,0
1078,333584194,4882303786159778711,v_yawn,['v_phone'],contradicted,removed,VLM contradicted original telematics event — original removed,v_yawn,,1
1078,333584194,4882303786159778711,v_yawn,['v_phone'],contradicted,added,VLM contradicted original — replacement VLM event added,,v_phone,1
1079,443657921,4882303786159775180,v_fatigue,['v_fatigue'],confirmed,no_change,"original event stayed, no extra VLM event needed",,,0
1080,507302529,4882303786159772993,v_yawn,[],not_confirmed,removed,"original event not confirmed by VLM, so it was removed",v_yawn,,1
1081,507302529,4882303786159695360,v_distraction,[],not_confirmed,removed,"original event not confirmed by VLM, so it was removed",v_distraction,,1
1082,422017575,4882303786159681635,v_eye_closed,['v_fatigue'],refined,added,refined added extra VLM context,,v_fatigue,1
1083,366763791,4882303786159678881,v_eye_closed,['v_fatigue'],refined,added,refined added extra VLM context,,v_fatigue,1
1084,338306241,4882303786159665695,v_phone,['v_phone'],confirmed,no_change,"original event stayed, no extra VLM event needed",,,0
1085,334008589,4882303786159575010,v_distraction,[],not_confirmed,removed,"original event not confirmed by VLM, so it was removed",v_distraction,,1
1086,460126901,4882303786159549202,v_phone,"['SEATBELT_D_OFF', 'v_phone']",refined,added,refined added extra VLM context,,SEATBELT_D_OFF,1
1087,334008589,4882303786159543321,v_phone,"['SEATBELT_D_OFF', 'v_phone']",refined,added,refined added extra VLM context,,SEATBELT_D_OFF,1
1088,422017575,4882303786159519091,v_eye_closed,[],confirmed,no_change,"original event stayed, no extra VLM event needed",,,0
1089,333584194,4882303786159518100,v_distraction,"['SEATBELT_D_OFF', 'v_phone', 'v_distraction']",refined,added,refined added extra VLM context,,SEATBELT_D_OFF,1
1089,333584194,4882303786159518100,v_distraction,"['SEATBELT_D_OFF', 'v_phone', 'v_distraction']",refined,added,refined added extra VLM context,,v_phone,1
1090,366763791,4882303786159512956,v_eye_closed,"['v_phone', 'v_fatigue']",refined,added,refined added extra VLM context,,v_phone,1
1090,366763791,4882303786159512956,v_eye_closed,"['v_phone', 'v_fatigue']",refined,added,refined added extra VLM context,,v_fatigue,1
1091,366763791,4882303786159512330,v_phone,['v_phone'],confirmed,no_change,"original event stayed, no extra VLM event needed",,,0
1092,334008589,4882303786159509118,v_yawn,[],not_confirmed,removed,"original event not confirmed by VLM, so it was removed",v_yawn,,1
1093,333584194,4882303786159504712,v_yawn,['SEATBELT_D_OFF'],contradicted,removed,VLM contradicted original telematics event — original removed,v_yawn,,1
1093,333584194,4882303786159504712,v_yawn,['SEATBELT_D_OFF'],contradicted,added,VLM contradicted original — replacement VLM event added,,SEATBELT_D_OFF,1
1094,336854753,4882303786159354665,v_distraction,"['SEATBELT_D_OFF', 'v_phone', 'v_distraction']",refined,added,refined added extra VLM context,,SEATBELT_D_OFF,1
1094,336854753,4882303786159354665,v_distraction,"['SEATBELT_D_OFF', 'v_phone', 'v_distraction']",refined,added,refined added extra VLM context,,v_phone,1
1095,322784039,4882303786159305334,v_phone,['v_phone'],confirmed,no_change,"original event stayed, no extra VLM event needed",,,0
1096,422017575,4882303786159302667,v_eye_closed,['v_fatigue'],refined,added,refined added extra VLM context,,v_fatigue,1
1097,409223544,4882303786159302463,v_distraction,[],not_confirmed,removed,"original event not confirmed by VLM, so it was removed",v_distraction,,1
1098,334008589,4882303786159293869,v_yawn,['v_fatigue'],refined,added,refined added extra VLM context,,v_fatigue,1
1099,460126729,4882303786159291320,v_phone,['v_phone'],confirmed,no_change,"original event stayed, no extra VLM event needed",,,0
1100,322784039,4882303786159283495,v_fatigue,[],not_confirmed,removed,"original event not confirmed by VLM, so it was removed",v_fatigue,,1
1101,317984619,4882303786159275898,v_phone,['v_phone'],confirmed,no_change,"original event stayed, no extra VLM event needed",,,0
1102,366763791,4882303786159248005,v_eye_closed,['v_fatigue'],refined,added,refined added extra VLM context,,v_fatigue,1
1103,334148753,4882303786159168642,v_distraction,[],not_confirmed,removed,"original event not confirmed by VLM, so it was removed",v_distraction,,1
1104,422017575,4882303786159164327,v_distraction,[],not_confirmed,removed,"original event not confirmed by VLM, so it was removed",v_distraction,,1
1105,460126729,4882303786159116046,v_phone,['v_phone'],confirmed,no_change,"original event stayed, no extra VLM event needed",,,0
1106,334008589,4882303786159068475,v_yawn,['SEATBELT_D_OFF'],contradicted,removed,VLM contradicted original telematics event — original removed,v_yawn,,1
1106,334008589,4882303786159068475,v_yawn,['SEATBELT_D_OFF'],contradicted,added,VLM contradicted original — replacement VLM event added,,SEATBELT_D_OFF,1
1107,365670886,4882303786159040946,v_phone,"['SEATBELT_D_OFF', 'v_phone']",refined,added,refined added extra VLM context,,SEATBELT_D_OFF,1
1108,422017575,4882303786159011290,v_yawn,['v_fatigue'],refined,added,refined added extra VLM context,,v_fatigue,1
1109,422017575,4882303786158981167,v_distraction,[],not_confirmed,removed,"original event not confirmed by VLM, so it was removed",v_distraction,,1
1110,460126729,4882303786158957940,v_phone,['v_phone'],confirmed,no_change,"original event stayed, no extra VLM event needed",,,0
1111,429536893,4882303786158859948,v_phone,['v_phone'],confirmed,no_change,"original event stayed, no extra VLM event needed",,,0
1112,366763791,4882303786158848418,v_eye_closed,"['SEATBELT_D_OFF', 'v_fatigue']",refined,added,refined added extra VLM context,,SEATBELT_D_OFF,1
1112,366763791,4882303786158848418,v_eye_closed,"['SEATBELT_D_OFF', 'v_fatigue']",refined,added,refined added extra VLM context,,v_fatigue,1
1113,453865293,4882303786158793369,v_phone,['v_phone'],confirmed,no_change,"original event stayed, no extra VLM event needed",,,0
1114,322784039,4882303786158778010,v_phone,"['SEATBELT_D_OFF', 'v_phone']",refined,added,refined added extra VLM context,,SEATBELT_D_OFF,1
1115,422017575,4882303786158754136,v_distraction,[],not_confirmed,removed,"original event not confirmed by VLM, so it was removed",v_distraction,,1
1116,334148753,4882303786158711751,v_distraction,['v_distraction'],confirmed,no_change,"original event stayed, no extra VLM event needed",,,0
1117,416296124,4882303786158694829,v_cam_covered,[],no_vlm_signal,no_change,VLM produced no usable event,,,0
1118,366763791,4882303786158652412,v_phone,"['SEATBELT_D_OFF', 'v_phone']",refined,added,refined added extra VLM context,,SEATBELT_D_OFF,1
1119,443657921,4882303786158515610,v_fatigue,[],not_confirmed,removed,"original event not confirmed by VLM, so it was removed",v_fatigue,,1
1120,443717449,4882303786158504545,v_phone,['v_phone'],confirmed,no_change,"original event stayed, no extra VLM event needed",,,0
1121,366763791,4882303786158501031,v_eye_closed,"['SEATBELT_D_OFF', 'v_fatigue']",refined,added,refined added extra VLM context,,SEATBELT_D_OFF,1
1121,366763791,4882303786158501031,v_eye_closed,"['SEATBELT_D_OFF', 'v_fatigue']",refined,added,refined added extra VLM context,,v_fatigue,1
1122,507302529,4882303786158475137,v_distraction,[],not_confirmed,removed,"original event not confirmed by VLM, so it was removed",v_distraction,,1
1123,336854753,4882303786158457701,v_distraction,['v_distraction'],confirmed,no_change,"original event stayed, no extra VLM event needed",,,0
1124,336854753,4882303786158401678,v_phone,['v_phone'],confirmed,no_change,"original event stayed, no extra VLM event needed",,,0
1125,437380121,4882303786158307005,v_distraction,[],not_confirmed,removed,"original event not confirmed by VLM, so it was removed",v_distraction,,1
1126,334008589,4882303786158274389,v_yawn,['SEATBELT_D_OFF'],contradicted,removed,VLM contradicted original telematics event — original removed,v_yawn,,1
1126,334008589,4882303786158274389,v_yawn,['SEATBELT_D_OFF'],contradicted,added,VLM contradicted original — replacement VLM event added,,SEATBELT_D_OFF,1
1127,443717449,4882303786158259727,v_phone,['v_phone'],confirmed,no_change,"original event stayed, no extra VLM event needed",,,0
1128,366763791,4882303786158231179,v_eye_closed,"['SEATBELT_D_OFF', 'v_fatigue']",refined,added,refined added extra VLM context,,SEATBELT_D_OFF,1
1128,366763791,4882303786158231179,v_eye_closed,"['SEATBELT_D_OFF', 'v_fatigue']",refined,added,refined added extra VLM context,,v_fatigue,1
1129,464868635,4882303786158159683,v_phone,['v_phone'],confirmed,no_change,"original event stayed, no extra VLM event needed",,,0
1130,437380121,4882303786158143323,v_distraction,['v_distraction'],confirmed,no_change,"original event stayed, no extra VLM event needed",,,0
1131,336854753,4882303786157984409,v_phone,"['SEATBELT_D_OFF', 'v_phone']",refined,added,refined added extra VLM context,,SEATBELT_D_OFF,1
1132,334008589,4882303786157770600,v_yawn,[],not_confirmed,removed,"original event not confirmed by VLM, so it was removed",v_yawn,,1
1133,334148753,4882303786157638045,v_phone,"['SEATBELT_D_OFF', 'v_phone']",refined,added,refined added extra VLM context,,SEATBELT_D_OFF,1
1134,366751690,4882303786157593774,v_eye_closed,['v_phone'],contradicted,removed,VLM contradicted original telematics event — original removed,v_eye_closed,,1
1134,366751690,4882303786157593774,v_eye_closed,['v_phone'],contradicted,added,VLM contradicted original — replacement VLM event added,,v_phone,1
1135,366751690,4882303786157578837,v_phone,['v_phone'],confirmed,no_change,"original event stayed, no extra VLM event needed",,,0
1136,422017575,4882303786157538606,v_distraction,[],not_confirmed,removed,"original event not confirmed by VLM, so it was removed",v_distraction,,1
1137,422017575,4882303786157503187,v_phone,['v_phone'],confirmed,no_change,"original event stayed, no extra VLM event needed",,,0
1138,334008589,4882303786157468350,v_yawn,['SEATBELT_D_OFF'],contradicted,removed,VLM contradicted original telematics event — original removed,v_yawn,,1
1138,334008589,4882303786157468350,v_yawn,['SEATBELT_D_OFF'],contradicted,added,VLM contradicted original — replacement VLM event added,,SEATBELT_D_OFF,1
1139,334148753,4882303786157402954,v_distraction,[],not_confirmed,removed,"original event not confirmed by VLM, so it was removed",v_distraction,,1
1140,422017575,4882303786157326008,v_eye_closed,['v_fatigue'],refined,added,refined added extra VLM context,,v_fatigue,1
1141,334008589,4882303786157325659,v_phone,"['SEATBELT_D_OFF', 'v_phone']",refined,added,refined added extra VLM context,,SEATBELT_D_OFF,1
1142,366751690,4882303786157305571,v_yawn,[],no_vlm_signal,no_change,VLM produced no usable event,,,0
1143,453948326,4882303786157300314,v_phone,['v_phone'],confirmed,no_change,"original event stayed, no extra VLM event needed",,,0
1144,365670886,4882303786157254900,v_eye_closed,['v_phone'],contradicted,removed,VLM contradicted original telematics event — original removed,v_eye_closed,,1
1144,365670886,4882303786157254900,v_eye_closed,['v_phone'],contradicted,added,VLM contradicted original — replacement VLM event added,,v_phone,1
1145,464868635,4882303786157235343,v_phone,['v_phone'],confirmed,no_change,"original event stayed, no extra VLM event needed",,,0
1146,322784039,4882303786157213697,v_phone,[],not_confirmed,removed,"original event not confirmed by VLM, so it was removed",v_phone,,1
1147,366763791,4882303786157150662,v_eye_closed,['v_fatigue'],refined,added,refined added extra VLM context,,v_fatigue,1
1148,422017575,4882303786157098578,v_eye_closed,[],not_confirmed,removed,"original event not confirmed by VLM, so it was removed",v_eye_closed,,1
1149,422017575,4882303786157049929,v_distraction,[],not_confirmed,removed,"original event not confirmed by VLM, so it was removed",v_distraction,,1
1150,409223544,4882303786157005213,v_fatigue,['SEATBELT_D_OFF'],contradicted,removed,VLM contradicted original telematics event — original removed,v_fatigue,,1
1150,409223544,4882303786157005213,v_fatigue,['SEATBELT_D_OFF'],contradicted,added,VLM contradicted original — replacement VLM event added,,SEATBELT_D_OFF,1
1151,453948326,4882303786156956848,v_phone,['v_phone'],confirmed,no_change,"original event stayed, no extra VLM event needed",,,0
1152,366763791,4882303786156935586,v_eye_closed,"['SEATBELT_D_OFF', 'v_fatigue']",refined,added,refined added extra VLM context,,SEATBELT_D_OFF,1
1152,366763791,4882303786156935586,v_eye_closed,"['SEATBELT_D_OFF', 'v_fatigue']",refined,added,refined added extra VLM context,,v_fatigue,1
1153,366751690,4882303786156917943,v_phone,[],not_confirmed,removed,"original event not confirmed by VLM, so it was removed",v_phone,,1
1154,409223544,4882303786156912427,v_phone,['v_phone'],confirmed,no_change,"original event stayed, no extra VLM event needed",,,0
1155,333584194,4882303786156880632,v_distraction,[],not_confirmed,removed,"original event not confirmed by VLM, so it was removed",v_distraction,,1
1156,335116387,4882303786156870554,v_phone,['v_phone'],confirmed,no_change,"original event stayed, no extra VLM event needed",,,0
1157,334148753,4882303786156866619,v_distraction,['SEATBELT_D_OFF'],contradicted,removed,VLM contradicted original telematics event — original removed,v_distraction,,1
1157,334148753,4882303786156866619,v_distraction,['SEATBELT_D_OFF'],contradicted,added,VLM contradicted original — replacement VLM event added,,SEATBELT_D_OFF,1
1158,429536893,4882303786156848657,v_phone,['v_phone'],confirmed,no_change,"original event stayed, no extra VLM event needed",,,0
1159,366751690,4882303786156832401,v_eye_closed,"['SEATBELT_D_OFF', 'v_phone']",contradicted,removed,VLM contradicted original telematics event — original removed,v_eye_closed,,1
1159,366751690,4882303786156832401,v_eye_closed,"['SEATBELT_D_OFF', 'v_phone']",contradicted,added,VLM contradicted original — replacement VLM event added,,SEATBELT_D_OFF,1
1159,366751690,4882303786156832401,v_eye_closed,"['SEATBELT_D_OFF', 'v_phone']",contradicted,added,VLM contradicted original — replacement VLM event added,,v_phone,1
1160,335116387,4882303786156827018,v_fatigue,['v_fatigue'],confirmed,no_change,"original event stayed, no extra VLM event needed",,,0
1161,453948326,4882303786156798643,v_phone,['v_phone'],confirmed,no_change,"original event stayed, no extra VLM event needed",,,0
1162,366763791,4882303786156764751,v_eye_closed,['v_fatigue'],refined,added,refined added extra VLM context,,v_fatigue,1
1163,453948326,4882303786156736888,v_fatigue,[],not_confirmed,removed,"original event not confirmed by VLM, so it was removed",v_fatigue,,1
1164,409223544,4882303786156725726,v_fatigue,['v_phone'],contradicted,removed,VLM contradicted original telematics event — original removed,v_fatigue,,1
1164,409223544,4882303786156725726,v_fatigue,['v_phone'],contradicted,added,VLM contradicted original — replacement VLM event added,,v_phone,1
1165,333584194,4882303786156692058,v_yawn,['v_phone'],contradicted,removed,VLM contradicted original telematics event — original removed,v_yawn,,1
1165,333584194,4882303786156692058,v_yawn,['v_phone'],contradicted,added,VLM contradicted original — replacement VLM event added,,v_phone,1
1166,366763791,4882303786156614696,v_eye_closed,[],not_confirmed,removed,"original event not confirmed by VLM, so it was removed",v_eye_closed,,1
1167,422017575,4882303786156595528,v_distraction,[],not_confirmed,removed,"original event not confirmed by VLM, so it was removed",v_distraction,,1
1168,334148753,4882303786156593204,v_distraction,[],not_confirmed,removed,"original event not confirmed by VLM, so it was removed",v_distraction,,1
1169,338306241,4882303786156577946,v_phone,['v_phone'],confirmed,no_change,"original event stayed, no extra VLM event needed",,,0
1170,336854753,4882303786156547433,v_distraction,['v_phone'],contradicted,removed,VLM contradicted original telematics event — original removed,v_distraction,,1
1170,336854753,4882303786156547433,v_distraction,['v_phone'],contradicted,added,VLM contradicted original — replacement VLM event added,,v_phone,1
1171,365598883,4882303786156527689,v_distraction,['SEATBELT_D_OFF'],contradicted,removed,VLM contradicted original telematics event — original removed,v_distraction,,1
1171,365598883,4882303786156527689,v_distraction,['SEATBELT_D_OFF'],contradicted,added,VLM contradicted original — replacement VLM event added,,SEATBELT_D_OFF,1
1172,460126729,4882303786156522582,v_phone,['v_phone'],confirmed,no_change,"original event stayed, no extra VLM event needed",,,0
1173,460126901,4882303786156460362,v_phone,"['SEATBELT_D_OFF', 'v_phone']",refined,added,refined added extra VLM context,,SEATBELT_D_OFF,1
1174,453865293,4882303786156450710,v_phone,['v_phone'],confirmed,no_change,"original event stayed, no extra VLM event needed",,,0
1175,453948326,4882303786156428470,v_phone,[],not_confirmed,removed,"original event not confirmed by VLM, so it was removed",v_phone,,1
1176,338306241,4882303786156425761,v_phone,['v_phone'],confirmed,no_change,"original event stayed, no extra VLM event needed",,,0
1177,334148753,4882303786156425300,v_distraction,[],not_confirmed,removed,"original event not confirmed by VLM, so it was removed",v_distraction,,1
1178,333584194,4882303786156414565,v_yawn,['v_fatigue'],refined,added,refined added extra VLM context,,v_fatigue,1
1179,333584194,4882303786156377861,v_phone,['v_phone'],confirmed,no_change,"original event stayed, no extra VLM event needed",,,0
1180,460126729,4882303786156360017,v_phone,['v_phone'],confirmed,no_change,"original event stayed, no extra VLM event needed",,,0
1181,429536893,4882303786156359552,v_phone,['v_phone'],confirmed,no_change,"original event stayed, no extra VLM event needed",,,0
1182,365598883,4882303786156312645,v_distraction,['SEATBELT_D_OFF'],contradicted,removed,VLM contradicted original telematics event — original removed,v_distraction,,1
1182,365598883,4882303786156312645,v_distraction,['SEATBELT_D_OFF'],contradicted,added,VLM contradicted original — replacement VLM event added,,SEATBELT_D_OFF,1
1183,507302529,4882303786156304088,v_eye_closed,['v_phone'],contradicted,removed,VLM contradicted original telematics event — original removed,v_eye_closed,,1
1183,507302529,4882303786156304088,v_eye_closed,['v_phone'],contradicted,added,VLM contradicted original — replacement VLM event added,,v_phone,1
1184,460126901,4882303786156292589,v_phone,"['SEATBELT_D_OFF', 'v_phone']",refined,added,refined added extra VLM context,,SEATBELT_D_OFF,1
1185,409223544,4882303786156260612,v_distraction,[],not_confirmed,removed,"original event not confirmed by VLM, so it was removed",v_distraction,,1
1186,365598883,4882303786156143162,v_yawn,"['SEATBELT_D_OFF', 'v_fatigue']",refined,added,refined added extra VLM context,,SEATBELT_D_OFF,1
1186,365598883,4882303786156143162,v_yawn,"['SEATBELT_D_OFF', 'v_fatigue']",refined,added,refined added extra VLM context,,v_fatigue,1
1187,460126901,4882303786156078958,v_phone,"['SEATBELT_D_OFF', 'v_phone']",refined,added,refined added extra VLM context,,SEATBELT_D_OFF,1
1188,333584194,4882303786156014818,v_phone,['v_phone'],confirmed,no_change,"original event stayed, no extra VLM event needed",,,0
1189,443717449,4882303786155990362,v_phone,['v_phone'],confirmed,no_change,"original event stayed, no extra VLM event needed",,,0
1190,334008589,4882303786155945612,v_phone,"['SEATBELT_D_OFF', 'v_phone']",refined,added,refined added extra VLM context,,SEATBELT_D_OFF,1
1191,334008589,4882303786155943399,v_yawn,"['SEATBELT_D_OFF', 'v_phone']",contradicted,removed,VLM contradicted original telematics event — original removed,v_yawn,,1
1191,334008589,4882303786155943399,v_yawn,"['SEATBELT_D_OFF', 'v_phone']",contradicted,added,VLM contradicted original — replacement VLM event added,,SEATBELT_D_OFF,1
1191,334008589,4882303786155943399,v_yawn,"['SEATBELT_D_OFF', 'v_phone']",contradicted,added,VLM contradicted original — replacement VLM event added,,v_phone,1
1192,429536893,4882303786155860206,v_phone,['v_phone'],confirmed,no_change,"original event stayed, no extra VLM event needed",,,0
1193,317984438,4882303786155859427,v_fatigue,[],not_confirmed,removed,"original event not confirmed by VLM, so it was removed",v_fatigue,,1
1194,429570713,4882303786155853594,v_cam_covered,['v_cam_covered'],confirmed,no_change,"original event stayed, no extra VLM event needed",,,0
1195,507451763,4882303786155853059,v_phone,['v_phone'],confirmed,no_change,"original event stayed, no extra VLM event needed",,,0
1196,366751690,4882303786155810923,v_eye_closed,[],not_confirmed,removed,"original event not confirmed by VLM, so it was removed",v_eye_closed,,1
1197,366751690,4882303786155650752,v_eye_closed,['v_phone'],contradicted,removed,VLM contradicted original telematics event — original removed,v_eye_closed,,1
1197,366751690,4882303786155650752,v_eye_closed,['v_phone'],contradicted,added,VLM contradicted original — replacement VLM event added,,v_phone,1
1198,453948326,4882303786155630391,v_phone,['v_phone'],confirmed,no_change,"original event stayed, no extra VLM event needed",,,0
1199,429536893,4882303786155608537,v_phone,"['SEATBELT_D_OFF', 'v_phone']",refined,added,refined added extra VLM context,,SEATBELT_D_OFF,1
1200,366751690,4882303786155596793,v_phone,[],confirmed,no_change,"original event stayed, no extra VLM event needed",,,0
1201,336916651,4882303786155568568,v_yawn,['SEATBELT_D_OFF'],contradicted,removed,VLM contradicted original telematics event — original removed,v_yawn,,1
1201,336916651,4882303786155568568,v_yawn,['SEATBELT_D_OFF'],contradicted,added,VLM contradicted original — replacement VLM event added,,SEATBELT_D_OFF,1
1202,322619618,4882303786155562566,v_phone,['v_phone'],confirmed,no_change,"original event stayed, no extra VLM event needed",,,0
1203,366751690,4882303786155546143,v_distraction,[],not_confirmed,removed,"original event not confirmed by VLM, so it was removed",v_distraction,,1
1204,366751690,4882303786155500491,v_eye_closed,[],review_only,no_change,review_only found nothing new to add,,,0
1205,334008589,4882303786155470566,v_yawn,"['SEATBELT_D_OFF', 'v_phone']",contradicted,removed,VLM contradicted original telematics event — original removed,v_yawn,,1
1205,334008589,4882303786155470566,v_yawn,"['SEATBELT_D_OFF', 'v_phone']",contradicted,added,VLM contradicted original — replacement VLM event added,,SEATBELT_D_OFF,1
1205,334008589,4882303786155470566,v_yawn,"['SEATBELT_D_OFF', 'v_phone']",contradicted,added,VLM contradicted original — replacement VLM event added,,v_phone,1
1206,334008589,4882303786155468501,v_phone,"['SEATBELT_D_OFF', 'v_phone']",refined,added,refined added extra VLM context,,SEATBELT_D_OFF,1
1207,443744270,4882303786155467910,v_phone,['v_phone'],confirmed,no_change,"original event stayed, no extra VLM event needed",,,0
1208,429536893,4882303786155460521,v_phone,['v_phone'],confirmed,no_change,"original event stayed, no extra VLM event needed",,,0
1209,317984438,4882303786155371819,v_fatigue,['SEATBELT_D_OFF'],contradicted,removed,VLM contradicted original telematics event — original removed,v_fatigue,,1
1209,317984438,4882303786155371819,v_fatigue,['SEATBELT_D_OFF'],contradicted,added,VLM contradicted original — replacement VLM event added,,SEATBELT_D_OFF,1
1210,338306241,4882303786155348456,v_phone,"['SEATBELT_D_OFF', 'v_phone']",refined,added,refined added extra VLM context,,SEATBELT_D_OFF,1
1211,443744270,4882303786155323210,v_phone,['v_phone'],confirmed,no_change,"original event stayed, no extra VLM event needed",,,0
1212,409223544,4882303786155307401,v_phone,['v_phone'],confirmed,no_change,"original event stayed, no extra VLM event needed",,,0
1213,409223544,4882303786155297371,v_fatigue,"['v_phone', 'v_fatigue']",refined,added,refined added extra VLM context,,v_phone,1
1214,373272248,4882303786155234144,v_phone,['v_phone'],confirmed,no_change,"original event stayed, no extra VLM event needed",,,0
1215,366751690,4882303786155230485,v_phone,[],not_confirmed,removed,"original event not confirmed by VLM, so it was removed",v_phone,,1
1216,366751690,4882303786155230269,v_eye_closed,['v_phone'],contradicted,removed,VLM contradicted original telematics event — original removed,v_eye_closed,,1
1216,366751690,4882303786155230269,v_eye_closed,['v_phone'],contradicted,added,VLM contradicted original — replacement VLM event added,,v_phone,1
1217,365598486,4882303786155194340,v_fatigue,[],not_confirmed,removed,"original event not confirmed by VLM, so it was removed",v_fatigue,,1
1218,443744270,4882303786155149041,v_phone,['v_phone'],confirmed,no_change,"original event stayed, no extra VLM event needed",,,0
1219,334008589,4882303786155107539,v_phone,['SEATBELT_D_OFF'],contradicted,removed,VLM contradicted original telematics event — original removed,v_phone,,1
1219,334008589,4882303786155107539,v_phone,['SEATBELT_D_OFF'],contradicted,added,VLM contradicted original — replacement VLM event added,,SEATBELT_D_OFF,1
1220,334008589,4882303786155020534,v_yawn,['v_phone'],contradicted,removed,VLM contradicted original telematics event — original removed,v_yawn,,1
1220,334008589,4882303786155020534,v_yawn,['v_phone'],contradicted,added,VLM contradicted original — replacement VLM event added,,v_phone,1
1221,317984438,4882303786154981542,v_phone,['v_phone'],confirmed,no_change,"original event stayed, no extra VLM event needed",,,0
1222,460126729,4882303786154980177,v_phone,['v_phone'],confirmed,no_change,"original event stayed, no extra VLM event needed",,,0
1223,434846817,4882303786154966910,v_distraction,[],not_confirmed,removed,"original event not confirmed by VLM, so it was removed",v_distraction,,1
1224,334154315,4882303786154855675,v_yawn,[],not_confirmed,removed,"original event not confirmed by VLM, so it was removed",v_yawn,,1
1225,460126729,4882303786154782346,v_phone,['v_phone'],confirmed,no_change,"original event stayed, no extra VLM event needed",,,0
1226,334008589,4882303786154773274,v_yawn,"['SEATBELT_D_OFF', 'v_fatigue']",refined,added,refined added extra VLM context,,SEATBELT_D_OFF,1
1226,334008589,4882303786154773274,v_yawn,"['SEATBELT_D_OFF', 'v_fatigue']",refined,added,refined added extra VLM context,,v_fatigue,1
1227,334154315,4882303786154764327,v_phone,"['SEATBELT_D_OFF', 'v_phone']",refined,added,refined added extra VLM context,,SEATBELT_D_OFF,1
1228,322784039,4882303786154734574,v_phone,['v_phone'],confirmed,no_change,"original event stayed, no extra VLM event needed",,,0
1229,333545827,4882303786154734393,v_distraction,['SEATBELT_D_OFF'],contradicted,removed,VLM contradicted original telematics event — original removed,v_distraction,,1
1229,333545827,4882303786154734393,v_distraction,['SEATBELT_D_OFF'],contradicted,added,VLM contradicted original — replacement VLM event added,,SEATBELT_D_OFF,1
1230,429536893,4882303786154654035,v_phone,['v_phone'],confirmed,no_change,"original event stayed, no extra VLM event needed",,,0
1231,460126901,4882303786154647435,v_phone,"['SEATBELT_D_OFF', 'v_phone']",refined,added,refined added extra VLM context,,SEATBELT_D_OFF,1
1232,460126729,4882303786154624771,v_phone,['v_phone'],confirmed,no_change,"original event stayed, no extra VLM event needed",,,0
1233,366751690,4882303786154607182,v_phone,[],not_confirmed,removed,"original event not confirmed by VLM, so it was removed",v_phone,,1
1234,334154315,4882303786154583522,v_yawn,[],not_confirmed,removed,"original event not confirmed by VLM, so it was removed",v_yawn,,1
1235,334154315,4882303786154566460,v_distraction,[],not_confirmed,removed,"original event not confirmed by VLM, so it was removed",v_distraction,,1
1236,435028160,4882303786154557110,v_phone,['v_phone'],confirmed,no_change,"original event stayed, no extra VLM event needed",,,0
1237,429536893,4882303786154504611,v_phone,"['SEATBELT_D_OFF', 'v_phone']",refined,added,refined added extra VLM context,,SEATBELT_D_OFF,1
1238,334008589,4882303786154498359,v_yawn,[],not_confirmed,removed,"original event not confirmed by VLM, so it was removed",v_yawn,,1
1239,523824244,4882303786154490647,v_phone,"['SEATBELT_D_OFF', 'v_phone']",refined,added,refined added extra VLM context,,SEATBELT_D_OFF,1
1240,523824244,4882303786154490585,v_distraction,"['SEATBELT_D_OFF', 'v_phone', 'v_distraction']",refined,added,refined added extra VLM context,,SEATBELT_D_OFF,1
1240,523824244,4882303786154490585,v_distraction,"['SEATBELT_D_OFF', 'v_phone', 'v_distraction']",refined,added,refined added extra VLM context,,v_phone,1
1241,366751690,4882303786154477586,v_distraction,[],not_confirmed,removed,"original event not confirmed by VLM, so it was removed",v_distraction,,1
1242,464868635,4882303786154464216,v_phone,['v_phone'],confirmed,no_change,"original event stayed, no extra VLM event needed",,,0
1243,366751690,4882303786154429797,v_yawn,[],not_confirmed,removed,"original event not confirmed by VLM, so it was removed",v_yawn,,1
1244,333545827,4882303786154429676,v_phone,"['SEATBELT_D_OFF', 'v_phone']",refined,added,refined added extra VLM context,,SEATBELT_D_OFF,1
1245,334154315,4882303786154424485,v_phone,"['SEATBELT_D_OFF', 'v_phone']",refined,added,refined added extra VLM context,,SEATBELT_D_OFF,1
1246,334008589,4882303786154399688,v_distraction,[],not_confirmed,removed,"original event not confirmed by VLM, so it was removed",v_distraction,,1
1247,429536893,4882303786154362495,v_phone,"['SEATBELT_D_OFF', 'v_phone']",refined,added,refined added extra VLM context,,SEATBELT_D_OFF,1
1248,443744270,4882303786154324100,v_phone,['v_phone'],confirmed,no_change,"original event stayed, no extra VLM event needed",,,0
1249,366751690,4882303786154302884,v_distraction,[],not_confirmed,removed,"original event not confirmed by VLM, so it was removed",v_distraction,,1
1250,443744270,4882303786154221179,v_fatigue,[],not_confirmed,removed,"original event not confirmed by VLM, so it was removed",v_fatigue,,1
1251,333545827,4882303786154201406,v_fatigue,['SEATBELT_D_OFF'],contradicted,removed,VLM contradicted original telematics event — original removed,v_fatigue,,1
1251,333545827,4882303786154201406,v_fatigue,['SEATBELT_D_OFF'],contradicted,added,VLM contradicted original — replacement VLM event added,,SEATBELT_D_OFF,1
1252,429536893,4882303786154197172,v_phone,"['SEATBELT_D_OFF', 'v_phone']",refined,added,refined added extra VLM context,,SEATBELT_D_OFF,1
1253,460126729,4882303786154189966,v_phone,['v_phone'],confirmed,no_change,"original event stayed, no extra VLM event needed",,,0
1254,443744270,4882303786154173410,v_phone,['v_phone'],confirmed,no_change,"original event stayed, no extra VLM event needed",,,0
1255,334008589,4882303786154138718,v_yawn,['v_fatigue'],refined,added,refined added extra VLM context,,v_fatigue,1
1256,460126901,4882303786154101182,v_phone,"['SEATBELT_D_OFF', 'v_phone']",refined,added,refined added extra VLM context,,SEATBELT_D_OFF,1
1257,334154315,4882303786154088359,v_yawn,[],not_confirmed,removed,"original event not confirmed by VLM, so it was removed",v_yawn,,1
1258,365670886,4882303786154029850,v_phone,['v_phone'],confirmed,no_change,"original event stayed, no extra VLM event needed",,,0
1259,322619618,4882303786154016208,v_phone,['v_phone'],confirmed,no_change,"original event stayed, no extra VLM event needed",,,0
1260,460126729,4882303786153990557,v_phone,"['SEATBELT_D_OFF', 'v_phone']",refined,added,refined added extra VLM context,,SEATBELT_D_OFF,1
1261,452477724,4882303786153977961,v_phone,"['SEATBELT_D_OFF', 'v_phone']",refined,added,refined added extra VLM context,,SEATBELT_D_OFF,1
1262,366751690,4882303786153915979,v_distraction,[],not_confirmed,removed,"original event not confirmed by VLM, so it was removed",v_distraction,,1
1263,409223544,4882303786153915256,v_fatigue,"['v_phone', 'v_fatigue']",refined,added,refined added extra VLM context,,v_phone,1
1264,334008589,4882303786153903589,v_phone,"['SEATBELT_D_OFF', 'v_phone']",refined,added,refined added extra VLM context,,SEATBELT_D_OFF,1
1265,229817878,4882303786153894222,v_phone,"['SEATBELT_D_OFF', 'v_phone']",refined,added,refined added extra VLM context,,SEATBELT_D_OFF,1
1266,334008589,4882303786153892268,v_yawn,['SEATBELT_D_OFF'],contradicted,removed,VLM contradicted original telematics event — original removed,v_yawn,,1
1266,334008589,4882303786153892268,v_yawn,['SEATBELT_D_OFF'],contradicted,added,VLM contradicted original — replacement VLM event added,,SEATBELT_D_OFF,1
1267,452477724,4882303786153887196,v_phone,['v_phone'],confirmed,no_change,"original event stayed, no extra VLM event needed",,,0
1268,452477724,4882303786153887130,v_phone,"['SEATBELT_D_OFF', 'v_phone']",refined,added,refined added extra VLM context,,SEATBELT_D_OFF,1
1269,452477724,4882303786153886978,v_phone,"['SEATBELT_D_OFF', 'v_phone']",refined,added,refined added extra VLM context,,SEATBELT_D_OFF,1
1270,452477724,4882303786153886427,v_phone,['v_phone'],confirmed,no_change,"original event stayed, no extra VLM event needed",,,0
1271,452477724,4882303786153885445,v_phone,"['SEATBELT_D_OFF', 'v_phone']",refined,added,refined added extra VLM context,,SEATBELT_D_OFF,1
1272,452477724,4882303786153884811,v_phone,"['SEATBELT_D_OFF', 'v_phone']",refined,added,refined added extra VLM context,,SEATBELT_D_OFF,1
1273,523824244,4882303786153854778,v_phone,"['SEATBELT_D_OFF', 'v_phone']",refined,added,refined added extra VLM context,,SEATBELT_D_OFF,1
1274,366751690,4882303786153845010,v_phone,['v_phone'],confirmed,no_change,"original event stayed, no extra VLM event needed",,,0
1275,523824244,4882303786153794807,v_eye_closed,"['SEATBELT_D_OFF', 'v_phone']",contradicted,removed,VLM contradicted original telematics event — original removed,v_eye_closed,,1
1275,523824244,4882303786153794807,v_eye_closed,"['SEATBELT_D_OFF', 'v_phone']",contradicted,added,VLM contradicted original — replacement VLM event added,,SEATBELT_D_OFF,1
1275,523824244,4882303786153794807,v_eye_closed,"['SEATBELT_D_OFF', 'v_phone']",contradicted,added,VLM contradicted original — replacement VLM event added,,v_phone,1
1276,365598969,4882303786153782057,v_phone,"['SEATBELT_D_OFF', 'v_phone']",refined,added,refined added extra VLM context,,SEATBELT_D_OFF,1
1277,409223544,4882303786153735185,v_fatigue,['v_phone'],contradicted,removed,VLM contradicted original telematics event — original removed,v_fatigue,,1
1277,409223544,4882303786153735185,v_fatigue,['v_phone'],contradicted,added,VLM contradicted original — replacement VLM event added,,v_phone,1
1278,336854753,4882303786153731788,v_fatigue,['SEATBELT_D_OFF'],contradicted,removed,VLM contradicted original telematics event — original removed,v_fatigue,,1
1278,336854753,4882303786153731788,v_fatigue,['SEATBELT_D_OFF'],contradicted,added,VLM contradicted original — replacement VLM event added,,SEATBELT_D_OFF,1
1279,334008589,4882303786153715949,v_yawn,[],not_confirmed,removed,"original event not confirmed by VLM, so it was removed",v_yawn,,1
1280,409223544,4882303786153627312,v_phone,['v_phone'],confirmed,no_change,"original event stayed, no extra VLM event needed",,,0
1281,523824244,4882303786153605072,v_distraction,"['v_phone', 'v_distraction']",refined,added,refined added extra VLM context,,v_phone,1
1282,338306241,4882303786153598678,v_phone,['v_phone'],confirmed,no_change,"original event stayed, no extra VLM event needed",,,0
1283,336916651,4882303786153593449,v_yawn,['SEATBELT_D_OFF'],contradicted,removed,VLM contradicted original telematics event — original removed,v_yawn,,1
1283,336916651,4882303786153593449,v_yawn,['SEATBELT_D_OFF'],contradicted,added,VLM contradicted original — replacement VLM event added,,SEATBELT_D_OFF,1
1284,366751690,4882303786153570637,v_eye_closed,[],not_confirmed,removed,"original event not confirmed by VLM, so it was removed",v_eye_closed,,1
1285,337268755,4882303786153561153,v_phone,['v_phone'],confirmed,no_change,"original event stayed, no extra VLM event needed",,,0
1286,336854753,4882303786153508270,v_phone,"['SEATBELT_D_OFF', 'v_phone']",refined,added,refined added extra VLM context,,SEATBELT_D_OFF,1
1287,366751690,4882303786153485195,v_phone,['v_phone'],confirmed,no_change,"original event stayed, no extra VLM event needed",,,0
1288,366751690,4882303786153420508,v_eye_closed,"['SEATBELT_D_OFF', 'v_phone', 'v_fatigue']",refined,added,refined added extra VLM context,,SEATBELT_D_OFF,1
1288,366751690,4882303786153420508,v_eye_closed,"['SEATBELT_D_OFF', 'v_phone', 'v_fatigue']",refined,added,refined added extra VLM context,,v_phone,1
1288,366751690,4882303786153420508,v_eye_closed,"['SEATBELT_D_OFF', 'v_phone', 'v_fatigue']",refined,added,refined added extra VLM context,,v_fatigue,1
1289,443749850,4882303786153410998,v_fatigue,[],not_confirmed,removed,"original event not confirmed by VLM, so it was removed",v_fatigue,,1
1290,322619618,4882303786153369046,v_phone,['v_phone'],confirmed,no_change,"original event stayed, no extra VLM event needed",,,0
1291,322619618,4882303786153368985,v_phone,['v_phone'],confirmed,no_change,"original event stayed, no extra VLM event needed",,,0
1292,322619618,4882303786153368369,v_phone,['v_phone'],confirmed,no_change,"original event stayed, no extra VLM event needed",,,0
1293,322619618,4882303786153368306,v_phone,['v_phone'],confirmed,no_change,"original event stayed, no extra VLM event needed",,,0
1294,334008589,4882303786153345275,v_yawn,['v_phone'],contradicted,removed,VLM contradicted original telematics event — original removed,v_yawn,,1
1294,334008589,4882303786153345275,v_yawn,['v_phone'],contradicted,added,VLM contradicted original — replacement VLM event added,,v_phone,1
1295,416296124,4882303786153342848,v_cam_covered,[],no_vlm_signal,no_change,VLM produced no usable event,,,0
1296,334008589,4882303786153330461,v_phone,['v_phone'],confirmed,no_change,"original event stayed, no extra VLM event needed",,,0
1297,229817878,4882303786153325146,v_phone,"['SEATBELT_D_OFF', 'v_phone']",refined,added,refined added extra VLM context,,SEATBELT_D_OFF,1
1298,229817878,4882303786153325070,v_phone,"['SEATBELT_D_OFF', 'v_phone']",refined,added,refined added extra VLM context,,SEATBELT_D_OFF,1
1299,229817878,4882303786153325025,v_phone,"['SEATBELT_D_OFF', 'v_phone']",refined,added,refined added extra VLM context,,SEATBELT_D_OFF,1
1300,229817878,4882303786153324944,v_phone,['v_phone'],confirmed,no_change,"original event stayed, no extra VLM event needed",,,0
1301,365598883,4882303786153279380,v_yawn,['v_fatigue'],refined,added,refined added extra VLM context,,v_fatigue,1
1302,334008589,4882303786153189338,v_phone,['v_phone'],confirmed,no_change,"original event stayed, no extra VLM event needed",,,0
1303,334008589,4882303786153185922,v_yawn,"['SEATBELT_D_OFF', 'v_phone']",contradicted,removed,VLM contradicted original telematics event — original removed,v_yawn,,1
1303,334008589,4882303786153185922,v_yawn,"['SEATBELT_D_OFF', 'v_phone']",contradicted,added,VLM contradicted original — replacement VLM event added,,SEATBELT_D_OFF,1
1303,334008589,4882303786153185922,v_yawn,"['SEATBELT_D_OFF', 'v_phone']",contradicted,added,VLM contradicted original — replacement VLM event added,,v_phone,1
1304,453948326,4882303786153160085,v_phone,['v_phone'],confirmed,no_change,"original event stayed, no extra VLM event needed",,,0
1305,507301777,4882303786153047893,v_distraction,[],not_confirmed,removed,"original event not confirmed by VLM, so it was removed",v_distraction,,1
1306,307989723,4882303786153000678,v_cam_covered,[],not_confirmed,removed,"original event not confirmed by VLM, so it was removed",v_cam_covered,,1
1307,334008589,4882303786152960502,v_yawn,[],not_confirmed,removed,"original event not confirmed by VLM, so it was removed",v_yawn,,1
1308,425968651,4882303786152953644,v_distraction,['v_distraction'],confirmed,no_change,"original event stayed, no extra VLM event needed",,,0
1309,365598883,4882303786152949623,v_yawn,['v_fatigue'],refined,added,refined added extra VLM context,,v_fatigue,1
1310,454260123,4882303786152890263,v_phone,['v_phone'],confirmed,no_change,"original event stayed, no extra VLM event needed",,,0
1311,454260123,4882303786152890039,v_fatigue,['SEATBELT_D_OFF'],contradicted,removed,VLM contradicted original telematics event — original removed,v_fatigue,,1
1311,454260123,4882303786152890039,v_fatigue,['SEATBELT_D_OFF'],contradicted,added,VLM contradicted original — replacement VLM event added,,SEATBELT_D_OFF,1
1312,434885978,4882303786152864151,v_distraction,[],not_confirmed,removed,"original event not confirmed by VLM, so it was removed",v_distraction,,1
1313,425968651,4882303786152842257,v_distraction,[],not_confirmed,removed,"original event not confirmed by VLM, so it was removed",v_distraction,,1
1314,334008589,4882303786152839524,v_yawn,[],not_confirmed,removed,"original event not confirmed by VLM, so it was removed",v_yawn,,1
1315,454260123,4882303786152823163,v_phone,"['SEATBELT_D_OFF', 'v_phone']",refined,added,refined added extra VLM context,,SEATBELT_D_OFF,1
1316,454260123,4882303786152822774,v_phone,"['SEATBELT_D_OFF', 'v_phone']",refined,added,refined added extra VLM context,,SEATBELT_D_OFF,1
1317,454260123,4882303786152822430,v_fatigue,['SEATBELT_D_OFF'],contradicted,removed,VLM contradicted original telematics event — original removed,v_fatigue,,1
1317,454260123,4882303786152822430,v_fatigue,['SEATBELT_D_OFF'],contradicted,added,VLM contradicted original — replacement VLM event added,,SEATBELT_D_OFF,1
1318,454260123,4882303786152822149,v_cam_covered,[],not_confirmed,removed,"original event not confirmed by VLM, so it was removed",v_cam_covered,,1
1319,454260123,4882303786152821741,v_fatigue,[],not_confirmed,removed,"original event not confirmed by VLM, so it was removed",v_fatigue,,1
1320,454260123,4882303786152821503,v_phone,"['SEATBELT_D_OFF', 'v_phone']",refined,added,refined added extra VLM context,,SEATBELT_D_OFF,1
1321,454260123,4882303786152819834,v_phone,['v_phone'],confirmed,no_change,"original event stayed, no extra VLM event needed",,,0
1322,454260123,4882303786152819695,v_phone,['v_phone'],confirmed,no_change,"original event stayed, no extra VLM event needed",,,0
1323,365598883,4882303786152762727,v_yawn,[],not_confirmed,removed,"original event not confirmed by VLM, so it was removed",v_yawn,,1
1324,425968651,4882303786152720604,v_distraction,[],not_confirmed,removed,"original event not confirmed by VLM, so it was removed",v_distraction,,1
1325,322641996,4882303786152713800,v_distraction,[],not_confirmed,removed,"original event not confirmed by VLM, so it was removed",v_distraction,,1
1326,443744270,4882303786152596981,v_phone,['v_phone'],confirmed,no_change,"original event stayed, no extra VLM event needed",,,0
1327,322641996,4882303786152567272,v_yawn,[],not_confirmed,removed,"original event not confirmed by VLM, so it was removed",v_yawn,,1
1328,322641996,4882303786152567175,v_phone,"['SEATBELT_D_OFF', 'v_phone']",refined,added,refined added extra VLM context,,SEATBELT_D_OFF,1
1329,507301777,4882303786152509407,v_distraction,[],not_confirmed,removed,"original event not confirmed by VLM, so it was removed",v_distraction,,1
1330,425968651,4882303786152507420,v_distraction,[],not_confirmed,removed,"original event not confirmed by VLM, so it was removed",v_distraction,,1
1331,443744270,4882303786152505173,v_phone,['v_phone'],confirmed,no_change,"original event stayed, no extra VLM event needed",,,0
1332,507301777,4882303786152463615,v_eye_closed,['v_fatigue'],refined,added,refined added extra VLM context,,v_fatigue,1
1333,507301777,4882303786152413844,v_distraction,[],not_confirmed,removed,"original event not confirmed by VLM, so it was removed",v_distraction,,1
1334,334008589,4882303786150678170,v_fatigue,[],not_confirmed,removed,"original event not confirmed by VLM, so it was removed",v_fatigue,,1
1335,523824244,4882303786150542210,v_yawn,"['SEATBELT_D_OFF', 'v_fatigue']",refined,added,refined added extra VLM context,,SEATBELT_D_OFF,1
1335,523824244,4882303786150542210,v_yawn,"['SEATBELT_D_OFF', 'v_fatigue']",refined,added,refined added extra VLM context,,v_fatigue,1
1336,523824244,4882303786150540294,v_distraction,[],not_confirmed,removed,"original event not confirmed by VLM, so it was removed",v_distraction,,1
1337,523824244,4882303786150377438,v_distraction,['v_phone'],contradicted,removed,VLM contradicted original telematics event — original removed,v_distraction,,1
1337,523824244,4882303786150377438,v_distraction,['v_phone'],contradicted,added,VLM contradicted original — replacement VLM event added,,v_phone,1
1338,523824244,4882303786149962855,v_phone,"['SEATBELT_D_OFF', 'v_phone']",refined,added,refined added extra VLM context,,SEATBELT_D_OFF,1
1339,523824244,4882303786149948311,v_yawn,"['SEATBELT_D_OFF', 'v_phone', 'v_fatigue']",refined,added,refined added extra VLM context,,SEATBELT_D_OFF,1
1339,523824244,4882303786149948311,v_yawn,"['SEATBELT_D_OFF', 'v_phone', 'v_fatigue']",refined,added,refined added extra VLM context,,v_phone,1
1339,523824244,4882303786149948311,v_yawn,"['SEATBELT_D_OFF', 'v_phone', 'v_fatigue']",refined,added,refined added extra VLM context,,v_fatigue,1
1340,523824244,4882303786149948264,v_distraction,[],not_confirmed,removed,"original event not confirmed by VLM, so it was removed",v_distraction,,1
1341,443717449,4882303786149875612,v_phone,"['SEATBELT_D_OFF', 'v_phone']",refined,added,refined added extra VLM context,,SEATBELT_D_OFF,1
1342,523824244,4882303786149824532,v_yawn,[],review_only,no_change,review_only found nothing new to add,,,0
1343,388775883,4882303786149752178,v_fatigue,['SEATBELT_D_OFF'],contradicted,removed,VLM contradicted original telematics event — original removed,v_fatigue,,1
1343,388775883,4882303786149752178,v_fatigue,['SEATBELT_D_OFF'],contradicted,added,VLM contradicted original — replacement VLM event added,,SEATBELT_D_OFF,1
1344,523824244,4882303786149751876,v_distraction,[],not_confirmed,removed,"original event not confirmed by VLM, so it was removed",v_distraction,,1
1345,307989723,4882303786149748307,v_fatigue,['v_fatigue'],confirmed,no_change,"original event stayed, no extra VLM event needed",,,0
1346,460126729,4882303786149711840,v_fatigue,[],not_confirmed,removed,"original event not confirmed by VLM, so it was removed",v_fatigue,,1
1347,338306241,4882303786149693211,v_phone,"['SEATBELT_D_OFF', 'v_phone']",refined,added,refined added extra VLM context,,SEATBELT_D_OFF,1
1348,443744270,4882303786149604010,v_phone,['v_phone'],confirmed,no_change,"original event stayed, no extra VLM event needed",,,0
1349,338306241,4882303786149558351,v_phone,"['SEATBELT_D_OFF', 'v_phone']",refined,added,refined added extra VLM context,,SEATBELT_D_OFF,1
1350,460126729,4882303786149552044,v_phone,['v_phone'],confirmed,no_change,"original event stayed, no extra VLM event needed",,,0
1351,366751690,4882303786149544636,v_phone,[],not_confirmed,removed,"original event not confirmed by VLM, so it was removed",v_phone,,1
1352,366751690,4882303786149544578,v_eye_closed,[],not_confirmed,removed,"original event not confirmed by VLM, so it was removed",v_eye_closed,,1
1353,365670886,4882303786149542754,v_eye_closed,"['SEATBELT_D_OFF', 'v_phone', 'v_fatigue']",refined,added,refined added extra VLM context,,SEATBELT_D_OFF,1
1353,365670886,4882303786149542754,v_eye_closed,"['SEATBELT_D_OFF', 'v_phone', 'v_fatigue']",refined,added,refined added extra VLM context,,v_phone,1
1353,365670886,4882303786149542754,v_eye_closed,"['SEATBELT_D_OFF', 'v_phone', 'v_fatigue']",refined,added,refined added extra VLM context,,v_fatigue,1
1354,429536893,4882303786149484616,v_phone,"['SEATBELT_D_OFF', 'v_phone']",refined,added,refined added extra VLM context,,SEATBELT_D_OFF,1
1355,338306241,4882303786149417256,v_phone,"['SEATBELT_D_OFF', 'v_phone']",refined,added,refined added extra VLM context,,SEATBELT_D_OFF,1
1356,333545827,4882303786149394802,v_distraction,['SEATBELT_D_OFF'],contradicted,removed,VLM contradicted original telematics event — original removed,v_distraction,,1
1356,333545827,4882303786149394802,v_distraction,['SEATBELT_D_OFF'],contradicted,added,VLM contradicted original — replacement VLM event added,,SEATBELT_D_OFF,1
1357,453948326,4882303786149287161,v_phone,['v_phone'],confirmed,no_change,"original event stayed, no extra VLM event needed",,,0
1358,334154315,4882303786149275630,v_phone,['v_phone'],confirmed,no_change,"original event stayed, no extra VLM event needed",,,0
1359,453948326,4882303786149254070,v_fatigue,[],not_confirmed,removed,"original event not confirmed by VLM, so it was removed",v_fatigue,,1
1360,366751690,4882303786149248158,v_phone,['v_phone'],confirmed,no_change,"original event stayed, no extra VLM event needed",,,0
1361,366751690,4882303786149235403,v_eye_closed,['v_phone'],contradicted,removed,VLM contradicted original telematics event — original removed,v_eye_closed,,1
1361,366751690,4882303786149235403,v_eye_closed,['v_phone'],contradicted,added,VLM contradicted original — replacement VLM event added,,v_phone,1
1362,434885978,4882303786149112865,v_eye_closed,[],not_confirmed,removed,"original event not confirmed by VLM, so it was removed",v_eye_closed,,1
1363,333545827,4882303786149097329,v_distraction,['SEATBELT_D_OFF'],contradicted,removed,VLM contradicted original telematics event — original removed,v_distraction,,1
1363,333545827,4882303786149097329,v_distraction,['SEATBELT_D_OFF'],contradicted,added,VLM contradicted original — replacement VLM event added,,SEATBELT_D_OFF,1
1364,366751690,4882303786149095093,v_phone,"['SEATBELT_D_OFF', 'v_phone']",refined,added,refined added extra VLM context,,SEATBELT_D_OFF,1
1365,366751690,4882303786149086406,v_eye_closed,['SEATBELT_D_OFF'],contradicted,removed,VLM contradicted original telematics event — original removed,v_eye_closed,,1
1365,366751690,4882303786149086406,v_eye_closed,['SEATBELT_D_OFF'],contradicted,added,VLM contradicted original — replacement VLM event added,,SEATBELT_D_OFF,1
1366,338306241,4882303786149059379,v_phone,"['SEATBELT_D_OFF', 'v_phone']",refined,added,refined added extra VLM context,,SEATBELT_D_OFF,1
1367,366763791,4882303786148939274,v_distraction,[],not_confirmed,removed,"original event not confirmed by VLM, so it was removed",v_distraction,,1
1368,366763791,4882303786148849504,v_eye_closed,['v_fatigue'],refined,added,refined added extra VLM context,,v_fatigue,1
1369,443744270,4882303786148797390,v_phone,['v_phone'],confirmed,no_change,"original event stayed, no extra VLM event needed",,,0
1370,338306241,4882303786148791785,v_phone,['v_phone'],confirmed,no_change,"original event stayed, no extra VLM event needed",,,0
1371,333545827,4882303786148778557,v_distraction,['SEATBELT_D_OFF'],contradicted,removed,VLM contradicted original telematics event — original removed,v_distraction,,1
1371,333545827,4882303786148778557,v_distraction,['SEATBELT_D_OFF'],contradicted,added,VLM contradicted original — replacement VLM event added,,SEATBELT_D_OFF,1
1372,371660225,4882303786148754985,v_phone,['v_phone'],confirmed,no_change,"original event stayed, no extra VLM event needed",,,0
1373,507301777,4882303786148634080,v_distraction,[],not_confirmed,removed,"original event not confirmed by VLM, so it was removed",v_distraction,,1
1374,464868635,4882303786148565836,v_phone,['v_phone'],confirmed,no_change,"original event stayed, no extra VLM event needed",,,0
1375,366763791,4882303786148563767,v_eye_closed,"['SEATBELT_D_OFF', 'v_fatigue']",refined,added,refined added extra VLM context,,SEATBELT_D_OFF,1
1375,366763791,4882303786148563767,v_eye_closed,"['SEATBELT_D_OFF', 'v_fatigue']",refined,added,refined added extra VLM context,,v_fatigue,1
1376,443744270,4882303786148554179,v_phone,['v_phone'],confirmed,no_change,"original event stayed, no extra VLM event needed",,,0
1377,334802885,4882303786148546143,v_distraction,[],not_confirmed,removed,"original event not confirmed by VLM, so it was removed",v_distraction,,1
1378,425968651,4882303786148545227,v_distraction,[],not_confirmed,removed,"original event not confirmed by VLM, so it was removed",v_distraction,,1
1379,507301777,4882303786148532062,v_phone,['v_phone'],confirmed,no_change,"original event stayed, no extra VLM event needed",,,0
1380,434885978,4882303786148507994,v_distraction,[],not_confirmed,removed,"original event not confirmed by VLM, so it was removed",v_distraction,,1
1381,333545827,4882303786148506286,v_distraction,[],not_confirmed,removed,"original event not confirmed by VLM, so it was removed",v_distraction,,1
1382,334008589,4882303786148486641,v_phone,['v_phone'],confirmed,no_change,"original event stayed, no extra VLM event needed",,,0
1383,365598969,4882303786148469781,v_phone,"['SEATBELT_D_OFF', 'v_phone']",refined,added,refined added extra VLM context,,SEATBELT_D_OFF,1
1384,322784039,4882303786148464871,v_phone,"['SEATBELT_D_OFF', 'v_phone']",refined,added,refined added extra VLM context,,SEATBELT_D_OFF,1
1385,507301777,4882303786148425048,v_distraction,[],not_confirmed,removed,"original event not confirmed by VLM, so it was removed",v_distraction,,1
1386,333584194,4882303786148416336,v_yawn,"['SEATBELT_D_OFF', 'v_phone']",contradicted,removed,VLM contradicted original telematics event — original removed,v_yawn,,1
1386,333584194,4882303786148416336,v_yawn,"['SEATBELT_D_OFF', 'v_phone']",contradicted,added,VLM contradicted original — replacement VLM event added,,SEATBELT_D_OFF,1
1386,333584194,4882303786148416336,v_yawn,"['SEATBELT_D_OFF', 'v_phone']",contradicted,added,VLM contradicted original — replacement VLM event added,,v_phone,1
1387,443744270,4882303786148395077,v_phone,['v_phone'],confirmed,no_change,"original event stayed, no extra VLM event needed",,,0
1388,425968651,4882303786148393151,v_yawn,['v_fatigue'],refined,added,refined added extra VLM context,,v_fatigue,1
1389,425968651,4882303786148383080,v_distraction,[],not_confirmed,removed,"original event not confirmed by VLM, so it was removed",v_distraction,,1
1390,334154315,4882303786148378049,v_distraction,['SEATBELT_D_OFF'],contradicted,removed,VLM contradicted original telematics event — original removed,v_distraction,,1
1390,334154315,4882303786148378049,v_distraction,['SEATBELT_D_OFF'],contradicted,added,VLM contradicted original — replacement VLM event added,,SEATBELT_D_OFF,1
1391,366763791,4882303786148374758,v_phone,"['SEATBELT_D_OFF', 'v_phone']",refined,added,refined added extra VLM context,,SEATBELT_D_OFF,1
1392,334154315,4882303786148289585,v_phone,['v_phone'],confirmed,no_change,"original event stayed, no extra VLM event needed",,,0
1393,338306241,4882303786148288834,v_phone,['v_phone'],confirmed,no_change,"original event stayed, no extra VLM event needed",,,0
1394,366763791,4882303786148281495,v_distraction,['SEATBELT_D_OFF'],contradicted,removed,VLM contradicted original telematics event — original removed,v_distraction,,1
1394,366763791,4882303786148281495,v_distraction,['SEATBELT_D_OFF'],contradicted,added,VLM contradicted original — replacement VLM event added,,SEATBELT_D_OFF,1
1395,507301777,4882303786148226776,v_yawn,['v_fatigue'],refined,added,refined added extra VLM context,,v_fatigue,1
1396,523824244,4882303786148198084,v_phone,"['SEATBELT_D_OFF', 'v_phone']",refined,added,refined added extra VLM context,,SEATBELT_D_OFF,1
1397,365670886,4882303786148190699,v_distraction,[],not_confirmed,removed,"original event not confirmed by VLM, so it was removed",v_distraction,,1
1398,523824244,4882303786148178777,v_eye_closed,"['SEATBELT_D_OFF', 'v_phone']",contradicted,removed,VLM contradicted original telematics event — original removed,v_eye_closed,,1
1398,523824244,4882303786148178777,v_eye_closed,"['SEATBELT_D_OFF', 'v_phone']",contradicted,added,VLM contradicted original — replacement VLM event added,,SEATBELT_D_OFF,1
1398,523824244,4882303786148178777,v_eye_closed,"['SEATBELT_D_OFF', 'v_phone']",contradicted,added,VLM contradicted original — replacement VLM event added,,v_phone,1
1399,523824244,4882303786148151722,v_distraction,['SEATBELT_D_OFF'],contradicted,removed,VLM contradicted original telematics event — original removed,v_distraction,,1
1399,523824244,4882303786148151722,v_distraction,['SEATBELT_D_OFF'],contradicted,added,VLM contradicted original — replacement VLM event added,,SEATBELT_D_OFF,1
1400,373265130,4882303786148143512,v_yawn,['v_phone'],contradicted,removed,VLM contradicted original telematics event — original removed,v_yawn,,1
1400,373265130,4882303786148143512,v_yawn,['v_phone'],contradicted,added,VLM contradicted original — replacement VLM event added,,v_phone,1
1401,334154315,4882303786148129077,v_yawn,[],not_confirmed,removed,"original event not confirmed by VLM, so it was removed",v_yawn,,1
1402,336916651,4882303786148099443,v_distraction,[],not_confirmed,removed,"original event not confirmed by VLM, so it was removed",v_distraction,,1
1403,507301777,4882303786148096726,v_distraction,[],not_confirmed,removed,"original event not confirmed by VLM, so it was removed",v_distraction,,1
1404,317984619,4882303786148069737,v_phone,"['SEATBELT_D_OFF', 'v_phone']",refined,added,refined added extra VLM context,,SEATBELT_D_OFF,1
1405,425968651,4882303786148041648,v_distraction,[],not_confirmed,removed,"original event not confirmed by VLM, so it was removed",v_distraction,,1
1406,371660225,4882303786147985657,v_phone,['v_phone'],confirmed,no_change,"original event stayed, no extra VLM event needed",,,0
1407,334154315,4882303786147968290,v_phone,"['SEATBELT_D_OFF', 'v_phone']",refined,added,refined added extra VLM context,,SEATBELT_D_OFF,1
1408,338306241,4882303786147958881,v_phone,"['SEATBELT_D_OFF', 'v_phone']",refined,added,refined added extra VLM context,,SEATBELT_D_OFF,1
1409,365670886,4882303786147955282,v_distraction,[],not_confirmed,removed,"original event not confirmed by VLM, so it was removed",v_distraction,,1
1410,507301777,4882303786147897183,v_phone,['v_phone'],confirmed,no_change,"original event stayed, no extra VLM event needed",,,0
1411,334008589,4882303786147880756,v_yawn,[],not_confirmed,removed,"original event not confirmed by VLM, so it was removed",v_yawn,,1
1412,425968651,4882303786147856201,v_distraction,[],not_confirmed,removed,"original event not confirmed by VLM, so it was removed",v_distraction,,1
1413,317984438,4882303786147855653,v_distraction,[],not_confirmed,removed,"original event not confirmed by VLM, so it was removed",v_distraction,,1
1414,507301777,4882303786147847309,v_distraction,[],not_confirmed,removed,"original event not confirmed by VLM, so it was removed",v_distraction,,1
1415,507301777,4882303786147834248,v_eye_closed,['v_fatigue'],refined,added,refined added extra VLM context,,v_fatigue,1
1416,523824244,4882303786147833104,v_phone,"['SEATBELT_D_OFF', 'v_phone']",refined,added,refined added extra VLM context,,SEATBELT_D_OFF,1
1417,365670886,4882303786147821561,v_eye_closed,['v_phone'],contradicted,removed,VLM contradicted original telematics event — original removed,v_eye_closed,,1
1417,365670886,4882303786147821561,v_eye_closed,['v_phone'],contradicted,added,VLM contradicted original — replacement VLM event added,,v_phone,1
1418,523824244,4882303786147800289,v_distraction,"['SEATBELT_D_OFF', 'v_phone', 'v_distraction']",refined,added,refined added extra VLM context,,SEATBELT_D_OFF,1
1418,523824244,4882303786147800289,v_distraction,"['SEATBELT_D_OFF', 'v_phone', 'v_distraction']",refined,added,refined added extra VLM context,,v_phone,1
1419,337268755,4882303786147798076,v_phone,['v_phone'],confirmed,no_change,"original event stayed, no extra VLM event needed",,,0
1420,409223544,4882303786147762419,v_cam_covered,"['SEATBELT_D_OFF', 'v_phone']",contradicted,removed,VLM contradicted original telematics event — original removed,v_cam_covered,,1
1420,409223544,4882303786147762419,v_cam_covered,"['SEATBELT_D_OFF', 'v_phone']",contradicted,added,VLM contradicted original — replacement VLM event added,,SEATBELT_D_OFF,1
1420,409223544,4882303786147762419,v_cam_covered,"['SEATBELT_D_OFF', 'v_phone']",contradicted,added,VLM contradicted original — replacement VLM event added,,v_phone,1
1421,335116387,4882303786147761300,v_phone,['v_phone'],confirmed,no_change,"original event stayed, no extra VLM event needed",,,0
1422,334154315,4882303786147748715,v_phone,"['SEATBELT_D_OFF', 'v_phone']",refined,added,refined added extra VLM context,,SEATBELT_D_OFF,1
1423,453865293,4882303786147736290,v_phone,['v_phone'],confirmed,no_change,"original event stayed, no extra VLM event needed",,,0
1424,443717449,4882303786147721820,v_phone,['v_phone'],confirmed,no_change,"original event stayed, no extra VLM event needed",,,0
1425,409223544,4882303786147692268,v_phone,['v_phone'],confirmed,no_change,"original event stayed, no extra VLM event needed",,,0
1426,409223544,4882303786147690490,v_fatigue,['v_phone'],contradicted,removed,VLM contradicted original telematics event — original removed,v_fatigue,,1
1426,409223544,4882303786147690490,v_fatigue,['v_phone'],contradicted,added,VLM contradicted original — replacement VLM event added,,v_phone,1
1427,304245737,4882303786147689196,v_yawn,[],not_confirmed,removed,"original event not confirmed by VLM, so it was removed",v_yawn,,1
1428,460126901,4882303786147672010,v_phone,['v_phone'],confirmed,no_change,"original event stayed, no extra VLM event needed",,,0
1429,334154315,4882303786147581614,v_phone,"['SEATBELT_D_OFF', 'v_phone']",refined,added,refined added extra VLM context,,SEATBELT_D_OFF,1
1430,365598883,4882303786147425164,v_yawn,['v_fatigue'],refined,added,refined added extra VLM context,,v_fatigue,1
1431,304245737,4882303786147379837,v_yawn,[],not_confirmed,removed,"original event not confirmed by VLM, so it was removed",v_yawn,,1
1432,365598486,4882303786147365202,v_phone,"['SEATBELT_D_OFF', 'v_phone']",refined,added,refined added extra VLM context,,SEATBELT_D_OFF,1
1433,337268755,4882303786147354138,v_phone,['v_phone'],confirmed,no_change,"original event stayed, no extra VLM event needed",,,0
1434,422017575,4882303786147320832,v_phone,['v_phone'],confirmed,no_change,"original event stayed, no extra VLM event needed",,,0
1435,434885978,4882303786147315871,v_eye_closed,['v_fatigue'],refined,added,refined added extra VLM context,,v_fatigue,1
1436,317984438,4882303786147308302,v_distraction,[],not_confirmed,removed,"original event not confirmed by VLM, so it was removed",v_distraction,,1
1437,334006437,4882303786147282817,v_fatigue,[],not_confirmed,removed,"original event not confirmed by VLM, so it was removed",v_fatigue,,1
1438,366751690,4882303786147264387,v_phone,['SEATBELT_D_OFF'],contradicted,removed,VLM contradicted original telematics event — original removed,v_phone,,1
1438,366751690,4882303786147264387,v_phone,['SEATBELT_D_OFF'],contradicted,added,VLM contradicted original — replacement VLM event added,,SEATBELT_D_OFF,1
1439,365598883,4882303786147252911,v_yawn,['v_fatigue'],refined,added,refined added extra VLM context,,v_fatigue,1
1440,365598486,4882303786147241835,v_yawn,['SEATBELT_D_OFF'],contradicted,removed,VLM contradicted original telematics event — original removed,v_yawn,,1
1440,365598486,4882303786147241835,v_yawn,['SEATBELT_D_OFF'],contradicted,added,VLM contradicted original — replacement VLM event added,,SEATBELT_D_OFF,1
1441,434885978,4882303786147209811,v_distraction,[],not_confirmed,removed,"original event not confirmed by VLM, so it was removed",v_distraction,,1
1442,460126729,4882303786147181746,v_phone,['v_phone'],confirmed,no_change,"original event stayed, no extra VLM event needed",,,0
1443,304245737,4882303786147159575,v_yawn,[],not_confirmed,removed,"original event not confirmed by VLM, so it was removed",v_yawn,,1
1444,333584194,4882303786147128472,v_distraction,['SEATBELT_D_OFF'],contradicted,removed,VLM contradicted original telematics event — original removed,v_distraction,,1
1444,333584194,4882303786147128472,v_distraction,['SEATBELT_D_OFF'],contradicted,added,VLM contradicted original — replacement VLM event added,,SEATBELT_D_OFF,1
1445,437381828,4882303786147087870,v_fatigue,[],not_confirmed,removed,"original event not confirmed by VLM, so it was removed",v_fatigue,,1
1446,434885978,4882303786147086619,v_eye_closed,['v_fatigue'],refined,added,refined added extra VLM context,,v_fatigue,1
1447,371660225,4882303786147053643,v_phone,['v_phone'],confirmed,no_change,"original event stayed, no extra VLM event needed",,,0
1448,409223544,4882303786147026600,v_fatigue,['v_phone'],contradicted,removed,VLM contradicted original telematics event — original removed,v_fatigue,,1
1448,409223544,4882303786147026600,v_fatigue,['v_phone'],contradicted,added,VLM contradicted original — replacement VLM event added,,v_phone,1
1449,366751690,4882303786147014357,v_eye_closed,[],not_confirmed,removed,"original event not confirmed by VLM, so it was removed",v_eye_closed,,1
1450,460126729,4882303786147010638,v_phone,['v_phone'],confirmed,no_change,"original event stayed, no extra VLM event needed",,,0
1451,366751690,4882303786146995268,v_phone,"['SEATBELT_D_OFF', 'v_phone']",refined,added,refined added extra VLM context,,SEATBELT_D_OFF,1
1452,434885978,4882303786146900730,v_distraction,[],not_confirmed,removed,"original event not confirmed by VLM, so it was removed",v_distraction,,1
1453,460126729,4882303786146830690,v_phone,['v_phone'],confirmed,no_change,"original event stayed, no extra VLM event needed",,,0
1454,334008589,4882303786146802975,v_phone,"['SEATBELT_D_OFF', 'v_phone']",refined,added,refined added extra VLM context,,SEATBELT_D_OFF,1
1455,443717449,4882303786146792454,v_phone,['v_phone'],confirmed,no_change,"original event stayed, no extra VLM event needed",,,0
1456,304245737,4882303786146778628,v_yawn,[],not_confirmed,removed,"original event not confirmed by VLM, so it was removed",v_yawn,,1
1457,366751690,4882303786146707035,v_eye_closed,['v_phone'],contradicted,removed,VLM contradicted original telematics event — original removed,v_eye_closed,,1
1457,366751690,4882303786146707035,v_eye_closed,['v_phone'],contradicted,added,VLM contradicted original — replacement VLM event added,,v_phone,1
1458,334008589,4882303786146657313,v_yawn,['SEATBELT_D_OFF'],contradicted,removed,VLM contradicted original telematics event — original removed,v_yawn,,1
1458,334008589,4882303786146657313,v_yawn,['SEATBELT_D_OFF'],contradicted,added,VLM contradicted original — replacement VLM event added,,SEATBELT_D_OFF,1
1459,317984514,4882303786146652643,v_phone,"['SEATBELT_D_OFF', 'v_phone']",refined,added,refined added extra VLM context,,SEATBELT_D_OFF,1
1460,366751690,4882303786146636336,v_distraction,[],not_confirmed,removed,"original event not confirmed by VLM, so it was removed",v_distraction,,1
1461,443717449,4882303786146619509,v_fatigue,[],not_confirmed,removed,"original event not confirmed by VLM, so it was removed",v_fatigue,,1
1462,460126729,4882303786146613746,v_phone,['v_phone'],confirmed,no_change,"original event stayed, no extra VLM event needed",,,0
1463,304245737,4882303786146602137,v_yawn,[],not_confirmed,removed,"original event not confirmed by VLM, so it was removed",v_yawn,,1
1464,366751690,4882303786146594947,v_phone,['v_phone'],confirmed,no_change,"original event stayed, no extra VLM event needed",,,0
1465,443717449,4882303786146565024,v_phone,['v_phone'],confirmed,no_change,"original event stayed, no extra VLM event needed",,,0
1466,336854753,4882303786146504235,v_phone,"['SEATBELT_D_OFF', 'v_phone']",refined,added,refined added extra VLM context,,SEATBELT_D_OFF,1
1467,365670886,4882303786146503952,v_phone,"['SEATBELT_D_OFF', 'v_phone']",refined,added,refined added extra VLM context,,SEATBELT_D_OFF,1
1468,333584194,4882303786146501443,v_phone,"['SEATBELT_D_OFF', 'v_phone']",refined,added,refined added extra VLM context,,SEATBELT_D_OFF,1
1469,334008589,4882303786146496176,v_yawn,[],not_confirmed,removed,"original event not confirmed by VLM, so it was removed",v_yawn,,1
1470,366751690,4882303786146495291,v_eye_closed,['v_phone'],contradicted,removed,VLM contradicted original telematics event — original removed,v_eye_closed,,1
1470,366751690,4882303786146495291,v_eye_closed,['v_phone'],contradicted,added,VLM contradicted original — replacement VLM event added,,v_phone,1
1471,409223544,4882303786146487446,v_fatigue,['v_fatigue'],confirmed,no_change,"original event stayed, no extra VLM event needed",,,0
1472,365670886,4882303786146433236,v_eye_closed,['SEATBELT_D_OFF'],contradicted,removed,VLM contradicted original telematics event — original removed,v_eye_closed,,1
1472,365670886,4882303786146433236,v_eye_closed,['SEATBELT_D_OFF'],contradicted,added,VLM contradicted original — replacement VLM event added,,SEATBELT_D_OFF,1
1473,429536893,4882303786146430370,v_phone,"['SEATBELT_D_OFF', 'v_phone']",refined,added,refined added extra VLM context,,SEATBELT_D_OFF,1
1474,366751690,4882303786146405585,v_phone,['v_phone'],confirmed,no_change,"original event stayed, no extra VLM event needed",,,0
1475,336854753,4882303786146348937,v_phone,"['SEATBELT_D_OFF', 'v_phone']",refined,added,refined added extra VLM context,,SEATBELT_D_OFF,1
1476,304245737,4882303786146339386,v_yawn,['v_phone'],contradicted,removed,VLM contradicted original telematics event — original removed,v_yawn,,1
1476,304245737,4882303786146339386,v_yawn,['v_phone'],contradicted,added,VLM contradicted original — replacement VLM event added,,v_phone,1
1477,334008589,4882303786146332670,v_yawn,"['SEATBELT_D_OFF', 'v_phone']",contradicted,removed,VLM contradicted original telematics event — original removed,v_yawn,,1
1477,334008589,4882303786146332670,v_yawn,"['SEATBELT_D_OFF', 'v_phone']",contradicted,added,VLM contradicted original — replacement VLM event added,,SEATBELT_D_OFF,1
1477,334008589,4882303786146332670,v_yawn,"['SEATBELT_D_OFF', 'v_phone']",contradicted,added,VLM contradicted original — replacement VLM event added,,v_phone,1
1478,334008589,4882303786146317588,v_phone,"['SEATBELT_D_OFF', 'v_phone']",refined,added,refined added extra VLM context,,SEATBELT_D_OFF,1
1479,366751690,4882303786146292526,v_eye_closed,['v_phone'],contradicted,removed,VLM contradicted original telematics event — original removed,v_eye_closed,,1
1479,366751690,4882303786146292526,v_eye_closed,['v_phone'],contradicted,added,VLM contradicted original — replacement VLM event added,,v_phone,1
1480,443717449,4882303786146280958,v_phone,['v_phone'],confirmed,no_change,"original event stayed, no extra VLM event needed",,,0
1481,338306241,4882303786146126439,v_phone,['v_phone'],confirmed,no_change,"original event stayed, no extra VLM event needed",,,0
1482,334008589,4882303786146125170,v_yawn,['SEATBELT_D_OFF'],contradicted,removed,VLM contradicted original telematics event — original removed,v_yawn,,1
1482,334008589,4882303786146125170,v_yawn,['SEATBELT_D_OFF'],contradicted,added,VLM contradicted original — replacement VLM event added,,SEATBELT_D_OFF,1
1483,365670886,4882303786146120492,v_phone,['v_phone'],confirmed,no_change,"original event stayed, no extra VLM event needed",,,0
1484,429536893,4882303786146063173,v_phone,['v_phone'],confirmed,no_change,"original event stayed, no extra VLM event needed",,,0
1485,336916651,4882303786146025176,v_phone,"['SEATBELT_D_OFF', 'v_phone']",refined,added,refined added extra VLM context,,SEATBELT_D_OFF,1
1486,365598969,4882303786146014961,v_phone,"['SEATBELT_D_OFF', 'v_phone']",refined,added,refined added extra VLM context,,SEATBELT_D_OFF,1
1487,334008589,4882303786145974957,v_yawn,[],not_confirmed,removed,"original event not confirmed by VLM, so it was removed",v_yawn,,1
1488,336916651,4882303786145846580,v_phone,"['SEATBELT_D_OFF', 'v_phone']",refined,added,refined added extra VLM context,,SEATBELT_D_OFF,1
1489,336854753,4882303786145839268,v_phone,"['SEATBELT_D_OFF', 'v_phone']",refined,added,refined added extra VLM context,,SEATBELT_D_OFF,1
1490,388775883,4882303786145835446,v_fatigue,[],not_confirmed,removed,"original event not confirmed by VLM, so it was removed",v_fatigue,,1
1491,334154315,4882303786145753666,v_phone,['v_phone'],confirmed,no_change,"original event stayed, no extra VLM event needed",,,0
1492,416296124,4882303786145717198,v_cam_covered,[],confirmed,no_change,"original event stayed, no extra VLM event needed",,,0
1493,366751690,4882303786145689722,v_phone,[],not_confirmed,removed,"original event not confirmed by VLM, so it was removed",v_phone,,1
1494,366751690,4882303786145680800,v_eye_closed,['v_phone'],contradicted,removed,VLM contradicted original telematics event — original removed,v_eye_closed,,1
1494,366751690,4882303786145680800,v_eye_closed,['v_phone'],contradicted,added,VLM contradicted original — replacement VLM event added,,v_phone,1
1495,335116387,4882303786145650227,v_fatigue,"['v_phone', 'v_fatigue']",refined,added,refined added extra VLM context,,v_phone,1
1496,334008589,4882303786145643928,v_yawn,"['SEATBELT_D_OFF', 'v_fatigue']",refined,added,refined added extra VLM context,,SEATBELT_D_OFF,1
1496,334008589,4882303786145643928,v_yawn,"['SEATBELT_D_OFF', 'v_fatigue']",refined,added,refined added extra VLM context,,v_fatigue,1
1497,366751690,4882303786145473270,v_eye_closed,[],not_confirmed,removed,"original event not confirmed by VLM, so it was removed",v_eye_closed,,1
1498,366751690,4882303786145454120,v_phone,[],confirmed,no_change,"original event stayed, no extra VLM event needed",,,0
1499,507451763,4882303786145426518,v_phone,['v_phone'],confirmed,no_change,"original event stayed, no extra VLM event needed",,,0
1500,429536893,4882303786145367635,v_phone,['v_phone'],confirmed,no_change,"original event stayed, no extra VLM event needed",,,0
1501,365598969,4882303786145258370,v_phone,"['SEATBELT_D_OFF', 'v_phone']",refined,added,refined added extra VLM context,,SEATBELT_D_OFF,1
1502,366751690,4882303786145167519,v_phone,"['SEATBELT_D_OFF', 'v_phone']",refined,added,refined added extra VLM context,,SEATBELT_D_OFF,1
1503,337268755,4882303786145161804,v_phone,['v_phone'],confirmed,no_change,"original event stayed, no extra VLM event needed",,,0
1504,409223544,4882303786145123630,v_phone,['v_phone'],confirmed,no_change,"original event stayed, no extra VLM event needed",,,0
1505,366763791,4882303786145115330,v_eye_closed,['v_fatigue'],refined,added,refined added extra VLM context,,v_fatigue,1
1506,443749850,4882303786145107507,v_distraction,['v_distraction'],confirmed,no_change,"original event stayed, no extra VLM event needed",,,0
1507,322784039,4882303786145041606,v_fatigue,['SEATBELT_D_OFF'],contradicted,removed,VLM contradicted original telematics event — original removed,v_fatigue,,1
1507,322784039,4882303786145041606,v_fatigue,['SEATBELT_D_OFF'],contradicted,added,VLM contradicted original — replacement VLM event added,,SEATBELT_D_OFF,1
1508,429536893,4882303786145035602,v_phone,"['SEATBELT_D_OFF', 'v_phone']",refined,added,refined added extra VLM context,,SEATBELT_D_OFF,1
1509,366763791,4882303786144965194,v_eye_closed,['v_fatigue'],refined,added,refined added extra VLM context,,v_fatigue,1
1510,335116387,4882303786144906615,v_fatigue,['v_phone'],contradicted,removed,VLM contradicted original telematics event — original removed,v_fatigue,,1
1510,335116387,4882303786144906615,v_fatigue,['v_phone'],contradicted,added,VLM contradicted original — replacement VLM event added,,v_phone,1
1511,464868635,4882303786144904610,v_phone,['v_phone'],confirmed,no_change,"original event stayed, no extra VLM event needed",,,0
1512,335116387,4882303786144902848,v_distraction,[],not_confirmed,removed,"original event not confirmed by VLM, so it was removed",v_distraction,,1
1513,366751690,4882303786144899607,v_phone,['v_phone'],confirmed,no_change,"original event stayed, no extra VLM event needed",,,0
1514,409223544,4882303786144855607,v_fatigue,['v_fatigue'],confirmed,no_change,"original event stayed, no extra VLM event needed",,,0
1515,366763791,4882303786144816880,v_eye_closed,['v_fatigue'],refined,added,refined added extra VLM context,,v_fatigue,1
1516,429536893,4882303786144810854,v_phone,"['SEATBELT_D_OFF', 'v_phone']",refined,added,refined added extra VLM context,,SEATBELT_D_OFF,1
1517,422017575,4882303786144757907,v_phone,['v_phone'],confirmed,no_change,"original event stayed, no extra VLM event needed",,,0
1518,366751690,4882303786144734221,v_phone,[],confirmed,no_change,"original event stayed, no extra VLM event needed",,,0
1519,460126901,4882303786144675110,v_phone,"['SEATBELT_D_OFF', 'v_phone']",refined,added,refined added extra VLM context,,SEATBELT_D_OFF,1
1520,366763791,4882303786144659488,v_distraction,[],not_confirmed,removed,"original event not confirmed by VLM, so it was removed",v_distraction,,1
1521,337268755,4882303786144631299,v_phone,['v_phone'],confirmed,no_change,"original event stayed, no extra VLM event needed",,,0
1522,507451763,4882303786144613576,v_phone,['v_phone'],confirmed,no_change,"original event stayed, no extra VLM event needed",,,0
1523,366763791,4882303786144578034,v_eye_closed,['v_fatigue'],refined,added,refined added extra VLM context,,v_fatigue,1
1524,409223544,4882303786144574136,v_fatigue,[],not_confirmed,removed,"original event not confirmed by VLM, so it was removed",v_fatigue,,1
1525,335116387,4882303786144561603,v_phone,"['SEATBELT_D_OFF', 'v_phone']",refined,added,refined added extra VLM context,,SEATBELT_D_OFF,1
1526,366751690,4882303786144546201,v_eye_closed,['v_phone'],contradicted,removed,VLM contradicted original telematics event — original removed,v_eye_closed,,1
1526,366751690,4882303786144546201,v_eye_closed,['v_phone'],contradicted,added,VLM contradicted original — replacement VLM event added,,v_phone,1
1527,366751690,4882303786144539083,v_phone,['v_phone'],confirmed,no_change,"original event stayed, no extra VLM event needed",,,0
1528,434885978,4882303786144492813,v_distraction,[],not_confirmed,removed,"original event not confirmed by VLM, so it was removed",v_distraction,,1
1529,460126901,4882303786144417381,v_phone,['v_phone'],confirmed,no_change,"original event stayed, no extra VLM event needed",,,0
1530,507451763,4882303786144412374,v_phone,['v_phone'],confirmed,no_change,"original event stayed, no extra VLM event needed",,,0
1531,333545827,4882303786144396770,v_fatigue,['SEATBELT_D_OFF'],contradicted,removed,VLM contradicted original telematics event — original removed,v_fatigue,,1
1531,333545827,4882303786144396770,v_fatigue,['SEATBELT_D_OFF'],contradicted,added,VLM contradicted original — replacement VLM event added,,SEATBELT_D_OFF,1
1532,460126729,4882303786144390269,v_phone,['v_phone'],confirmed,no_change,"original event stayed, no extra VLM event needed",,,0
1533,366763791,4882303786144371005,v_eye_closed,['v_fatigue'],refined,added,refined added extra VLM context,,v_fatigue,1
1534,333211468,4882303786144362350,v_phone,['v_phone'],confirmed,no_change,"original event stayed, no extra VLM event needed",,,0
1535,337268755,4882303786144338390,v_phone,['v_phone'],confirmed,no_change,"original event stayed, no extra VLM event needed",,,0
1536,453948326,4882303786144278946,v_phone,['v_phone'],confirmed,no_change,"original event stayed, no extra VLM event needed",,,0
1537,422017575,4882303786144267867,v_phone,['v_phone'],confirmed,no_change,"original event stayed, no extra VLM event needed",,,0
1538,443744270,4882303786144247898,v_phone,['v_phone'],confirmed,no_change,"original event stayed, no extra VLM event needed",,,0
1539,333545827,4882303786144219361,v_phone,"['SEATBELT_D_OFF', 'v_phone']",refined,added,refined added extra VLM context,,SEATBELT_D_OFF,1
1540,460126729,4882303786144216733,v_phone,['v_phone'],confirmed,no_change,"original event stayed, no extra VLM event needed",,,0
1541,333211468,4882303786144198322,v_phone,"['SEATBELT_D_OFF', 'v_phone']",refined,added,refined added extra VLM context,,SEATBELT_D_OFF,1
1542,333211468,4882303786144164580,v_fatigue,"['SEATBELT_D_OFF', 'v_phone']",contradicted,removed,VLM contradicted original telematics event — original removed,v_fatigue,,1
1542,333211468,4882303786144164580,v_fatigue,"['SEATBELT_D_OFF', 'v_phone']",contradicted,added,VLM contradicted original — replacement VLM event added,,SEATBELT_D_OFF,1
1542,333211468,4882303786144164580,v_fatigue,"['SEATBELT_D_OFF', 'v_phone']",contradicted,added,VLM contradicted original — replacement VLM event added,,v_phone,1
1543,371660225,4882303786144154108,v_phone,['v_phone'],confirmed,no_change,"original event stayed, no extra VLM event needed",,,0
1544,365670886,4882303786144102571,v_eye_closed,['v_phone'],contradicted,removed,VLM contradicted original telematics event — original removed,v_eye_closed,,1
1544,365670886,4882303786144102571,v_eye_closed,['v_phone'],contradicted,added,VLM contradicted original — replacement VLM event added,,v_phone,1
1545,336854753,4882303786143892328,v_phone,"['SEATBELT_D_OFF', 'v_phone']",refined,added,refined added extra VLM context,,SEATBELT_D_OFF,1
1546,336854753,4882303786143874921,v_distraction,"['SEATBELT_D_OFF', 'v_phone', 'v_distraction']",refined,added,refined added extra VLM context,,SEATBELT_D_OFF,1
1546,336854753,4882303786143874921,v_distraction,"['SEATBELT_D_OFF', 'v_phone', 'v_distraction']",refined,added,refined added extra VLM context,,v_phone,1
1547,336916651,4882303786143773021,v_yawn,[],not_confirmed,removed,"original event not confirmed by VLM, so it was removed",v_yawn,,1
1548,336854753,4882303786143748585,v_phone,['v_phone'],confirmed,no_change,"original event stayed, no extra VLM event needed",,,0
1549,416296124,4882303786143723390,v_cam_covered,[],no_vlm_signal,no_change,VLM produced no usable event,,,0
1550,443744270,4882303786143692696,v_phone,['v_phone'],confirmed,no_change,"original event stayed, no extra VLM event needed",,,0
1551,366763791,4882303786143668147,v_distraction,[],not_confirmed,removed,"original event not confirmed by VLM, so it was removed",v_distraction,,1
1552,336920475,4882303786143621561,v_yawn,"['SEATBELT_D_OFF', 'v_phone']",contradicted,removed,VLM contradicted original telematics event — original removed,v_yawn,,1
1552,336920475,4882303786143621561,v_yawn,"['SEATBELT_D_OFF', 'v_phone']",contradicted,added,VLM contradicted original — replacement VLM event added,,SEATBELT_D_OFF,1
1552,336920475,4882303786143621561,v_yawn,"['SEATBELT_D_OFF', 'v_phone']",contradicted,added,VLM contradicted original — replacement VLM event added,,v_phone,1
1553,336854753,4882303786143605161,v_phone,['v_phone'],confirmed,no_change,"original event stayed, no extra VLM event needed",,,0
1554,437381828,4882303786143564004,v_fatigue,['v_fatigue'],confirmed,no_change,"original event stayed, no extra VLM event needed",,,0
1555,507301777,4882303786143558750,v_phone,['v_phone'],confirmed,no_change,"original event stayed, no extra VLM event needed",,,0
1556,443744270,4882303786143549023,v_phone,['v_phone'],confirmed,no_change,"original event stayed, no extra VLM event needed",,,0
1557,443413751,4882303786143496206,v_phone,['v_phone'],confirmed,no_change,"original event stayed, no extra VLM event needed",,,0
1558,336854753,4882303786143479561,v_distraction,['v_distraction'],confirmed,no_change,"original event stayed, no extra VLM event needed",,,0
1559,334148753,4882303786143479360,v_phone,['v_phone'],confirmed,no_change,"original event stayed, no extra VLM event needed",,,0
1560,366763791,4882303786143478075,v_eye_closed,"['SEATBELT_D_OFF', 'v_fatigue']",refined,added,refined added extra VLM context,,SEATBELT_D_OFF,1
1560,366763791,4882303786143478075,v_eye_closed,"['SEATBELT_D_OFF', 'v_fatigue']",refined,added,refined added extra VLM context,,v_fatigue,1
1561,460126729,4882303786143436805,v_phone,['v_phone'],confirmed,no_change,"original event stayed, no extra VLM event needed",,,0
1562,443744270,4882303786143403969,v_phone,['v_phone'],confirmed,no_change,"original event stayed, no extra VLM event needed",,,0
1563,334154201,4882303786143372339,v_cam_covered,[],not_confirmed,removed,"original event not confirmed by VLM, so it was removed",v_cam_covered,,1
1564,507301777,4882303786143334692,v_eye_closed,['v_fatigue'],refined,added,refined added extra VLM context,,v_fatigue,1
1565,322619618,4882303786143325672,v_phone,['v_phone'],confirmed,no_change,"original event stayed, no extra VLM event needed",,,0
1566,507301777,4882303786143321561,v_distraction,"['v_phone', 'v_distraction']",refined,added,refined added extra VLM context,,v_phone,1
1567,507301777,4882303786143320298,v_phone,['v_phone'],confirmed,no_change,"original event stayed, no extra VLM event needed",,,0
1568,460126729,4882303786143291481,v_phone,['v_phone'],confirmed,no_change,"original event stayed, no extra VLM event needed",,,0
1569,336854753,4882303786143290980,v_phone,['v_phone'],confirmed,no_change,"original event stayed, no extra VLM event needed",,,0
1570,322619618,4882303786143215189,v_phone,['v_phone'],confirmed,no_change,"original event stayed, no extra VLM event needed",,,0
1571,336854753,4882303786143202322,v_distraction,['v_distraction'],confirmed,no_change,"original event stayed, no extra VLM event needed",,,0
1572,336854753,4882303786143196077,v_fatigue,['v_fatigue'],confirmed,no_change,"original event stayed, no extra VLM event needed",,,0
1573,334008589,4882303786143124264,v_yawn,['SEATBELT_D_OFF'],contradicted,removed,VLM contradicted original telematics event — original removed,v_yawn,,1
1573,334008589,4882303786143124264,v_yawn,['SEATBELT_D_OFF'],contradicted,added,VLM contradicted original — replacement VLM event added,,SEATBELT_D_OFF,1
1574,366751690,4882303786142943549,v_phone,['v_phone'],confirmed,no_change,"original event stayed, no extra VLM event needed",,,0
1575,322784039,4882303786142826152,v_phone,['v_phone'],confirmed,no_change,"original event stayed, no extra VLM event needed",,,0
1576,336920475,4882303786142825775,v_yawn,['SEATBELT_D_OFF'],contradicted,removed,VLM contradicted original telematics event — original removed,v_yawn,,1
1576,336920475,4882303786142825775,v_yawn,['SEATBELT_D_OFF'],contradicted,added,VLM contradicted original — replacement VLM event added,,SEATBELT_D_OFF,1
1577,335116387,4882303786142749440,v_phone,"['SEATBELT_D_OFF', 'v_phone']",refined,added,refined added extra VLM context,,SEATBELT_D_OFF,1
1578,335116387,4882303786142741893,v_fatigue,"['SEATBELT_D_OFF', 'v_phone']",contradicted,removed,VLM contradicted original telematics event — original removed,v_fatigue,,1
1578,335116387,4882303786142741893,v_fatigue,"['SEATBELT_D_OFF', 'v_phone']",contradicted,added,VLM contradicted original — replacement VLM event added,,SEATBELT_D_OFF,1
1578,335116387,4882303786142741893,v_fatigue,"['SEATBELT_D_OFF', 'v_phone']",contradicted,added,VLM contradicted original — replacement VLM event added,,v_phone,1
1579,365598486,4882303786142706721,v_distraction,['SEATBELT_D_OFF'],contradicted,removed,VLM contradicted original telematics event — original removed,v_distraction,,1
1579,365598486,4882303786142706721,v_distraction,['SEATBELT_D_OFF'],contradicted,added,VLM contradicted original — replacement VLM event added,,SEATBELT_D_OFF,1
1580,334008589,4882303786142702546,v_yawn,[],not_confirmed,removed,"original event not confirmed by VLM, so it was removed",v_yawn,,1
1581,336916651,4882303786142657162,v_distraction,[],not_confirmed,removed,"original event not confirmed by VLM, so it was removed",v_distraction,,1
1582,366751690,4882303786142618568,v_phone,['v_phone'],confirmed,no_change,"original event stayed, no extra VLM event needed",,,0
1583,454260123,4882303786142587571,v_phone,['v_phone'],confirmed,no_change,"original event stayed, no extra VLM event needed",,,0
1584,507451763,4882303786142573692,v_phone,['v_phone'],confirmed,no_change,"original event stayed, no extra VLM event needed",,,0
1585,336916651,4882303786142440515,v_yawn,['v_fatigue'],refined,added,refined added extra VLM context,,v_fatigue,1
1586,366751690,4882303786142417153,v_phone,['v_phone'],confirmed,no_change,"original event stayed, no extra VLM event needed",,,0
1587,334008589,4882303786142406903,v_yawn,[],not_confirmed,removed,"original event not confirmed by VLM, so it was removed",v_yawn,,1
1588,365598883,4882303786142382612,v_yawn,['v_fatigue'],refined,added,refined added extra VLM context,,v_fatigue,1
1589,336916651,4882303786142360159,v_phone,"['SEATBELT_D_OFF', 'v_phone']",refined,added,refined added extra VLM context,,SEATBELT_D_OFF,1
1590,304245737,4882303786142357126,v_fatigue,[],not_confirmed,removed,"original event not confirmed by VLM, so it was removed",v_fatigue,,1
1591,366751690,4882303786142330014,v_yawn,['v_fatigue'],refined,added,refined added extra VLM context,,v_fatigue,1
1592,366763791,4882303786142310791,v_eye_closed,"['SEATBELT_D_OFF', 'v_fatigue']",refined,added,refined added extra VLM context,,SEATBELT_D_OFF,1
1592,366763791,4882303786142310791,v_eye_closed,"['SEATBELT_D_OFF', 'v_fatigue']",refined,added,refined added extra VLM context,,v_fatigue,1
1593,454260123,4882303786142290707,v_phone,"['SEATBELT_D_OFF', 'v_phone']",refined,added,refined added extra VLM context,,SEATBELT_D_OFF,1
1594,452477724,4882303786142258301,v_phone,['v_phone'],confirmed,no_change,"original event stayed, no extra VLM event needed",,,0
1595,366763791,4882303786142252523,v_phone,"['SEATBELT_D_OFF', 'v_phone']",refined,added,refined added extra VLM context,,SEATBELT_D_OFF,1
1596,366763791,4882303786142031439,v_eye_closed,"['SEATBELT_D_OFF', 'v_fatigue']",refined,added,refined added extra VLM context,,SEATBELT_D_OFF,1
1596,366763791,4882303786142031439,v_eye_closed,"['SEATBELT_D_OFF', 'v_fatigue']",refined,added,refined added extra VLM context,,v_fatigue,1
1597,435028160,4882303786141897699,v_phone,['v_phone'],confirmed,no_change,"original event stayed, no extra VLM event needed",,,0
1598,366763791,4882303786141881134,v_eye_closed,"['SEATBELT_D_OFF', 'v_fatigue']",refined,added,refined added extra VLM context,,SEATBELT_D_OFF,1
1598,366763791,4882303786141881134,v_eye_closed,"['SEATBELT_D_OFF', 'v_fatigue']",refined,added,refined added extra VLM context,,v_fatigue,1
1599,443717449,4882303786141878944,v_phone,['v_phone'],confirmed,no_change,"original event stayed, no extra VLM event needed",,,0
1600,333584194,4882303786141870657,v_distraction,"['SEATBELT_D_OFF', 'v_phone']",contradicted,removed,VLM contradicted original telematics event — original removed,v_distraction,,1
1600,333584194,4882303786141870657,v_distraction,"['SEATBELT_D_OFF', 'v_phone']",contradicted,added,VLM contradicted original — replacement VLM event added,,SEATBELT_D_OFF,1
1600,333584194,4882303786141870657,v_distraction,"['SEATBELT_D_OFF', 'v_phone']",contradicted,added,VLM contradicted original — replacement VLM event added,,v_phone,1
1601,334154315,4882303786141856542,v_yawn,"['SEATBELT_D_OFF', 'v_fatigue']",refined,added,refined added extra VLM context,,SEATBELT_D_OFF,1
1601,334154315,4882303786141856542,v_yawn,"['SEATBELT_D_OFF', 'v_fatigue']",refined,added,refined added extra VLM context,,v_fatigue,1
1602,336854753,4882303786141850450,v_phone,"['SEATBELT_D_OFF', 'v_phone']",refined,added,refined added extra VLM context,,SEATBELT_D_OFF,1
1603,317984438,4882303786141835736,v_phone,['v_phone'],confirmed,no_change,"original event stayed, no extra VLM event needed",,,0
1604,366763791,4882303786141824944,v_phone,['v_phone'],confirmed,no_change,"original event stayed, no extra VLM event needed",,,0
1605,464868635,4882303786141778505,v_phone,"['SEATBELT_D_OFF', 'v_phone']",refined,added,refined added extra VLM context,,SEATBELT_D_OFF,1
1606,366763791,4882303786141735344,v_eye_closed,"['SEATBELT_D_OFF', 'v_fatigue']",refined,added,refined added extra VLM context,,SEATBELT_D_OFF,1
1606,366763791,4882303786141735344,v_eye_closed,"['SEATBELT_D_OFF', 'v_fatigue']",refined,added,refined added extra VLM context,,v_fatigue,1
1607,334008589,4882303786141607714,v_phone,['v_phone'],confirmed,no_change,"original event stayed, no extra VLM event needed",,,0
1608,334008589,4882303786141605978,v_yawn,"['SEATBELT_D_OFF', 'v_phone']",contradicted,removed,VLM contradicted original telematics event — original removed,v_yawn,,1
1608,334008589,4882303786141605978,v_yawn,"['SEATBELT_D_OFF', 'v_phone']",contradicted,added,VLM contradicted original — replacement VLM event added,,SEATBELT_D_OFF,1
1608,334008589,4882303786141605978,v_yawn,"['SEATBELT_D_OFF', 'v_phone']",contradicted,added,VLM contradicted original — replacement VLM event added,,v_phone,1
1609,333584194,4882303786141605729,v_phone,['SEATBELT_D_OFF'],contradicted,removed,VLM contradicted original telematics event — original removed,v_phone,,1
1609,333584194,4882303786141605729,v_phone,['SEATBELT_D_OFF'],contradicted,added,VLM contradicted original — replacement VLM event added,,SEATBELT_D_OFF,1
1610,365598486,4882303786141568464,v_phone,"['SEATBELT_D_OFF', 'v_phone']",refined,added,refined added extra VLM context,,SEATBELT_D_OFF,1
1611,366751690,4882303786141564857,v_eye_closed,[],not_confirmed,removed,"original event not confirmed by VLM, so it was removed",v_eye_closed,,1
1612,443717449,4882303786141510332,v_phone,['v_phone'],confirmed,no_change,"original event stayed, no extra VLM event needed",,,0
1613,334154315,4882303786141489493,v_phone,['v_phone'],confirmed,no_change,"original event stayed, no extra VLM event needed",,,0
1614,435028160,4882303786141461077,v_fatigue,[],not_confirmed,removed,"original event not confirmed by VLM, so it was removed",v_fatigue,,1
1615,366763791,4882303786141459831,v_phone,['v_phone'],confirmed,no_change,"original event stayed, no extra VLM event needed",,,0
1616,366751690,4882303786141441302,v_phone,['v_phone'],confirmed,no_change,"original event stayed, no extra VLM event needed",,,0
1617,366751690,4882303786141399543,v_eye_closed,['v_phone'],contradicted,removed,VLM contradicted original telematics event — original removed,v_eye_closed,,1
1617,366751690,4882303786141399543,v_eye_closed,['v_phone'],contradicted,added,VLM contradicted original — replacement VLM event added,,v_phone,1
1618,443717449,4882303786141368092,v_phone,['v_phone'],confirmed,no_change,"original event stayed, no extra VLM event needed",,,0
1619,366763791,4882303786141360492,v_eye_closed,['v_fatigue'],refined,added,refined added extra VLM context,,v_fatigue,1
1620,333584194,4882303786141329588,v_phone,"['SEATBELT_D_OFF', 'v_phone']",refined,added,refined added extra VLM context,,SEATBELT_D_OFF,1
1621,365670886,4882303786141198857,v_distraction,"['v_phone', 'v_distraction']",refined,added,refined added extra VLM context,,v_phone,1
1622,454260123,4882303786141165716,v_phone,['v_phone'],confirmed,no_change,"original event stayed, no extra VLM event needed",,,0
1623,366751690,4882303786141148911,v_eye_closed,['v_phone'],contradicted,removed,VLM contradicted original telematics event — original removed,v_eye_closed,,1
1623,366751690,4882303786141148911,v_eye_closed,['v_phone'],contradicted,added,VLM contradicted original — replacement VLM event added,,v_phone,1
1624,365670886,4882303786141141158,v_eye_closed,[],not_confirmed,removed,"original event not confirmed by VLM, so it was removed",v_eye_closed,,1
1625,366751690,4882303786141128882,v_phone,"['SEATBELT_D_OFF', 'v_phone']",refined,added,refined added extra VLM context,,SEATBELT_D_OFF,1
1626,416296124,4882303786141127089,v_cam_covered,[],no_vlm_signal,no_change,VLM produced no usable event,,,0
1627,523824244,4882303786141121507,v_eye_closed,"['SEATBELT_D_OFF', 'v_phone']",contradicted,removed,VLM contradicted original telematics event — original removed,v_eye_closed,,1
1627,523824244,4882303786141121507,v_eye_closed,"['SEATBELT_D_OFF', 'v_phone']",contradicted,added,VLM contradicted original — replacement VLM event added,,SEATBELT_D_OFF,1
1627,523824244,4882303786141121507,v_eye_closed,"['SEATBELT_D_OFF', 'v_phone']",contradicted,added,VLM contradicted original — replacement VLM event added,,v_phone,1
1628,460126901,4882303786141080377,v_phone,"['SEATBELT_D_OFF', 'v_phone']",refined,added,refined added extra VLM context,,SEATBELT_D_OFF,1
1629,523824244,4882303786141041811,v_phone,"['SEATBELT_D_OFF', 'v_phone']",refined,added,refined added extra VLM context,,SEATBELT_D_OFF,1
1630,523824244,4882303786141011549,v_distraction,['SEATBELT_D_OFF'],contradicted,removed,VLM contradicted original telematics event — original removed,v_distraction,,1
1630,523824244,4882303786141011549,v_distraction,['SEATBELT_D_OFF'],contradicted,added,VLM contradicted original — replacement VLM event added,,SEATBELT_D_OFF,1
1631,429536893,4882303786141004628,v_phone,['v_phone'],confirmed,no_change,"original event stayed, no extra VLM event needed",,,0
1632,454260123,4882303786140995217,v_fatigue,"['SEATBELT_D_OFF', 'v_fatigue']",refined,added,refined added extra VLM context,,SEATBELT_D_OFF,1
1633,333545827,4882303786140935056,v_distraction,['SEATBELT_D_OFF'],contradicted,removed,VLM contradicted original telematics event — original removed,v_distraction,,1
1633,333545827,4882303786140935056,v_distraction,['SEATBELT_D_OFF'],contradicted,added,VLM contradicted original — replacement VLM event added,,SEATBELT_D_OFF,1
1634,334154315,4882303786140914912,v_phone,"['SEATBELT_D_OFF', 'v_phone']",refined,added,refined added extra VLM context,,SEATBELT_D_OFF,1
1635,454260123,4882303786140888144,v_phone,"['SEATBELT_D_OFF', 'v_phone']",refined,added,refined added extra VLM context,,SEATBELT_D_OFF,1
1636,523824244,4882303786140835248,v_eye_closed,['SEATBELT_D_OFF'],contradicted,removed,VLM contradicted original telematics event — original removed,v_eye_closed,,1
1636,523824244,4882303786140835248,v_eye_closed,['SEATBELT_D_OFF'],contradicted,added,VLM contradicted original — replacement VLM event added,,SEATBELT_D_OFF,1
1637,365598883,4882303786140832859,v_yawn,['v_fatigue'],refined,added,refined added extra VLM context,,v_fatigue,1
1638,523824244,4882303786140823875,v_distraction,"['SEATBELT_D_OFF', 'v_phone']",contradicted,removed,VLM contradicted original telematics event — original removed,v_distraction,,1
1638,523824244,4882303786140823875,v_distraction,"['SEATBELT_D_OFF', 'v_phone']",contradicted,added,VLM contradicted original — replacement VLM event added,,SEATBELT_D_OFF,1
1638,523824244,4882303786140823875,v_distraction,"['SEATBELT_D_OFF', 'v_phone']",contradicted,added,VLM contradicted original — replacement VLM event added,,v_phone,1
1639,523824244,4882303786140815814,v_phone,"['SEATBELT_D_OFF', 'v_phone']",refined,added,refined added extra VLM context,,SEATBELT_D_OFF,1
1640,429536893,4882303786140810208,v_phone,['v_phone'],confirmed,no_change,"original event stayed, no extra VLM event needed",,,0
1641,334154315,4882303786140794254,v_yawn,['v_phone'],contradicted,removed,VLM contradicted original telematics event — original removed,v_yawn,,1
1641,334154315,4882303786140794254,v_yawn,['v_phone'],contradicted,added,VLM contradicted original — replacement VLM event added,,v_phone,1
1642,334154315,4882303786140764640,v_phone,"['SEATBELT_D_OFF', 'v_phone']",refined,added,refined added extra VLM context,,SEATBELT_D_OFF,1
1643,443744270,4882303786140715847,v_fatigue,[],not_confirmed,removed,"original event not confirmed by VLM, so it was removed",v_fatigue,,1
1644,443744270,4882303786140673882,v_phone,['v_phone'],confirmed,no_change,"original event stayed, no extra VLM event needed",,,0
1645,523824244,4882303786140663991,v_phone,"['SEATBELT_D_OFF', 'v_phone']",refined,added,refined added extra VLM context,,SEATBELT_D_OFF,1
1646,523824244,4882303786140659392,v_distraction,['SEATBELT_D_OFF'],contradicted,removed,VLM contradicted original telematics event — original removed,v_distraction,,1
1646,523824244,4882303786140659392,v_distraction,['SEATBELT_D_OFF'],contradicted,added,VLM contradicted original — replacement VLM event added,,SEATBELT_D_OFF,1
1647,333584194,4882303786140551952,v_yawn,[],not_confirmed,removed,"original event not confirmed by VLM, so it was removed",v_yawn,,1
1648,443744270,4882303786140519501,v_phone,['v_phone'],confirmed,no_change,"original event stayed, no extra VLM event needed",,,0
1649,333584194,4882303786140516665,v_distraction,[],not_confirmed,removed,"original event not confirmed by VLM, so it was removed",v_distraction,,1
1650,443744270,4882303786140504105,v_fatigue,['v_fatigue'],confirmed,no_change,"original event stayed, no extra VLM event needed",,,0
1651,304245737,4882303786140443314,v_fatigue,['v_phone'],contradicted,removed,VLM contradicted original telematics event — original removed,v_fatigue,,1
1651,304245737,4882303786140443314,v_fatigue,['v_phone'],contradicted,added,VLM contradicted original — replacement VLM event added,,v_phone,1
1652,333211468,4882303786140344361,v_phone,['v_phone'],confirmed,no_change,"original event stayed, no extra VLM event needed",,,0
1653,435028160,4882303786140291764,v_phone,['v_phone'],confirmed,no_change,"original event stayed, no extra VLM event needed",,,0
1654,371661090,4882303786140259880,v_phone,"['SEATBELT_D_OFF', 'v_phone']",refined,added,refined added extra VLM context,,SEATBELT_D_OFF,1
1655,304245737,4882303786140222848,v_yawn,['v_fatigue'],refined,added,refined added extra VLM context,,v_fatigue,1
1656,333545827,4882303786140176639,v_fatigue,[],not_confirmed,removed,"original event not confirmed by VLM, so it was removed",v_fatigue,,1
1657,366751690,4882303786140170426,v_yawn,['v_phone'],contradicted,removed,VLM contradicted original telematics event — original removed,v_yawn,,1
1657,366751690,4882303786140170426,v_yawn,['v_phone'],contradicted,added,VLM contradicted original — replacement VLM event added,,v_phone,1
1658,366751690,4882303786140170424,v_phone,['v_phone'],confirmed,no_change,"original event stayed, no extra VLM event needed",,,0
1659,409223544,4882303786140083867,v_fatigue,['v_phone'],contradicted,removed,VLM contradicted original telematics event — original removed,v_fatigue,,1
1659,409223544,4882303786140083867,v_fatigue,['v_phone'],contradicted,added,VLM contradicted original — replacement VLM event added,,v_phone,1
1660,409223544,4882303786140080510,v_phone,['v_phone'],confirmed,no_change,"original event stayed, no extra VLM event needed",,,0
1661,304245737,4882303786140041606,v_yawn,['v_phone'],contradicted,removed,VLM contradicted original telematics event — original removed,v_yawn,,1
1661,304245737,4882303786140041606,v_yawn,['v_phone'],contradicted,added,VLM contradicted original — replacement VLM event added,,v_phone,1
1662,366751690,4882303786140031342,v_phone,['v_phone'],confirmed,no_change,"original event stayed, no extra VLM event needed",,,0
1663,333211468,4882303786139999894,v_phone,['v_phone'],confirmed,no_change,"original event stayed, no extra VLM event needed",,,0
1664,373272248,4882303786139956447,v_distraction,['SEATBELT_D_OFF'],contradicted,removed,VLM contradicted original telematics event — original removed,v_distraction,,1
1664,373272248,4882303786139956447,v_distraction,['SEATBELT_D_OFF'],contradicted,added,VLM contradicted original — replacement VLM event added,,SEATBELT_D_OFF,1
1665,523824244,4882303786139950518,v_phone,"['SEATBELT_D_OFF', 'v_phone']",refined,added,refined added extra VLM context,,SEATBELT_D_OFF,1
1666,409223544,4882303786139941747,v_fatigue,[],not_confirmed,removed,"original event not confirmed by VLM, so it was removed",v_fatigue,,1
1667,523824244,4882303786139929933,v_eye_closed,['SEATBELT_D_OFF'],contradicted,removed,VLM contradicted original telematics event — original removed,v_eye_closed,,1
1667,523824244,4882303786139929933,v_eye_closed,['SEATBELT_D_OFF'],contradicted,added,VLM contradicted original — replacement VLM event added,,SEATBELT_D_OFF,1
1668,523824244,4882303786139916290,v_distraction,[],not_confirmed,removed,"original event not confirmed by VLM, so it was removed",v_distraction,,1
1669,229817878,4882303786139915088,v_phone,['v_phone'],confirmed,no_change,"original event stayed, no extra VLM event needed",,,0
1670,304245737,4882303786139892479,v_yawn,[],not_confirmed,removed,"original event not confirmed by VLM, so it was removed",v_yawn,,1
1671,317984438,4882303786139799853,v_phone,['v_phone'],confirmed,no_change,"original event stayed, no extra VLM event needed",,,0
1672,373272248,4882303786139783797,v_distraction,[],no_vlm_signal,no_change,VLM produced no usable event,,,0
1673,460126901,4882303786139776895,v_phone,['v_phone'],confirmed,no_change,"original event stayed, no extra VLM event needed",,,0
1674,460126729,4882303786139775220,v_phone,['v_phone'],confirmed,no_change,"original event stayed, no extra VLM event needed",,,0
1675,304245737,4882303786139745088,v_yawn,['v_phone'],contradicted,removed,VLM contradicted original telematics event — original removed,v_yawn,,1
1675,304245737,4882303786139745088,v_yawn,['v_phone'],contradicted,added,VLM contradicted original — replacement VLM event added,,v_phone,1
1676,373272248,4882303786139697048,v_cam_covered,[],not_confirmed,removed,"original event not confirmed by VLM, so it was removed",v_cam_covered,,1
1677,507451763,4882303786139659453,v_phone,['v_phone'],confirmed,no_change,"original event stayed, no extra VLM event needed",,,0
1678,443717449,4882303786139633938,v_phone,['v_phone'],confirmed,no_change,"original event stayed, no extra VLM event needed",,,0
1679,373272248,4882303786139626377,v_distraction,['SEATBELT_D_OFF'],contradicted,removed,VLM contradicted original telematics event — original removed,v_distraction,,1
1679,373272248,4882303786139626377,v_distraction,['SEATBELT_D_OFF'],contradicted,added,VLM contradicted original — replacement VLM event added,,SEATBELT_D_OFF,1
1680,460126901,4882303786139620327,v_phone,"['SEATBELT_D_OFF', 'v_phone']",refined,added,refined added extra VLM context,,SEATBELT_D_OFF,1
1681,409223544,4882303786139599835,v_phone,['v_phone'],confirmed,no_change,"original event stayed, no extra VLM event needed",,,0
1682,229817878,4882303786139544509,v_phone,"['SEATBELT_D_OFF', 'v_phone']",refined,added,refined added extra VLM context,,SEATBELT_D_OFF,1
1683,322784039,4882303786139509052,v_phone,['v_phone'],confirmed,no_change,"original event stayed, no extra VLM event needed",,,0
1684,523824244,4882303786139477224,v_cam_covered,['v_phone'],contradicted,removed,VLM contradicted original telematics event — original removed,v_cam_covered,,1
1684,523824244,4882303786139477224,v_cam_covered,['v_phone'],contradicted,added,VLM contradicted original — replacement VLM event added,,v_phone,1
1685,523824244,4882303786139468769,v_distraction,"['v_phone', 'v_distraction']",refined,added,refined added extra VLM context,,v_phone,1
1686,365598969,4882303786139466870,v_distraction,[],not_confirmed,removed,"original event not confirmed by VLM, so it was removed",v_distraction,,1
1687,523824244,4882303786139457156,v_eye_closed,['SEATBELT_D_OFF'],contradicted,removed,VLM contradicted original telematics event — original removed,v_eye_closed,,1
1687,523824244,4882303786139457156,v_eye_closed,['SEATBELT_D_OFF'],contradicted,added,VLM contradicted original — replacement VLM event added,,SEATBELT_D_OFF,1
1688,443717449,4882303786139457022,v_phone,['v_phone'],confirmed,no_change,"original event stayed, no extra VLM event needed",,,0
1689,333545827,4882303786139387004,v_distraction,['SEATBELT_D_OFF'],contradicted,removed,VLM contradicted original telematics event — original removed,v_distraction,,1
1689,333545827,4882303786139387004,v_distraction,['SEATBELT_D_OFF'],contradicted,added,VLM contradicted original — replacement VLM event added,,SEATBELT_D_OFF,1
1690,454270937,4882303786139353512,v_fatigue,[],not_confirmed,removed,"original event not confirmed by VLM, so it was removed",v_fatigue,,1
1691,333545827,4882303786139352412,v_cam_covered,"['SEATBELT_D_OFF', 'v_distraction']",contradicted,removed,VLM contradicted original telematics event — original removed,v_cam_covered,,1
1691,333545827,4882303786139352412,v_cam_covered,"['SEATBELT_D_OFF', 'v_distraction']",contradicted,added,VLM contradicted original — replacement VLM event added,,SEATBELT_D_OFF,1
1691,333545827,4882303786139352412,v_cam_covered,"['SEATBELT_D_OFF', 'v_distraction']",contradicted,added,VLM contradicted original — replacement VLM event added,,v_distraction,1
1692,336916651,4882303786139322074,v_phone,"['SEATBELT_D_OFF', 'v_phone']",refined,added,refined added extra VLM context,,SEATBELT_D_OFF,1
1693,229817878,4882303786139287360,v_phone,"['SEATBELT_D_OFF', 'v_phone']",refined,added,refined added extra VLM context,,SEATBELT_D_OFF,1
1694,229817878,4882303786139287271,v_phone,"['SEATBELT_D_OFF', 'v_phone']",refined,added,refined added extra VLM context,,SEATBELT_D_OFF,1
1695,229817878,4882303786139285505,v_phone,[],not_confirmed,removed,"original event not confirmed by VLM, so it was removed",v_phone,,1
1696,434885978,4882303786139247650,v_distraction,[],not_confirmed,removed,"original event not confirmed by VLM, so it was removed",v_distraction,,1
1697,460126729,4882303786139222331,v_phone,['v_phone'],confirmed,no_change,"original event stayed, no extra VLM event needed",,,0
1698,434850546,4882303786139213463,v_phone,['v_phone'],confirmed,no_change,"original event stayed, no extra VLM event needed",,,0
1699,409223544,4882303786139187078,v_fatigue,"['v_phone', 'v_fatigue']",refined,added,refined added extra VLM context,,v_phone,1
1700,336916651,4882303786139167984,v_distraction,[],not_confirmed,removed,"original event not confirmed by VLM, so it was removed",v_distraction,,1
1701,454260123,4882303786139067471,v_phone,"['SEATBELT_D_OFF', 'v_phone']",refined,added,refined added extra VLM context,,SEATBELT_D_OFF,1
1702,409223544,4882303786139034530,v_fatigue,['v_phone'],contradicted,removed,VLM contradicted original telematics event — original removed,v_fatigue,,1
1702,409223544,4882303786139034530,v_fatigue,['v_phone'],contradicted,added,VLM contradicted original — replacement VLM event added,,v_phone,1
1703,416296124,4882303786138999155,v_cam_covered,[],no_vlm_signal,no_change,VLM produced no usable event,,,0
1704,437381828,4882303786138982771,v_fatigue,[],not_confirmed,removed,"original event not confirmed by VLM, so it was removed",v_fatigue,,1
1705,453948326,4882303786138965272,v_fatigue,[],not_confirmed,removed,"original event not confirmed by VLM, so it was removed",v_fatigue,,1
1706,365598883,4882303786138938401,v_yawn,['v_fatigue'],refined,added,refined added extra VLM context,,v_fatigue,1
1707,453948326,4882303786138884995,v_phone,['v_phone'],confirmed,no_change,"original event stayed, no extra VLM event needed",,,0
1708,334154315,4882303786138850720,v_yawn,[],not_confirmed,removed,"original event not confirmed by VLM, so it was removed",v_yawn,,1
1709,434850546,4882303786138783275,v_distraction,[],not_confirmed,removed,"original event not confirmed by VLM, so it was removed",v_distraction,,1
1710,452477724,4882303786138736873,v_phone,['v_phone'],confirmed,no_change,"original event stayed, no extra VLM event needed",,,0
1711,425968651,4882303786138735129,v_distraction,[],not_confirmed,removed,"original event not confirmed by VLM, so it was removed",v_distraction,,1
1712,365598883,4882303786138664700,v_yawn,[],not_confirmed,removed,"original event not confirmed by VLM, so it was removed",v_yawn,,1
1713,452477724,4882303786138657143,v_phone,['v_phone'],confirmed,no_change,"original event stayed, no extra VLM event needed",,,0
1714,452477724,4882303786138657092,v_phone,['SEATBELT_D_OFF'],contradicted,removed,VLM contradicted original telematics event — original removed,v_phone,,1
1714,452477724,4882303786138657092,v_phone,['SEATBELT_D_OFF'],contradicted,added,VLM contradicted original — replacement VLM event added,,SEATBELT_D_OFF,1
1715,452477724,4882303786138656213,v_phone,"['SEATBELT_D_OFF', 'v_phone']",refined,added,refined added extra VLM context,,SEATBELT_D_OFF,1
1716,452477724,4882303786138656127,v_phone,"['SEATBELT_D_OFF', 'v_phone']",refined,added,refined added extra VLM context,,SEATBELT_D_OFF,1
1717,452477724,4882303786138655747,v_phone,['v_phone'],confirmed,no_change,"original event stayed, no extra VLM event needed",,,0
1718,452477724,4882303786138655684,v_phone,['v_phone'],confirmed,no_change,"original event stayed, no extra VLM event needed",,,0
1719,366763791,4882303786138639536,v_cam_covered,['SEATBELT_D_OFF'],contradicted,removed,VLM contradicted original telematics event — original removed,v_cam_covered,,1
1719,366763791,4882303786138639536,v_cam_covered,['SEATBELT_D_OFF'],contradicted,added,VLM contradicted original — replacement VLM event added,,SEATBELT_D_OFF,1
1720,425968651,4882303786138611935,v_distraction,[],not_confirmed,removed,"original event not confirmed by VLM, so it was removed",v_distraction,,1
1721,507301777,4882303786138593321,v_distraction,[],not_confirmed,removed,"original event not confirmed by VLM, so it was removed",v_distraction,,1
1722,425968651,4882303786138552009,v_yawn,[],not_confirmed,removed,"original event not confirmed by VLM, so it was removed",v_yawn,,1
1723,365599055,4882303786138501133,v_fatigue,[],not_confirmed,removed,"original event not confirmed by VLM, so it was removed",v_fatigue,,1
1724,366751690,4882303786138480436,v_phone,['v_phone'],confirmed,no_change,"original event stayed, no extra VLM event needed",,,0
1725,507301777,4882303786138478305,v_distraction,[],not_confirmed,removed,"original event not confirmed by VLM, so it was removed",v_distraction,,1
1726,425968651,4882303786138422703,v_distraction,[],not_confirmed,removed,"original event not confirmed by VLM, so it was removed",v_distraction,,1
1727,322641996,4882303786138402888,v_distraction,[],not_confirmed,removed,"original event not confirmed by VLM, so it was removed",v_distraction,,1
1728,507301777,4882303786138384285,v_distraction,[],not_confirmed,removed,"original event not confirmed by VLM, so it was removed",v_distraction,,1
1729,366751690,4882303786138368529,v_yawn,[],not_confirmed,removed,"original event not confirmed by VLM, so it was removed",v_yawn,,1
1730,429576946,4882303786138366749,v_fatigue,[],not_confirmed,removed,"original event not confirmed by VLM, so it was removed",v_fatigue,,1
1731,365670886,4882303786138359343,v_eye_closed,['v_phone'],contradicted,removed,VLM contradicted original telematics event — original removed,v_eye_closed,,1
1731,365670886,4882303786138359343,v_eye_closed,['v_phone'],contradicted,added,VLM contradicted original — replacement VLM event added,,v_phone,1
1732,322641996,4882303786138354602,v_yawn,['v_fatigue'],refined,added,refined added extra VLM context,,v_fatigue,1
1733,365670886,4882303786138328726,v_phone,['v_phone'],confirmed,no_change,"original event stayed, no extra VLM event needed",,,0
1734,366751690,4882303786138327704,v_distraction,[],no_vlm_signal,no_change,VLM produced no usable event,,,0
1735,425968651,4882303786138306309,v_distraction,[],not_confirmed,removed,"original event not confirmed by VLM, so it was removed",v_distraction,,1
1736,507301777,4882303786138267598,v_distraction,[],not_confirmed,removed,"original event not confirmed by VLM, so it was removed",v_distraction,,1
1737,366751690,4882303786138245017,v_distraction,[],review_only,no_change,review_only found nothing new to add,,,0
1738,366751690,4882303786138198444,v_eye_closed,['v_phone'],contradicted,removed,VLM contradicted original telematics event — original removed,v_eye_closed,,1
1738,366751690,4882303786138198444,v_eye_closed,['v_phone'],contradicted,added,VLM contradicted original — replacement VLM event added,,v_phone,1
1739,366751690,4882303786138173712,v_phone,['v_phone'],confirmed,no_change,"original event stayed, no extra VLM event needed",,,0
1740,434850546,4882303786138025618,v_cam_covered,[],not_confirmed,removed,"original event not confirmed by VLM, so it was removed",v_cam_covered,,1
1741,434850546,4882303786137980128,v_fatigue,['SEATBELT_D_OFF'],contradicted,removed,VLM contradicted original telematics event — original removed,v_fatigue,,1
1741,434850546,4882303786137980128,v_fatigue,['SEATBELT_D_OFF'],contradicted,added,VLM contradicted original — replacement VLM event added,,SEATBELT_D_OFF,1
1742,434850546,4882303786137975607,v_distraction,[],not_confirmed,removed,"original event not confirmed by VLM, so it was removed",v_distraction,,1
1743,371660225,4882303786136982989,dHDG,[],no_vlm_signal,no_change,VLM produced no usable event,,,0
1744,371660225,4882303786136961044,dHDG,[],no_vlm_signal,no_change,VLM produced no usable event,,,0
1745,371660225,4882303786136936349,dHDG,[],no_vlm_signal,no_change,VLM produced no usable event,,,0
1746,371660225,4882303786136910639,dHDG,['SEATBELT_D_OFF'],new_context_added,added,new_context_added added extra VLM context,,SEATBELT_D_OFF,1
1747,371660225,4882303786136884553,dHDG,['SEATBELT_D_OFF'],new_context_added,added,new_context_added added extra VLM context,,SEATBELT_D_OFF,1
1748,371660225,4882303786136855414,dHDG,['SEATBELT_D_OFF'],new_context_added,added,new_context_added added extra VLM context,,SEATBELT_D_OFF,1
1749,371660225,4882303786136826966,dHDG,[],no_vlm_signal,no_change,VLM produced no usable event,,,0
1750,371660225,4882303786136797145,dHDG,[],no_vlm_signal,no_change,VLM produced no usable event,,,0
1751,371660225,4882303786136759623,dHDG,[],no_vlm_signal,no_change,VLM produced no usable event,,,0
1752,373272248,4882303786136601516,v_distraction,['v_distraction'],confirmed,no_change,"original event stayed, no extra VLM event needed",,,0
1753,443717449,4882303786136556789,v_phone,"['SEATBELT_D_OFF', 'v_phone']",refined,added,refined added extra VLM context,,SEATBELT_D_OFF,1
1754,322619618,4882303786136437935,v_phone,"['SEATBELT_D_OFF', 'v_phone']",refined,added,refined added extra VLM context,,SEATBELT_D_OFF,1
1755,322619618,4882303786136437886,v_phone,['v_phone'],confirmed,no_change,"original event stayed, no extra VLM event needed",,,0
1756,322619618,4882303786136437521,v_phone,['v_phone'],confirmed,no_change,"original event stayed, no extra VLM event needed",,,0
1757,322619618,4882303786136437264,v_phone,['v_phone'],confirmed,no_change,"original event stayed, no extra VLM event needed",,,0
1758,322619618,4882303786136437053,v_distraction,[],not_confirmed,removed,"original event not confirmed by VLM, so it was removed",v_distraction,,1
1759,373272248,4882303786136424578,v_distraction,"['SEATBELT_D_OFF', 'v_distraction']",refined,added,refined added extra VLM context,,SEATBELT_D_OFF,1
1760,365670886,4882303786136395779,v_yawn,['v_fatigue'],refined,added,refined added extra VLM context,,v_fatigue,1
1761,365670886,4882303786136317889,v_phone,['v_phone'],confirmed,no_change,"original event stayed, no extra VLM event needed",,,0
1762,373272248,4882303786136255932,v_cam_covered,[],confirmed,no_change,"original event stayed, no extra VLM event needed",,,0
1763,443717449,4882303786136140365,v_phone,"['SEATBELT_D_OFF', 'v_phone']",refined,added,refined added extra VLM context,,SEATBELT_D_OFF,1
1764,523824244,4882303786136048709,v_distraction,['SEATBELT_D_OFF'],contradicted,removed,VLM contradicted original telematics event — original removed,v_distraction,,1
1764,523824244,4882303786136048709,v_distraction,['SEATBELT_D_OFF'],contradicted,added,VLM contradicted original — replacement VLM event added,,SEATBELT_D_OFF,1
1765,507302529,4882303786136020269,v_cam_covered,['SEATBELT_D_OFF'],contradicted,removed,VLM contradicted original telematics event — original removed,v_cam_covered,,1
1765,507302529,4882303786136020269,v_cam_covered,['SEATBELT_D_OFF'],contradicted,added,VLM contradicted original — replacement VLM event added,,SEATBELT_D_OFF,1
1766,464868635,4882303786135987750,v_phone,"['SEATBELT_D_OFF', 'v_phone']",refined,added,refined added extra VLM context,,SEATBELT_D_OFF,1
1767,464868635,4882303786135881994,v_phone,"['SEATBELT_D_OFF', 'v_phone']",refined,added,refined added extra VLM context,,SEATBELT_D_OFF,1
1768,507451763,4882303786135754476,v_cam_covered,[],not_confirmed,removed,"original event not confirmed by VLM, so it was removed",v_cam_covered,,1
1769,333545827,4882303786135521339,v_fatigue,['SEATBELT_D_OFF'],contradicted,removed,VLM contradicted original telematics event — original removed,v_fatigue,,1
1769,333545827,4882303786135521339,v_fatigue,['SEATBELT_D_OFF'],contradicted,added,VLM contradicted original — replacement VLM event added,,SEATBELT_D_OFF,1
1770,523824244,4882303786135515820,v_distraction,"['SEATBELT_D_OFF', 'v_distraction']",refined,added,refined added extra VLM context,,SEATBELT_D_OFF,1
1771,334008589,4882303786135511546,v_yawn,['SEATBELT_D_OFF'],contradicted,removed,VLM contradicted original telematics event — original removed,v_yawn,,1
1771,334008589,4882303786135511546,v_yawn,['SEATBELT_D_OFF'],contradicted,added,VLM contradicted original — replacement VLM event added,,SEATBELT_D_OFF,1
1772,429576946,4882303786135493201,v_phone,"['SEATBELT_D_OFF', 'v_phone']",refined,added,refined added extra VLM context,,SEATBELT_D_OFF,1
1773,523824244,4882303786135400152,v_distraction,['SEATBELT_D_OFF'],contradicted,removed,VLM contradicted original telematics event — original removed,v_distraction,,1
1773,523824244,4882303786135400152,v_distraction,['SEATBELT_D_OFF'],contradicted,added,VLM contradicted original — replacement VLM event added,,SEATBELT_D_OFF,1
1774,460126729,4882303786135396488,v_phone,['v_phone'],confirmed,no_change,"original event stayed, no extra VLM event needed",,,0
1775,337268755,4882303786135395798,v_cam_covered,"['v_phone', 'v_distraction']",contradicted,removed,VLM contradicted original telematics event — original removed,v_cam_covered,,1
1775,337268755,4882303786135395798,v_cam_covered,"['v_phone', 'v_distraction']",contradicted,added,VLM contradicted original — replacement VLM event added,,v_phone,1
1775,337268755,4882303786135395798,v_cam_covered,"['v_phone', 'v_distraction']",contradicted,added,VLM contradicted original — replacement VLM event added,,v_distraction,1
1776,337268755,4882303786135388297,v_phone,['v_phone'],confirmed,no_change,"original event stayed, no extra VLM event needed",,,0
1777,334159140,4882303786135372710,v_phone,"['SEATBELT_D_OFF', 'v_phone']",refined,added,refined added extra VLM context,,SEATBELT_D_OFF,1
1778,334154315,4882303786135322130,v_phone,"['SEATBELT_D_OFF', 'v_phone']",refined,added,refined added extra VLM context,,SEATBELT_D_OFF,1
1779,333584194,4882303786135273196,v_distraction,[],not_confirmed,removed,"original event not confirmed by VLM, so it was removed",v_distraction,,1
1780,443717449,4882303786135260765,v_phone,['v_phone'],confirmed,no_change,"original event stayed, no extra VLM event needed",,,0
1781,338306241,4882303786135167842,v_phone,['v_phone'],confirmed,no_change,"original event stayed, no extra VLM event needed",,,0
1782,373265130,4882303786135019471,v_yawn,[],not_confirmed,removed,"original event not confirmed by VLM, so it was removed",v_yawn,,1
1783,435028160,4882303786134960340,v_phone,['v_phone'],confirmed,no_change,"original event stayed, no extra VLM event needed",,,0
1784,366751690,4882303786134876264,v_phone,['v_phone'],confirmed,no_change,"original event stayed, no extra VLM event needed",,,0
1785,334008589,4882303786134849625,v_yawn,['SEATBELT_D_OFF'],contradicted,removed,VLM contradicted original telematics event — original removed,v_yawn,,1
1785,334008589,4882303786134849625,v_yawn,['SEATBELT_D_OFF'],contradicted,added,VLM contradicted original — replacement VLM event added,,SEATBELT_D_OFF,1
1786,443717449,4882303786134826900,v_phone,['v_phone'],confirmed,no_change,"original event stayed, no extra VLM event needed",,,0
1787,366751690,4882303786134824952,v_eye_closed,[],not_confirmed,removed,"original event not confirmed by VLM, so it was removed",v_eye_closed,,1
1788,366751690,4882303786134819638,v_distraction,[],not_confirmed,removed,"original event not confirmed by VLM, so it was removed",v_distraction,,1
1789,460126729,4882303786134794400,v_phone,['v_phone'],confirmed,no_change,"original event stayed, no extra VLM event needed",,,0
1790,373265130,4882303786134755367,v_fatigue,[],not_confirmed,removed,"original event not confirmed by VLM, so it was removed",v_fatigue,,1
1791,425968651,4882303786134748679,v_distraction,[],not_confirmed,removed,"original event not confirmed by VLM, so it was removed",v_distraction,,1
1792,425968651,4882303786134742767,v_yawn,['v_fatigue'],refined,added,refined added extra VLM context,,v_fatigue,1
1793,334008589,4882303786134704343,v_phone,"['SEATBELT_D_OFF', 'v_phone']",refined,added,refined added extra VLM context,,SEATBELT_D_OFF,1
1794,334008589,4882303786134702115,v_yawn,"['SEATBELT_D_OFF', 'v_phone']",contradicted,removed,VLM contradicted original telematics event — original removed,v_yawn,,1
1794,334008589,4882303786134702115,v_yawn,"['SEATBELT_D_OFF', 'v_phone']",contradicted,added,VLM contradicted original — replacement VLM event added,,SEATBELT_D_OFF,1
1794,334008589,4882303786134702115,v_yawn,"['SEATBELT_D_OFF', 'v_phone']",contradicted,added,VLM contradicted original — replacement VLM event added,,v_phone,1
1795,460126729,4882303786134657264,v_phone,['v_phone'],confirmed,no_change,"original event stayed, no extra VLM event needed",,,0
1796,434885978,4882303786134649643,v_eye_closed,['v_fatigue'],refined,added,refined added extra VLM context,,v_fatigue,1
1797,453865293,4882303786134623066,v_phone,['v_phone'],confirmed,no_change,"original event stayed, no extra VLM event needed",,,0
1798,425968651,4882303786134608576,v_distraction,[],not_confirmed,removed,"original event not confirmed by VLM, so it was removed",v_distraction,,1
1799,523824244,4882303786134590159,v_yawn,[],not_confirmed,removed,"original event not confirmed by VLM, so it was removed",v_yawn,,1
1800,366751690,4882303786134521160,v_eye_closed,"['v_phone', 'v_fatigue']",refined,added,refined added extra VLM context,,v_phone,1
1800,366751690,4882303786134521160,v_eye_closed,"['v_phone', 'v_fatigue']",refined,added,refined added extra VLM context,,v_fatigue,1
1801,425968651,4882303786134485701,v_yawn,[],not_confirmed,removed,"original event not confirmed by VLM, so it was removed",v_yawn,,1
1802,434885978,4882303786134478213,v_eye_closed,['v_fatigue'],refined,added,refined added extra VLM context,,v_fatigue,1
1803,317984646,4882303786134473703,v_phone,['v_phone'],confirmed,no_change,"original event stayed, no extra VLM event needed",,,0
1804,334008589,4882303786134471342,v_yawn,[],not_confirmed,removed,"original event not confirmed by VLM, so it was removed",v_yawn,,1
1805,425968651,4882303786134469717,v_distraction,[],not_confirmed,removed,"original event not confirmed by VLM, so it was removed",v_distraction,,1
1806,454270937,4882303786134463951,v_phone,['v_phone'],confirmed,no_change,"original event stayed, no extra VLM event needed",,,0
1807,366751690,4882303786134458642,v_phone,[],not_confirmed,removed,"original event not confirmed by VLM, so it was removed",v_phone,,1
1808,443717449,4882303786134403686,v_phone,['v_phone'],confirmed,no_change,"original event stayed, no extra VLM event needed",,,0
1809,429536893,4882303786134394075,v_phone,['v_phone'],confirmed,no_change,"original event stayed, no extra VLM event needed",,,0
1810,366751690,4882303786134361296,v_distraction,[],not_confirmed,removed,"original event not confirmed by VLM, so it was removed",v_distraction,,1
1811,523824244,4882303786134337932,v_yawn,[],not_confirmed,removed,"original event not confirmed by VLM, so it was removed",v_yawn,,1
1812,366751690,4882303786134306083,v_eye_closed,['v_phone'],contradicted,removed,VLM contradicted original telematics event — original removed,v_eye_closed,,1
1812,366751690,4882303786134306083,v_eye_closed,['v_phone'],contradicted,added,VLM contradicted original — replacement VLM event added,,v_phone,1
1813,425968651,4882303786134305615,v_distraction,[],not_confirmed,removed,"original event not confirmed by VLM, so it was removed",v_distraction,,1
1814,429536893,4882303786134242921,v_phone,['v_phone'],confirmed,no_change,"original event stayed, no extra VLM event needed",,,0
1815,434885978,4882303786134226142,v_distraction,[],not_confirmed,removed,"original event not confirmed by VLM, so it was removed",v_distraction,,1
1816,338306241,4882303786134211401,v_phone,['v_phone'],confirmed,no_change,"original event stayed, no extra VLM event needed",,,0
1817,460126901,4882303786134205460,v_fatigue,['SEATBELT_D_OFF'],contradicted,removed,VLM contradicted original telematics event — original removed,v_fatigue,,1
1817,460126901,4882303786134205460,v_fatigue,['SEATBELT_D_OFF'],contradicted,added,VLM contradicted original — replacement VLM event added,,SEATBELT_D_OFF,1
1818,460126901,4882303786134186595,v_phone,"['SEATBELT_D_OFF', 'v_phone']",refined,added,refined added extra VLM context,,SEATBELT_D_OFF,1
1819,425968651,4882303786134130538,v_distraction,[],not_confirmed,removed,"original event not confirmed by VLM, so it was removed",v_distraction,,1
1820,453865293,4882303786134125205,v_phone,['v_phone'],confirmed,no_change,"original event stayed, no extra VLM event needed",,,0
1821,366751690,4882303786134084559,v_phone,[],not_confirmed,removed,"original event not confirmed by VLM, so it was removed",v_phone,,1
1822,523824244,4882303786134041154,v_distraction,[],not_confirmed,removed,"original event not confirmed by VLM, so it was removed",v_distraction,,1
1823,365670886,4882303786134031784,v_distraction,"['SEATBELT_D_OFF', 'v_distraction']",refined,added,refined added extra VLM context,,SEATBELT_D_OFF,1
1824,366751690,4882303786134017094,v_eye_closed,"['SEATBELT_D_OFF', 'v_phone']",contradicted,removed,VLM contradicted original telematics event — original removed,v_eye_closed,,1
1824,366751690,4882303786134017094,v_eye_closed,"['SEATBELT_D_OFF', 'v_phone']",contradicted,added,VLM contradicted original — replacement VLM event added,,SEATBELT_D_OFF,1
1824,366751690,4882303786134017094,v_eye_closed,"['SEATBELT_D_OFF', 'v_phone']",contradicted,added,VLM contradicted original — replacement VLM event added,,v_phone,1
1825,464868635,4882303786133987677,v_phone,['SEATBELT_D_OFF'],contradicted,removed,VLM contradicted original telematics event — original removed,v_phone,,1
1825,464868635,4882303786133987677,v_phone,['SEATBELT_D_OFF'],contradicted,added,VLM contradicted original — replacement VLM event added,,SEATBELT_D_OFF,1
1826,429536893,4882303786133984627,v_phone,"['SEATBELT_D_OFF', 'v_phone']",refined,added,refined added extra VLM context,,SEATBELT_D_OFF,1
1827,304245737,4882303786133979399,v_yawn,[],not_confirmed,removed,"original event not confirmed by VLM, so it was removed",v_yawn,,1
1828,460126901,4882303786133968271,v_phone,"['SEATBELT_D_OFF', 'v_phone']",refined,added,refined added extra VLM context,,SEATBELT_D_OFF,1
1829,415734364,4882303786133953115,v_phone,['v_phone'],confirmed,no_change,"original event stayed, no extra VLM event needed",,,0
1830,366751690,4882303786133908984,v_phone,['v_phone'],confirmed,no_change,"original event stayed, no extra VLM event needed",,,0
1831,453865293,4882303786133900276,v_phone,['v_phone'],confirmed,no_change,"original event stayed, no extra VLM event needed",,,0
1832,416296124,4882303786133877737,v_cam_covered,[],no_vlm_signal,no_change,VLM produced no usable event,,,0
1833,454270937,4882303786133848529,v_phone,['v_phone'],confirmed,no_change,"original event stayed, no extra VLM event needed",,,0
1834,334008589,4882303786133842555,v_yawn,['SEATBELT_D_OFF'],contradicted,removed,VLM contradicted original telematics event — original removed,v_yawn,,1
1834,334008589,4882303786133842555,v_yawn,['SEATBELT_D_OFF'],contradicted,added,VLM contradicted original — replacement VLM event added,,SEATBELT_D_OFF,1
1835,460126901,4882303786133804748,v_phone,"['SEATBELT_D_OFF', 'v_phone']",refined,added,refined added extra VLM context,,SEATBELT_D_OFF,1
1836,365670886,4882303786133778964,v_eye_closed,[],not_confirmed,removed,"original event not confirmed by VLM, so it was removed",v_eye_closed,,1
1837,336854753,4882303786133725977,v_phone,['v_phone'],confirmed,no_change,"original event stayed, no extra VLM event needed",,,0
1838,333584194,4882303786133687321,v_phone,"['SEATBELT_D_OFF', 'v_phone']",refined,added,refined added extra VLM context,,SEATBELT_D_OFF,1
1839,454260123,4882303786133676696,v_phone,"['SEATBELT_D_OFF', 'v_phone']",refined,added,refined added extra VLM context,,SEATBELT_D_OFF,1
1840,523824244,4882303786133668911,v_distraction,['v_distraction'],confirmed,no_change,"original event stayed, no extra VLM event needed",,,0
1841,460126729,4882303786133539301,v_phone,['v_phone'],confirmed,no_change,"original event stayed, no extra VLM event needed",,,0
1842,317984438,4882303786133450969,v_phone,['v_phone'],confirmed,no_change,"original event stayed, no extra VLM event needed",,,0
1843,507301777,4882303786133421942,v_distraction,[],not_confirmed,removed,"original event not confirmed by VLM, so it was removed",v_distraction,,1
1844,333584194,4882303786133420885,v_yawn,"['SEATBELT_D_OFF', 'v_phone']",contradicted,removed,VLM contradicted original telematics event — original removed,v_yawn,,1
1844,333584194,4882303786133420885,v_yawn,"['SEATBELT_D_OFF', 'v_phone']",contradicted,added,VLM contradicted original — replacement VLM event added,,SEATBELT_D_OFF,1
1844,333584194,4882303786133420885,v_yawn,"['SEATBELT_D_OFF', 'v_phone']",contradicted,added,VLM contradicted original — replacement VLM event added,,v_phone,1
1845,454260123,4882303786133364694,v_phone,['v_phone'],confirmed,no_change,"original event stayed, no extra VLM event needed",,,0
1846,365599055,4882303786133355469,v_distraction,[],not_confirmed,removed,"original event not confirmed by VLM, so it was removed",v_distraction,,1
1847,333211468,4882303786133349334,v_phone,['v_phone'],confirmed,no_change,"original event stayed, no extra VLM event needed",,,0
1848,365599055,4882303786133332593,v_fatigue,[],not_confirmed,removed,"original event not confirmed by VLM, so it was removed",v_fatigue,,1
1849,333211468,4882303786133299257,v_fatigue,[],not_confirmed,removed,"original event not confirmed by VLM, so it was removed",v_fatigue,,1
1850,365598883,4882303786133264909,v_distraction,['v_distraction'],confirmed,no_change,"original event stayed, no extra VLM event needed",,,0
1851,333584194,4882303786133248197,v_yawn,"['SEATBELT_D_OFF', 'v_phone']",contradicted,removed,VLM contradicted original telematics event — original removed,v_yawn,,1
1851,333584194,4882303786133248197,v_yawn,"['SEATBELT_D_OFF', 'v_phone']",contradicted,added,VLM contradicted original — replacement VLM event added,,SEATBELT_D_OFF,1
1851,333584194,4882303786133248197,v_yawn,"['SEATBELT_D_OFF', 'v_phone']",contradicted,added,VLM contradicted original — replacement VLM event added,,v_phone,1
1852,365598486,4882303786133240836,v_fatigue,['SEATBELT_D_OFF'],contradicted,removed,VLM contradicted original telematics event — original removed,v_fatigue,,1
1852,365598486,4882303786133240836,v_fatigue,['SEATBELT_D_OFF'],contradicted,added,VLM contradicted original — replacement VLM event added,,SEATBELT_D_OFF,1
1853,454260123,4882303786133133032,v_phone,['SEATBELT_D_OFF'],contradicted,removed,VLM contradicted original telematics event — original removed,v_phone,,1
1853,454260123,4882303786133133032,v_phone,['SEATBELT_D_OFF'],contradicted,added,VLM contradicted original — replacement VLM event added,,SEATBELT_D_OFF,1
1854,523824244,4882303786132889749,v_distraction,['SEATBELT_D_OFF'],contradicted,removed,VLM contradicted original telematics event — original removed,v_distraction,,1
1854,523824244,4882303786132889749,v_distraction,['SEATBELT_D_OFF'],contradicted,added,VLM contradicted original — replacement VLM event added,,SEATBELT_D_OFF,1
1855,304246535,4882303786132848530,v_distraction,[],not_confirmed,removed,"original event not confirmed by VLM, so it was removed",v_distraction,,1
1856,429536893,4882303786132835813,v_phone,['v_phone'],confirmed,no_change,"original event stayed, no extra VLM event needed",,,0
1857,460126729,4882303786132831130,v_phone,['v_phone'],confirmed,no_change,"original event stayed, no extra VLM event needed",,,0
1858,429536893,4882303786132688611,v_phone,['v_phone'],confirmed,no_change,"original event stayed, no extra VLM event needed",,,0
1859,322784039,4882303786132685146,v_phone,"['SEATBELT_D_OFF', 'v_phone']",refined,added,refined added extra VLM context,,SEATBELT_D_OFF,1
1860,460126729,4882303786132605366,v_phone,['v_phone'],confirmed,no_change,"original event stayed, no extra VLM event needed",,,0
1861,366751690,4882303786132539934,v_eye_closed,['v_phone'],contradicted,removed,VLM contradicted original telematics event — original removed,v_eye_closed,,1
1861,366751690,4882303786132539934,v_eye_closed,['v_phone'],contradicted,added,VLM contradicted original — replacement VLM event added,,v_phone,1
1862,366751690,4882303786132376858,v_yawn,[],not_confirmed,removed,"original event not confirmed by VLM, so it was removed",v_yawn,,1
1863,338306241,4882303786132308312,v_phone,['v_phone'],confirmed,no_change,"original event stayed, no extra VLM event needed",,,0
1864,366751690,4882303786132234926,v_distraction,[],not_confirmed,removed,"original event not confirmed by VLM, so it was removed",v_distraction,,1
1865,366751690,4882303786132216075,v_phone,"['SEATBELT_D_OFF', 'v_phone']",refined,added,refined added extra VLM context,,SEATBELT_D_OFF,1
1866,366751690,4882303786132210886,v_eye_closed,['SEATBELT_D_OFF'],contradicted,removed,VLM contradicted original telematics event — original removed,v_eye_closed,,1
1866,366751690,4882303786132210886,v_eye_closed,['SEATBELT_D_OFF'],contradicted,added,VLM contradicted original — replacement VLM event added,,SEATBELT_D_OFF,1
1867,460126729,4882303786132157456,v_phone,['v_phone'],confirmed,no_change,"original event stayed, no extra VLM event needed",,,0
1868,365598486,4882303786132151382,v_yawn,['SEATBELT_D_OFF'],contradicted,removed,VLM contradicted original telematics event — original removed,v_yawn,,1
1868,365598486,4882303786132151382,v_yawn,['SEATBELT_D_OFF'],contradicted,added,VLM contradicted original — replacement VLM event added,,SEATBELT_D_OFF,1
1869,338306241,4882303786132149441,v_phone,['v_phone'],confirmed,no_change,"original event stayed, no extra VLM event needed",,,0
1870,365670886,4882303786132144699,v_phone,['v_phone'],confirmed,no_change,"original event stayed, no extra VLM event needed",,,0
1871,507451763,4882303786132070593,v_phone,['v_phone'],confirmed,no_change,"original event stayed, no extra VLM event needed",,,0
1872,429536893,4882303786132022455,v_phone,"['SEATBELT_D_OFF', 'v_phone']",refined,added,refined added extra VLM context,,SEATBELT_D_OFF,1
1873,335116387,4882303786131955595,v_phone,"['SEATBELT_D_OFF', 'v_phone']",refined,added,refined added extra VLM context,,SEATBELT_D_OFF,1
1874,335116387,4882303786131885803,v_fatigue,['SEATBELT_D_OFF'],contradicted,removed,VLM contradicted original telematics event — original removed,v_fatigue,,1
1874,335116387,4882303786131885803,v_fatigue,['SEATBELT_D_OFF'],contradicted,added,VLM contradicted original — replacement VLM event added,,SEATBELT_D_OFF,1
1875,373272248,4882303786131867174,v_fatigue,['SEATBELT_D_OFF'],contradicted,removed,VLM contradicted original telematics event — original removed,v_fatigue,,1
1875,373272248,4882303786131867174,v_fatigue,['SEATBELT_D_OFF'],contradicted,added,VLM contradicted original — replacement VLM event added,,SEATBELT_D_OFF,1
1876,409223544,4882303786131748507,v_phone,['v_phone'],confirmed,no_change,"original event stayed, no extra VLM event needed",,,0
1877,429536893,4882303786131733995,v_phone,['v_phone'],confirmed,no_change,"original event stayed, no extra VLM event needed",,,0
1878,373272248,4882303786131690337,PER,"['SEATBELT_D_OFF', 'v_phone']",new_context_added,added,new_context_added added extra VLM context,,SEATBELT_D_OFF,1
1878,373272248,4882303786131690337,PER,"['SEATBELT_D_OFF', 'v_phone']",new_context_added,added,new_context_added added extra VLM context,,v_phone,1
1879,409223544,4882303786131684018,v_fatigue,['v_phone'],contradicted,removed,VLM contradicted original telematics event — original removed,v_fatigue,,1
1879,409223544,4882303786131684018,v_fatigue,['v_phone'],contradicted,added,VLM contradicted original — replacement VLM event added,,v_phone,1
1880,523822178,4882303786131683572,Ign ON,['SEATBELT_D_OFF'],new_context_added,added,new_context_added added extra VLM context,,SEATBELT_D_OFF,1
1881,460126729,4882303786131663263,PER,[],no_vlm_signal,no_change,VLM produced no usable event,,,0
1882,336916651,4882303786131657211,PER,['SEATBELT_D_OFF'],new_context_added,added,new_context_added added extra VLM context,,SEATBELT_D_OFF,1
1883,429536893,4882303786131656506,dHDG,"['v_phone', 'v_distraction']",new_context_added,added,new_context_added added extra VLM context,,v_phone,1
1883,429536893,4882303786131656506,dHDG,"['v_phone', 'v_distraction']",new_context_added,added,new_context_added added extra VLM context,,v_distraction,1
1884,518311941,4882303786131645254,PER,[],no_vlm_signal,no_change,VLM produced no usable event,,,0
1885,429536893,4882303786131598259,v_phone,['v_phone'],confirmed,no_change,"original event stayed, no extra VLM event needed",,,0
1886,443717449,4882303786131559032,PER,['SEATBELT_D_OFF'],new_context_added,added,new_context_added added extra VLM context,,SEATBELT_D_OFF,1
1887,509637926,4882303786131550529,PER,[],no_vlm_signal,no_change,VLM produced no usable event,,,0
1888,523821830,4882303786131546329,PER,"['v_phone', 'v_distraction']",new_context_added,added,new_context_added added extra VLM context,,v_phone,1
1888,523821830,4882303786131546329,PER,"['v_phone', 'v_distraction']",new_context_added,added,new_context_added added extra VLM context,,v_distraction,1
1889,388775883,4882303786131532777,PER,[],no_vlm_signal,no_change,VLM produced no usable event,,,0
1890,333545827,4882303786131527037,PER,[],no_vlm_signal,no_change,VLM produced no usable event,,,0
1891,453865293,4882303786131507021,PER,[],no_vlm_signal,no_change,VLM produced no usable event,,,0
1892,334148753,4882303786131449530,dHDG,['SEATBELT_D_OFF'],new_context_added,added,new_context_added added extra VLM context,,SEATBELT_D_OFF,1
1893,523821771,4882303786131438898,v_Headway_Mon,[],no_vlm_signal,no_change,VLM produced no usable event,,,0
1894,422017575,4882303786131434174,PER,[],no_vlm_signal,no_change,VLM produced no usable event,,,0
1895,509637688,4882303786131433474,dHDG,[],no_vlm_signal,no_change,VLM produced no usable event,,,0
1896,333211468,4882303786131421108,PER,[],no_vlm_signal,no_change,VLM produced no usable event,,,0
1897,518312835,4882303786131420227,Ign ON,['SEATBELT_D_OFF'],new_context_added,added,new_context_added added extra VLM context,,SEATBELT_D_OFF,1
1898,339001982,4882303786131414711,PER,[],no_vlm_signal,no_change,VLM produced no usable event,,,0
1899,338306241,4882303786131336331,v_phone,['v_phone'],confirmed,no_change,"original event stayed, no extra VLM event needed",,,0
1900,511465936,4882303786131333186,dHDG,[],no_vlm_signal,no_change,VLM produced no usable event,,,0
1901,511506200,4882303786131300707,dHDG,[],no_vlm_signal,no_change,VLM produced no usable event,,,0
1902,460126901,4882303786131287659,v_fatigue,"['SEATBELT_D_OFF', 'v_phone']",contradicted,removed,VLM contradicted original telematics event — original removed,v_fatigue,,1
1902,460126901,4882303786131287659,v_fatigue,"['SEATBELT_D_OFF', 'v_phone']",contradicted,added,VLM contradicted original — replacement VLM event added,,SEATBELT_D_OFF,1
1902,460126901,4882303786131287659,v_fatigue,"['SEATBELT_D_OFF', 'v_phone']",contradicted,added,VLM contradicted original — replacement VLM event added,,v_phone,1
1903,416296124,4882303786131278628,v_cam_covered,[],not_confirmed,removed,"original event not confirmed by VLM, so it was removed",v_cam_covered,,1
1904,366763791,4882303786131272801,PER,['SEATBELT_D_OFF'],new_context_added,added,new_context_added added extra VLM context,,SEATBELT_D_OFF,1
1905,523821693,4882303786131267260,PER,[],no_vlm_signal,no_change,VLM produced no usable event,,,0
1906,511471809,4882303786131263658,PER,['SEATBELT_D_OFF'],new_context_added,added,new_context_added added extra VLM context,,SEATBELT_D_OFF,1
1907,509637652,4882303786131253943,dHDG,"['v_phone', 'v_distraction']",new_context_added,added,new_context_added added extra VLM context,,v_phone,1
1907,509637652,4882303786131253943,dHDG,"['v_phone', 'v_distraction']",new_context_added,added,new_context_added added extra VLM context,,v_distraction,1
1908,415734364,4882303786131247562,Ign ON,[],no_vlm_signal,no_change,VLM produced no usable event,,,0
1909,336854753,4882303786131241477,v_distraction,"['SEATBELT_D_OFF', 'v_distraction']",refined,added,refined added extra VLM context,,SEATBELT_D_OFF,1
1910,511461222,4882303786131239989,PER,['v_phone'],new_context_added,added,new_context_added added extra VLM context,,v_phone,1
1911,512982665,4882303786131211052,Ign ON,['SEATBELT_D_OFF'],new_context_added,added,new_context_added added extra VLM context,,SEATBELT_D_OFF,1
1912,336854753,4882303786131201257,PER,['SEATBELT_D_OFF'],new_context_added,added,new_context_added added extra VLM context,,SEATBELT_D_OFF,1
1913,523823859,4882303786131195530,PER,[],no_vlm_signal,no_change,VLM produced no usable event,,,0
1914,338306241,4882303786131183774,v_phone,['v_phone'],confirmed,no_change,"original event stayed, no extra VLM event needed",,,0
1915,429536893,4882303786131145807,v_phone,"['SEATBELT_D_OFF', 'v_phone']",refined,added,refined added extra VLM context,,SEATBELT_D_OFF,1
1916,409223544,4882303786131126674,v_fatigue,['v_phone'],contradicted,removed,VLM contradicted original telematics event — original removed,v_fatigue,,1
1916,409223544,4882303786131126674,v_fatigue,['v_phone'],contradicted,added,VLM contradicted original — replacement VLM event added,,v_phone,1
1917,335116387,4882303786131123050,v_phone,"['SEATBELT_D_OFF', 'v_phone']",refined,added,refined added extra VLM context,,SEATBELT_D_OFF,1
1918,335116387,4882303786131122034,v_yawn,"['SEATBELT_D_OFF', 'v_phone']",contradicted,removed,VLM contradicted original telematics event — original removed,v_yawn,,1
1918,335116387,4882303786131122034,v_yawn,"['SEATBELT_D_OFF', 'v_phone']",contradicted,added,VLM contradicted original — replacement VLM event added,,SEATBELT_D_OFF,1
1918,335116387,4882303786131122034,v_yawn,"['SEATBELT_D_OFF', 'v_phone']",contradicted,added,VLM contradicted original — replacement VLM event added,,v_phone,1
1919,507271653,4882303786131113519,dHDG,[],no_vlm_signal,no_change,VLM produced no usable event,,,0
1920,460126901,4882303786131110393,v_fatigue,"['v_phone', 'v_fatigue']",refined,added,refined added extra VLM context,,v_phone,1
1921,334008589,4882303786131080827,v_yawn,['SEATBELT_D_OFF'],contradicted,removed,VLM contradicted original telematics event — original removed,v_yawn,,1
1921,334008589,4882303786131080827,v_yawn,['SEATBELT_D_OFF'],contradicted,added,VLM contradicted original — replacement VLM event added,,SEATBELT_D_OFF,1
1922,334008589,4882303786131080071,v_distraction,['SEATBELT_D_OFF'],contradicted,removed,VLM contradicted original telematics event — original removed,v_distraction,,1
1922,334008589,4882303786131080071,v_distraction,['SEATBELT_D_OFF'],contradicted,added,VLM contradicted original — replacement VLM event added,,SEATBELT_D_OFF,1
1923,459506928,4882303786131079668,PER,[],no_vlm_signal,no_change,VLM produced no usable event,,,0
1924,317984646,4882303786131076551,PER,"['SEATBELT_D_OFF', 'v_phone']",new_context_added,added,new_context_added added extra VLM context,,SEATBELT_D_OFF,1
1924,317984646,4882303786131076551,PER,"['SEATBELT_D_OFF', 'v_phone']",new_context_added,added,new_context_added added extra VLM context,,v_phone,1
1925,365598883,4882303786131060690,v_yawn,['v_fatigue'],refined,added,refined added extra VLM context,,v_fatigue,1
1926,409223544,4882303786131052804,v_phone,['v_phone'],confirmed,no_change,"original event stayed, no extra VLM event needed",,,0
1927,377841245,4882303786131041650,dHDG,['SEATBELT_D_OFF'],new_context_added,added,new_context_added added extra VLM context,,SEATBELT_D_OFF,1
1928,523824244,4882303786131033318,v_distraction,['v_distraction'],confirmed,no_change,"original event stayed, no extra VLM event needed",,,0
1929,335116387,4882303786131021236,PER,"['SEATBELT_D_OFF', 'v_phone', 'v_distraction']",new_context_added,added,new_context_added added extra VLM context,,SEATBELT_D_OFF,1
1929,335116387,4882303786131021236,PER,"['SEATBELT_D_OFF', 'v_phone', 'v_distraction']",new_context_added,added,new_context_added added extra VLM context,,v_phone,1
1929,335116387,4882303786131021236,PER,"['SEATBELT_D_OFF', 'v_phone', 'v_distraction']",new_context_added,added,new_context_added added extra VLM context,,v_distraction,1
1930,304246535,4882303786131011565,Ign ON,[],no_vlm_signal,no_change,VLM produced no usable event,,,0
1931,443744270,4882303786131007882,v_phone,['v_phone'],confirmed,no_change,"original event stayed, no extra VLM event needed",,,0
1932,443744270,4882303786130993640,PER,[],no_vlm_signal,no_change,VLM produced no usable event,,,0
1933,511879248,4882303786130992968,PER,['SEATBELT_D_OFF'],new_context_added,added,new_context_added added extra VLM context,,SEATBELT_D_OFF,1
1934,460126901,4882303786130969052,PER,"['SEATBELT_D_OFF', 'v_phone']",new_context_added,added,new_context_added added extra VLM context,,SEATBELT_D_OFF,1
1934,460126901,4882303786130969052,PER,"['SEATBELT_D_OFF', 'v_phone']",new_context_added,added,new_context_added added extra VLM context,,v_phone,1
1935,518312065,4882303786130957609,PER,"['v_phone', 'v_distraction']",new_context_added,added,new_context_added added extra VLM context,,v_phone,1
1935,518312065,4882303786130957609,PER,"['v_phone', 'v_distraction']",new_context_added,added,new_context_added added extra VLM context,,v_distraction,1
1936,334008589,4882303786130955987,v_phone,"['SEATBELT_D_OFF', 'v_phone']",refined,added,refined added extra VLM context,,SEATBELT_D_OFF,1
1937,509636042,4882303786130929503,PER,['SEATBELT_D_OFF'],new_context_added,added,new_context_added added extra VLM context,,SEATBELT_D_OFF,1
1938,523824244,4882303786130925001,v_yawn,[],not_confirmed,removed,"original event not confirmed by VLM, so it was removed",v_yawn,,1
1939,365598883,4882303786130923707,v_yawn,"['SEATBELT_D_OFF', 'v_fatigue']",refined,added,refined added extra VLM context,,SEATBELT_D_OFF,1
1939,365598883,4882303786130923707,v_yawn,"['SEATBELT_D_OFF', 'v_fatigue']",refined,added,refined added extra VLM context,,v_fatigue,1
1940,365598883,4882303786130919853,dHDG,['v_fatigue'],new_context_added,added,new_context_added added extra VLM context,,v_fatigue,1
1941,513225962,4882303786130907309,PER,"['SEATBELT_D_OFF', 'v_phone']",new_context_added,added,new_context_added added extra VLM context,,SEATBELT_D_OFF,1
1941,513225962,4882303786130907309,PER,"['SEATBELT_D_OFF', 'v_phone']",new_context_added,added,new_context_added added extra VLM context,,v_phone,1
1942,317984646,4882303786130896852,v_phone,"['SEATBELT_D_OFF', 'v_phone']",refined,added,refined added extra VLM context,,SEATBELT_D_OFF,1
1943,456979367,4882303786130892606,PER,[],no_vlm_signal,no_change,VLM produced no usable event,,,0
1944,434846817,4882303786130887585,GPS_Lock,[],no_vlm_signal,no_change,VLM produced no usable event,,,0
1945,464397351,4882303786130881064,PER,['SEATBELT_D_OFF'],new_context_added,added,new_context_added added extra VLM context,,SEATBELT_D_OFF,1
1946,511897418,4882303786130879160,dHDG,[],no_vlm_signal,no_change,VLM produced no usable event,,,0
1947,409223544,4882303786130875349,dHDG,[],no_vlm_signal,no_change,VLM produced no usable event,,,0
1948,409223544,4882303786130871209,v_cam_covered,[],confirmed,no_change,"original event stayed, no extra VLM event needed",,,0
1949,308058091,4882303786130863927,PER,[],no_vlm_signal,no_change,VLM produced no usable event,,,0
1950,334008589,4882303786130847751,dHDG,[],no_vlm_signal,no_change,VLM produced no usable event,,,0
1951,429536893,4882303786130836160,v_phone,"['SEATBELT_D_OFF', 'v_phone']",refined,added,refined added extra VLM context,,SEATBELT_D_OFF,1
1952,365598969,4882303786130831767,Ign ON,['SEATBELT_D_OFF'],new_context_added,added,new_context_added added extra VLM context,,SEATBELT_D_OFF,1
1953,437380121,4882303786130821602,v_fatigue,[],not_confirmed,removed,"original event not confirmed by VLM, so it was removed",v_fatigue,,1
1954,429536893,4882303786130809464,PER,['SEATBELT_D_OFF'],new_context_added,added,new_context_added added extra VLM context,,SEATBELT_D_OFF,1
1955,453948326,4882303786130806430,Ign ON,['SEATBELT_D_OFF'],new_context_added,added,new_context_added added extra VLM context,,SEATBELT_D_OFF,1
1956,513234561,4882303786130806220,PER,"['v_phone', 'v_distraction']",new_context_added,added,new_context_added added extra VLM context,,v_phone,1
1956,513234561,4882303786130806220,PER,"['v_phone', 'v_distraction']",new_context_added,added,new_context_added added extra VLM context,,v_distraction,1
1957,338306241,4882303786130796288,PER,['SEATBELT_D_OFF'],new_context_added,added,new_context_added added extra VLM context,,SEATBELT_D_OFF,1
1958,366751690,4882303786130778374,v_phone,['v_phone'],confirmed,no_change,"original event stayed, no extra VLM event needed",,,0
1959,366751690,4882303786130764751,PER,['v_phone'],new_context_added,added,new_context_added added extra VLM context,,v_phone,1
1960,334148753,4882303786130738717,v_distraction,[],not_confirmed,removed,"original event not confirmed by VLM, so it was removed",v_distraction,,1
1961,454535057,4882303786130738344,PER,['SEATBELT_D_OFF'],new_context_added,added,new_context_added added extra VLM context,,SEATBELT_D_OFF,1
1962,366751690,4882303786130734826,v_eye_closed,[],not_confirmed,removed,"original event not confirmed by VLM, so it was removed",v_eye_closed,,1
1963,333584194,4882303786130733135,PER,['SEATBELT_D_OFF'],new_context_added,added,new_context_added added extra VLM context,,SEATBELT_D_OFF,1
1964,523824244,4882303786130726734,v_distraction,['SEATBELT_D_OFF'],contradicted,removed,VLM contradicted original telematics event — original removed,v_distraction,,1
1964,523824244,4882303786130726734,v_distraction,['SEATBELT_D_OFF'],contradicted,added,VLM contradicted original — replacement VLM event added,,SEATBELT_D_OFF,1
1965,409223544,4882303786130719714,v_fatigue,"['v_phone', 'v_fatigue']",refined,added,refined added extra VLM context,,v_phone,1
1966,511642605,4882303786130707850,dHDG,[],no_vlm_signal,no_change,VLM produced no usable event,,,0
1967,509637851,4882303786130705376,PER,['SEATBELT_D_OFF'],new_context_added,added,new_context_added added extra VLM context,,SEATBELT_D_OFF,1
1968,365321388,4882303786130687993,PER,"['v_phone', 'v_distraction']",new_context_added,added,new_context_added added extra VLM context,,v_phone,1
1968,365321388,4882303786130687993,PER,"['v_phone', 'v_distraction']",new_context_added,added,new_context_added added extra VLM context,,v_distraction,1
1969,511466682,4882303786130682491,PER,[],no_vlm_signal,no_change,VLM produced no usable event,,,0
1970,467597649,4882303786130645686,PER,[],no_vlm_signal,no_change,VLM produced no usable event,,,0
1971,443749850,4882303786130640230,PER,['SEATBELT_D_OFF'],new_context_added,added,new_context_added added extra VLM context,,SEATBELT_D_OFF,1
1972,365670886,4882303786130611915,v_phone,"['SEATBELT_D_OFF', 'v_phone']",refined,added,refined added extra VLM context,,SEATBELT_D_OFF,1
1973,337268755,4882303786130611747,PER,[],no_vlm_signal,no_change,VLM produced no usable event,,,0
1974,334148753,4882303786130606832,PER,"['SEATBELT_D_OFF', 'v_smoke']",new_context_added,added,new_context_added added extra VLM context,,SEATBELT_D_OFF,1
1974,334148753,4882303786130606832,PER,"['SEATBELT_D_OFF', 'v_smoke']",new_context_added,added,new_context_added added extra VLM context,,v_smoke,1
1975,409223544,4882303786130599621,v_phone,['v_phone'],confirmed,no_change,"original event stayed, no extra VLM event needed",,,0
1976,334008589,4882303786130594263,v_yawn,['SEATBELT_D_OFF'],contradicted,removed,VLM contradicted original telematics event — original removed,v_yawn,,1
1976,334008589,4882303786130594263,v_yawn,['SEATBELT_D_OFF'],contradicted,added,VLM contradicted original — replacement VLM event added,,SEATBELT_D_OFF,1
1977,460126729,4882303786130586894,PER,['SEATBELT_D_OFF'],new_context_added,added,new_context_added added extra VLM context,,SEATBELT_D_OFF,1
1978,443717449,4882303786130585981,v_phone,"['SEATBELT_D_OFF', 'v_phone']",refined,added,refined added extra VLM context,,SEATBELT_D_OFF,1
1979,509637688,4882303786130584320,dHDG,[],no_vlm_signal,no_change,VLM produced no usable event,,,0
1980,334003979,4882303786130569789,PER,[],no_vlm_signal,no_change,VLM produced no usable event,,,0
1981,443717449,4882303786130553286,PER,['SEATBELT_D_OFF'],new_context_added,added,new_context_added added extra VLM context,,SEATBELT_D_OFF,1
1982,443657921,4882303786130531337,Ign ON,['SEATBELT_D_OFF'],new_context_added,added,new_context_added added extra VLM context,,SEATBELT_D_OFF,1
1983,365670886,4882303786130520050,v_eye_closed,['v_phone'],contradicted,removed,VLM contradicted original telematics event — original removed,v_eye_closed,,1
1983,365670886,4882303786130520050,v_eye_closed,['v_phone'],contradicted,added,VLM contradicted original — replacement VLM event added,,v_phone,1
1984,511465936,4882303786130499822,PER,[],no_vlm_signal,no_change,VLM produced no usable event,,,0
1985,307989723,4882303786130481232,PER,['SEATBELT_D_OFF'],new_context_added,added,new_context_added added extra VLM context,,SEATBELT_D_OFF,1
1986,459505768,4882303786130477555,PER,[],no_vlm_signal,no_change,VLM produced no usable event,,,0
1987,437380121,4882303786130471668,dHDG,[],no_vlm_signal,no_change,VLM produced no usable event,,,0
1988,434850546,4882303786130463720,PER,['SEATBELT_D_OFF'],new_context_added,added,new_context_added added extra VLM context,,SEATBELT_D_OFF,1
1989,509637926,4882303786130460511,PER,"['v_phone', 'v_distraction']",new_context_added,added,new_context_added added extra VLM context,,v_phone,1
1989,509637926,4882303786130460511,PER,"['v_phone', 'v_distraction']",new_context_added,added,new_context_added added extra VLM context,,v_distraction,1
1990,365670886,4882303786130445672,v_phone,['v_phone'],confirmed,no_change,"original event stayed, no extra VLM event needed",,,0
1991,511471809,4882303786130441209,PER,['SEATBELT_D_OFF'],new_context_added,added,new_context_added added extra VLM context,,SEATBELT_D_OFF,1
1992,509637652,4882303786130432173,PER,['v_phone'],new_context_added,added,new_context_added added extra VLM context,,v_phone,1
1993,443744270,4882303786130416817,v_phone,['v_phone'],confirmed,no_change,"original event stayed, no extra VLM event needed",,,0
1994,523823859,4882303786130412090,Ign ON,['SEATBELT_D_OFF'],new_context_added,added,new_context_added added extra VLM context,,SEATBELT_D_OFF,1
1995,317984438,4882303786130295473,PER,[],no_vlm_signal,no_change,VLM produced no usable event,,,0
1996,507271653,4882303786130292400,Ign ON,"['v_phone', 'v_distraction']",new_context_added,added,new_context_added added extra VLM context,,v_phone,1
1996,507271653,4882303786130292400,Ign ON,"['v_phone', 'v_distraction']",new_context_added,added,new_context_added added extra VLM context,,v_distraction,1
1997,373272248,4882303786130268724,PER,['v_phone'],new_context_added,added,new_context_added added extra VLM context,,v_phone,1
1998,334008589,4882303786130266063,v_yawn,['SEATBELT_D_OFF'],contradicted,removed,VLM contradicted original telematics event — original removed,v_yawn,,1
1998,334008589,4882303786130266063,v_yawn,['SEATBELT_D_OFF'],contradicted,added,VLM contradicted original — replacement VLM event added,,SEATBELT_D_OFF,1
1999,459506928,4882303786130260365,PER,['SEATBELT_D_OFF'],new_context_added,added,new_context_added added extra VLM context,,SEATBELT_D_OFF,1
2000,365598883,4882303786130259456,v_distraction,[],not_confirmed,removed,"original event not confirmed by VLM, so it was removed",v_distraction,,1
2001,350179842,4882303786130243934,PER,[],no_vlm_signal,no_change,VLM produced no usable event,,,0
2002,317984646,4882303786130231991,PER,['SEATBELT_D_OFF'],new_context_added,added,new_context_added added extra VLM context,,SEATBELT_D_OFF,1
2003,336854753,4882303786130229787,dHDG,"['SEATBELT_D_OFF', 'v_phone']",new_context_added,added,new_context_added added extra VLM context,,SEATBELT_D_OFF,1
2003,336854753,4882303786130229787,dHDG,"['SEATBELT_D_OFF', 'v_phone']",new_context_added,added,new_context_added added extra VLM context,,v_phone,1
2004,507451763,4882303786130224744,PER,[],no_vlm_signal,no_change,VLM produced no usable event,,,0
2005,509636074,4882303786130223725,Ign ON,[],no_vlm_signal,no_change,VLM produced no usable event,,,0
2006,377841245,4882303786130221722,PER,['SEATBELT_D_OFF'],new_context_added,added,new_context_added added extra VLM context,,SEATBELT_D_OFF,1
2007,459503546,4882303786130197535,Ign ON,[],no_vlm_signal,no_change,VLM produced no usable event,,,0
2008,443744270,4882303786130189831,v_cam_covered,[],confirmed,no_change,"original event stayed, no extra VLM event needed",,,0
2009,460126729,4882303786130170812,v_phone,['v_phone'],confirmed,no_change,"original event stayed, no extra VLM event needed",,,0
2010,366751690,4882303786130167518,v_phone,['v_phone'],confirmed,no_change,"original event stayed, no extra VLM event needed",,,0
2011,336854753,4882303786130163898,v_distraction,[],not_confirmed,removed,"original event not confirmed by VLM, so it was removed",v_distraction,,1
2012,365598883,4882303786130162187,v_yawn,['v_fatigue'],refined,added,refined added extra VLM context,,v_fatigue,1
2013,366751690,4882303786130160824,v_eye_closed,['v_phone'],contradicted,removed,VLM contradicted original telematics event — original removed,v_eye_closed,,1
2013,366751690,4882303786130160824,v_eye_closed,['v_phone'],contradicted,added,VLM contradicted original — replacement VLM event added,,v_phone,1
2014,511879248,4882303786130134164,PER,['SEATBELT_D_OFF'],new_context_added,added,new_context_added added extra VLM context,,SEATBELT_D_OFF,1
2015,304246535,4882303786130118687,Ign ON,['SEATBELT_D_OFF'],new_context_added,added,new_context_added added extra VLM context,,SEATBELT_D_OFF,1
2016,365598883,4882303786130098539,PER,['SEATBELT_D_OFF'],new_context_added,added,new_context_added added extra VLM context,,SEATBELT_D_OFF,1
2017,509636557,4882303786130094419,Ign ON,['SEATBELT_D_OFF'],new_context_added,added,new_context_added added extra VLM context,,SEATBELT_D_OFF,1
2018,460126901,4882303786130094099,v_fatigue,['SEATBELT_D_OFF'],contradicted,removed,VLM contradicted original telematics event — original removed,v_fatigue,,1
2018,460126901,4882303786130094099,v_fatigue,['SEATBELT_D_OFF'],contradicted,added,VLM contradicted original — replacement VLM event added,,SEATBELT_D_OFF,1
2019,339001982,4882303786130091867,Ign ON,[],no_vlm_signal,no_change,VLM produced no usable event,,,0
2020,371660225,4882303786130071564,GPS_Lock,[],no_vlm_signal,no_change,VLM produced no usable event,,,0
2021,511897418,4882303786130066235,PER,['v_phone'],new_context_added,added,new_context_added added extra VLM context,,v_phone,1
2022,333584194,4882303786130060189,v_distraction,[],not_confirmed,removed,"original event not confirmed by VLM, so it was removed",v_distraction,,1
2023,460126901,4882303786130059825,v_phone,"['SEATBELT_D_OFF', 'v_phone']",refined,added,refined added extra VLM context,,SEATBELT_D_OFF,1
2024,409223544,4882303786130051364,PER,['v_distraction'],new_context_added,added,new_context_added added extra VLM context,,v_distraction,1
2025,334148753,4882303786130050716,v_phone,['v_phone'],confirmed,no_change,"original event stayed, no extra VLM event needed",,,0
2026,460126901,4882303786130050366,PER,"['SEATBELT_D_OFF', 'v_phone', 'v_distraction']",new_context_added,added,new_context_added added extra VLM context,,SEATBELT_D_OFF,1
2026,460126901,4882303786130050366,PER,"['SEATBELT_D_OFF', 'v_phone', 'v_distraction']",new_context_added,added,new_context_added added extra VLM context,,v_phone,1
2026,460126901,4882303786130050366,PER,"['SEATBELT_D_OFF', 'v_phone', 'v_distraction']",new_context_added,added,new_context_added added extra VLM context,,v_distraction,1
2027,511879208,4882303786130037720,dHDG,"['SEATBELT_D_OFF', 'v_phone', 'v_distraction']",new_context_added,added,new_context_added added extra VLM context,,SEATBELT_D_OFF,1
2027,511879208,4882303786130037720,dHDG,"['SEATBELT_D_OFF', 'v_phone', 'v_distraction']",new_context_added,added,new_context_added added extra VLM context,,v_phone,1
2027,511879208,4882303786130037720,dHDG,"['SEATBELT_D_OFF', 'v_phone', 'v_distraction']",new_context_added,added,new_context_added added extra VLM context,,v_distraction,1
2028,308058091,4882303786130036063,dHDG,[],no_vlm_signal,no_change,VLM produced no usable event,,,0
2029,334008589,4882303786130026564,PER,[],no_vlm_signal,no_change,VLM produced no usable event,,,0
2030,366751690,4882303786130024664,v_eye_closed,[],not_confirmed,removed,"original event not confirmed by VLM, so it was removed",v_eye_closed,,1
2031,334154315,4882303786130000917,dHDG,[],no_vlm_signal,no_change,VLM produced no usable event,,,0
2032,460126729,4882303786129992993,v_phone,['v_phone'],confirmed,no_change,"original event stayed, no extra VLM event needed",,,0
2033,366751690,4882303786129953356,v_phone,[],confirmed,no_change,"original event stayed, no extra VLM event needed",,,0
2034,453885405,4882303786129951994,PER,[],no_vlm_signal,no_change,VLM produced no usable event,,,0
2035,317984438,4882303786129942710,v_phone,"['SEATBELT_D_OFF', 'v_phone']",refined,added,refined added extra VLM context,,SEATBELT_D_OFF,1
2036,365670886,4882303786129907458,v_distraction,"['v_phone', 'v_distraction']",refined,added,refined added extra VLM context,,v_phone,1
2037,336854753,4882303786129895251,v_fatigue,[],not_confirmed,removed,"original event not confirmed by VLM, so it was removed",v_fatigue,,1
2038,443744270,4882303786129879122,v_phone,['v_phone'],confirmed,no_change,"original event stayed, no extra VLM event needed",,,0
2039,464868635,4882303786129875348,PER,[],no_vlm_signal,no_change,VLM produced no usable event,,,0
2040,460126729,4882303786129852313,v_phone,['v_phone'],confirmed,no_change,"original event stayed, no extra VLM event needed",,,0
2041,317984514,4882303786129836050,v_phone,"['SEATBELT_D_OFF', 'v_phone']",refined,added,refined added extra VLM context,,SEATBELT_D_OFF,1
2042,443744270,4882303786129824699,PER,[],no_vlm_signal,no_change,VLM produced no usable event,,,0
2043,509636001,4882303786129787367,Ign ON,"['SEATBELT_D_OFF', 'v_phone']",new_context_added,added,new_context_added added extra VLM context,,SEATBELT_D_OFF,1
2043,509636001,4882303786129787367,Ign ON,"['SEATBELT_D_OFF', 'v_phone']",new_context_added,added,new_context_added added extra VLM context,,v_phone,1
2044,365670886,4882303786129786058,Ign ON,"['SEATBELT_D_OFF', 'v_phone', 'v_distraction']",new_context_added,added,new_context_added added extra VLM context,,SEATBELT_D_OFF,1
2044,365670886,4882303786129786058,Ign ON,"['SEATBELT_D_OFF', 'v_phone', 'v_distraction']",new_context_added,added,new_context_added added extra VLM context,,v_phone,1
2044,365670886,4882303786129786058,Ign ON,"['SEATBELT_D_OFF', 'v_phone', 'v_distraction']",new_context_added,added,new_context_added added extra VLM context,,v_distraction,1
2045,507302529,4882303786129785916,PER,"['SEATBELT_D_OFF', 'v_phone']",new_context_added,added,new_context_added added extra VLM context,,SEATBELT_D_OFF,1
2045,507302529,4882303786129785916,PER,"['SEATBELT_D_OFF', 'v_phone']",new_context_added,added,new_context_added added extra VLM context,,v_phone,1
2046,460126901,4882303786129743719,v_fatigue,"['v_phone', 'v_fatigue']",refined,added,refined added extra VLM context,,v_phone,1
2047,336854753,4882303786129738171,v_distraction,"['SEATBELT_D_OFF', 'v_phone', 'v_distraction']",refined,added,refined added extra VLM context,,SEATBELT_D_OFF,1
2047,336854753,4882303786129738171,v_distraction,"['SEATBELT_D_OFF', 'v_phone', 'v_distraction']",refined,added,refined added extra VLM context,,v_phone,1
2048,317984619,4882303786129706043,v_phone,"['SEATBELT_D_OFF', 'v_phone']",refined,added,refined added extra VLM context,,SEATBELT_D_OFF,1
2049,436759512,4882303786129680103,v_phone,['v_phone'],confirmed,no_change,"original event stayed, no extra VLM event needed",,,0
2050,459618013,4882303786129678831,PER,['v_cam_covered'],new_context_added,added,new_context_added added extra VLM context,,v_cam_covered,1
2051,436759512,4882303786129668532,PER,"['v_phone', 'v_distraction']",new_context_added,added,new_context_added added extra VLM context,,v_phone,1
2051,436759512,4882303786129668532,PER,"['v_phone', 'v_distraction']",new_context_added,added,new_context_added added extra VLM context,,v_distraction,1
2052,365599055,4882303786129662748,v_phone,['v_phone'],confirmed,no_change,"original event stayed, no extra VLM event needed",,,0
2053,460126901,4882303786129641793,v_phone,"['SEATBELT_D_OFF', 'v_phone']",refined,added,refined added extra VLM context,,SEATBELT_D_OFF,1
2054,509637397,4882303786129621012,PER,['SEATBELT_D_OFF'],new_context_added,added,new_context_added added extra VLM context,,SEATBELT_D_OFF,1
2055,317984514,4882303786129610113,PER,['SEATBELT_D_OFF'],new_context_added,added,new_context_added added extra VLM context,,SEATBELT_D_OFF,1
2056,437380121,4882303786129606121,PER,['v_phone'],new_context_added,added,new_context_added added extra VLM context,,v_phone,1
2057,459505768,4882303786129604785,PER,"['SEATBELT_D_OFF', 'v_phone']",new_context_added,added,new_context_added added extra VLM context,,SEATBELT_D_OFF,1
2057,459505768,4882303786129604785,PER,"['SEATBELT_D_OFF', 'v_phone']",new_context_added,added,new_context_added added extra VLM context,,v_phone,1
2058,415734364,4882303786129596527,Ign ON,"['SEATBELT_D_OFF', 'v_phone']",new_context_added,added,new_context_added added extra VLM context,,SEATBELT_D_OFF,1
2058,415734364,4882303786129596527,Ign ON,"['SEATBELT_D_OFF', 'v_phone']",new_context_added,added,new_context_added added extra VLM context,,v_phone,1
2059,377841595,4882303786129585785,PER,['v_phone'],new_context_added,added,new_context_added added extra VLM context,,v_phone,1
2060,365599055,4882303786129583054,v_fatigue,[],not_confirmed,removed,"original event not confirmed by VLM, so it was removed",v_fatigue,,1
2061,509637926,4882303786129559645,PER,['SEATBELT_D_OFF'],new_context_added,added,new_context_added added extra VLM context,,SEATBELT_D_OFF,1
2062,322641484,4882303786129539004,PER,['SEATBELT_D_OFF'],new_context_added,added,new_context_added added extra VLM context,,SEATBELT_D_OFF,1
2063,411962094,4882303786129536621,Ign ON,['SEATBELT_D_OFF'],new_context_added,added,new_context_added added extra VLM context,,SEATBELT_D_OFF,1
2064,429536893,4882303786129521924,v_phone,['v_phone'],confirmed,no_change,"original event stayed, no extra VLM event needed",,,0
2065,459506000,4882303786129519808,PER,"['SEATBELT_D_OFF', 'v_phone', 'v_distraction']",new_context_added,added,new_context_added added extra VLM context,,SEATBELT_D_OFF,1
2065,459506000,4882303786129519808,PER,"['SEATBELT_D_OFF', 'v_phone', 'v_distraction']",new_context_added,added,new_context_added added extra VLM context,,v_phone,1
2065,459506000,4882303786129519808,PER,"['SEATBELT_D_OFF', 'v_phone', 'v_distraction']",new_context_added,added,new_context_added added extra VLM context,,v_distraction,1
2066,336854753,4882303786129507163,v_fatigue,[],not_confirmed,removed,"original event not confirmed by VLM, so it was removed",v_fatigue,,1
2067,322784039,4882303786129501586,PER,[],no_vlm_signal,no_change,VLM produced no usable event,,,0
2068,466968443,4882303786129492949,GPS_Lock,[],no_vlm_signal,no_change,VLM produced no usable event,,,0
2069,458891357,4882303786129488283,dHDG,[],no_vlm_signal,no_change,VLM produced no usable event,,,0
2070,523822248,4882303786129483160,PER,"['SEATBELT_D_OFF', 'v_phone', 'v_distraction']",new_context_added,added,new_context_added added extra VLM context,,SEATBELT_D_OFF,1
2070,523822248,4882303786129483160,PER,"['SEATBELT_D_OFF', 'v_phone', 'v_distraction']",new_context_added,added,new_context_added added extra VLM context,,v_phone,1
2070,523822248,4882303786129483160,PER,"['SEATBELT_D_OFF', 'v_phone', 'v_distraction']",new_context_added,added,new_context_added added extra VLM context,,v_distraction,1
2071,458886154,4882303786129482594,PER,"['SEATBELT_D_OFF', 'v_phone', 'v_distraction']",new_context_added,added,new_context_added added extra VLM context,,SEATBELT_D_OFF,1
2071,458886154,4882303786129482594,PER,"['SEATBELT_D_OFF', 'v_phone', 'v_distraction']",new_context_added,added,new_context_added added extra VLM context,,v_phone,1
2071,458886154,4882303786129482594,PER,"['SEATBELT_D_OFF', 'v_phone', 'v_distraction']",new_context_added,added,new_context_added added extra VLM context,,v_distraction,1
2072,511472466,4882303786129476634,dHDG,[],no_vlm_signal,no_change,VLM produced no usable event,,,0
2073,317984438,4882303786129456987,PER,['SEATBELT_D_OFF'],new_context_added,added,new_context_added added extra VLM context,,SEATBELT_D_OFF,1
2074,434850546,4882303786129453929,PER,[],no_vlm_signal,no_change,VLM produced no usable event,,,0
2075,317984619,4882303786129437073,PER,[],no_vlm_signal,no_change,VLM produced no usable event,,,0
2076,435288506,4882303786129427133,dHDG,[],no_vlm_signal,no_change,VLM produced no usable event,,,0
2077,511465936,4882303786129415213,PER,[],no_vlm_signal,no_change,VLM produced no usable event,,,0
2078,512994171,4882303786129405209,dHDG,"['v_phone', 'v_distraction']",new_context_added,added,new_context_added added extra VLM context,,v_phone,1
2078,512994171,4882303786129405209,dHDG,"['v_phone', 'v_distraction']",new_context_added,added,new_context_added added extra VLM context,,v_distraction,1
2079,350179842,4882303786129399270,Ign ON,['SEATBELT_D_OFF'],new_context_added,added,new_context_added added extra VLM context,,SEATBELT_D_OFF,1
2080,443749850,4882303786129392133,PER,[],no_vlm_signal,no_change,VLM produced no usable event,,,0
2081,460126729,4882303786129375887,dHDG,[],no_vlm_signal,no_change,VLM produced no usable event,,,0
2082,507451763,4882303786129356891,PER,[],no_vlm_signal,no_change,VLM produced no usable event,,,0
2083,429536893,4882303786129355694,v_phone,['v_phone'],confirmed,no_change,"original event stayed, no extra VLM event needed",,,0
2084,511879248,4882303786129323164,PER,"['SEATBELT_D_OFF', 'v_phone']",new_context_added,added,new_context_added added extra VLM context,,SEATBELT_D_OFF,1
2084,511879248,4882303786129323164,PER,"['SEATBELT_D_OFF', 'v_phone']",new_context_added,added,new_context_added added extra VLM context,,v_phone,1
2085,509637621,4882303786129321499,PER,['SEATBELT_D_OFF'],new_context_added,added,new_context_added added extra VLM context,,SEATBELT_D_OFF,1
2086,365598486,4882303786129311897,PER,['SEATBELT_D_OFF'],new_context_added,added,new_context_added added extra VLM context,,SEATBELT_D_OFF,1
2087,365598969,4882303786129301038,Ign ON,"['SEATBELT_D_OFF', 'v_phone', 'v_distraction']",new_context_added,added,new_context_added added extra VLM context,,SEATBELT_D_OFF,1
2087,365598969,4882303786129301038,Ign ON,"['SEATBELT_D_OFF', 'v_phone', 'v_distraction']",new_context_added,added,new_context_added added extra VLM context,,v_phone,1
2087,365598969,4882303786129301038,Ign ON,"['SEATBELT_D_OFF', 'v_phone', 'v_distraction']",new_context_added,added,new_context_added added extra VLM context,,v_distraction,1
2088,512990207,4882303786129299771,PER,[],no_vlm_signal,no_change,VLM produced no usable event,,,0
2089,335116387,4882303786129295506,v_fatigue,['SEATBELT_D_OFF'],contradicted,removed,VLM contradicted original telematics event — original removed,v_fatigue,,1
2089,335116387,4882303786129295506,v_fatigue,['SEATBELT_D_OFF'],contradicted,added,VLM contradicted original — replacement VLM event added,,SEATBELT_D_OFF,1
2090,365599055,4882303786129284095,Ign ON,"['SEATBELT_D_OFF', 'v_phone', 'v_distraction']",new_context_added,added,new_context_added added extra VLM context,,SEATBELT_D_OFF,1
2090,365599055,4882303786129284095,Ign ON,"['SEATBELT_D_OFF', 'v_phone', 'v_distraction']",new_context_added,added,new_context_added added extra VLM context,,v_phone,1
2090,365599055,4882303786129284095,Ign ON,"['SEATBELT_D_OFF', 'v_phone', 'v_distraction']",new_context_added,added,new_context_added added extra VLM context,,v_distraction,1
2091,434850546,4882303786129278564,v_distraction,[],not_confirmed,removed,"original event not confirmed by VLM, so it was removed",v_distraction,,1
2092,513225962,4882303786129277058,dHDG,[],no_vlm_signal,no_change,VLM produced no usable event,,,0
2093,459503546,4882303786129273426,PER,"['SEATBELT_D_OFF', 'v_phone', 'v_distraction']",new_context_added,added,new_context_added added extra VLM context,,SEATBELT_D_OFF,1
2093,459503546,4882303786129273426,PER,"['SEATBELT_D_OFF', 'v_phone', 'v_distraction']",new_context_added,added,new_context_added added extra VLM context,,v_phone,1
2093,459503546,4882303786129273426,PER,"['SEATBELT_D_OFF', 'v_phone', 'v_distraction']",new_context_added,added,new_context_added added extra VLM context,,v_distraction,1
2094,460126729,4882303786129242987,v_phone,['v_phone'],confirmed,no_change,"original event stayed, no extra VLM event needed",,,0
2095,365598883,4882303786129226590,v_phone,['v_phone'],confirmed,no_change,"original event stayed, no extra VLM event needed",,,0
2096,509637738,4882303786129219124,Ign OFF,['SEATBELT_D_OFF'],new_context_added,added,new_context_added added extra VLM context,,SEATBELT_D_OFF,1
2097,308058091,4882303786129203259,PER,"['SEATBELT_D_OFF', 'v_phone', 'v_distraction']",new_context_added,added,new_context_added added extra VLM context,,SEATBELT_D_OFF,1
2097,308058091,4882303786129203259,PER,"['SEATBELT_D_OFF', 'v_phone', 'v_distraction']",new_context_added,added,new_context_added added extra VLM context,,v_phone,1
2097,308058091,4882303786129203259,PER,"['SEATBELT_D_OFF', 'v_phone', 'v_distraction']",new_context_added,added,new_context_added added extra VLM context,,v_distraction,1
2098,523821693,4882303786129191880,PER,[],no_vlm_signal,no_change,VLM produced no usable event,,,0
2099,443744270,4882303786129191269,v_phone,['v_phone'],confirmed,no_change,"original event stayed, no extra VLM event needed",,,0
2100,388775883,4882303786129183658,v_fatigue,"['SEATBELT_D_OFF', 'v_phone']",contradicted,removed,VLM contradicted original telematics event — original removed,v_fatigue,,1
2100,388775883,4882303786129183658,v_fatigue,"['SEATBELT_D_OFF', 'v_phone']",contradicted,added,VLM contradicted original — replacement VLM event added,,SEATBELT_D_OFF,1
2100,388775883,4882303786129183658,v_fatigue,"['SEATBELT_D_OFF', 'v_phone']",contradicted,added,VLM contradicted original — replacement VLM event added,,v_phone,1
2101,460126901,4882303786129165244,PER,"['SEATBELT_D_OFF', 'v_phone']",new_context_added,added,new_context_added added extra VLM context,,SEATBELT_D_OFF,1
2101,460126901,4882303786129165244,PER,"['SEATBELT_D_OFF', 'v_phone']",new_context_added,added,new_context_added added extra VLM context,,v_phone,1
2102,464367957,4882303786129157194,PER,['v_phone'],new_context_added,added,new_context_added added extra VLM context,,v_phone,1
2103,464368268,4882303786129140784,PER,[],no_vlm_signal,no_change,VLM produced no usable event,,,0
2104,523823149,4882303786129109810,v_Headway_Mon,[],no_vlm_signal,no_change,VLM produced no usable event,,,0
2105,523821830,4882303786129106488,PER,"['SEATBELT_D_OFF', 'v_phone', 'v_distraction']",new_context_added,added,new_context_added added extra VLM context,,SEATBELT_D_OFF,1
2105,523821830,4882303786129106488,PER,"['SEATBELT_D_OFF', 'v_phone', 'v_distraction']",new_context_added,added,new_context_added added extra VLM context,,v_phone,1
2105,523821830,4882303786129106488,PER,"['SEATBELT_D_OFF', 'v_phone', 'v_distraction']",new_context_added,added,new_context_added added extra VLM context,,v_distraction,1
2106,335116387,4882303786129102830,v_fatigue,['v_fatigue'],confirmed,no_change,"original event stayed, no extra VLM event needed",,,0
2107,524598261,4882303786129099819,PER,"['SEATBELT_D_OFF', 'v_phone', 'v_distraction']",new_context_added,added,new_context_added added extra VLM context,,SEATBELT_D_OFF,1
2107,524598261,4882303786129099819,PER,"['SEATBELT_D_OFF', 'v_phone', 'v_distraction']",new_context_added,added,new_context_added added extra VLM context,,v_phone,1
2107,524598261,4882303786129099819,PER,"['SEATBELT_D_OFF', 'v_phone', 'v_distraction']",new_context_added,added,new_context_added added extra VLM context,,v_distraction,1
2108,437381828,4882303786129091053,PER,['SEATBELT_D_OFF'],new_context_added,added,new_context_added added extra VLM context,,SEATBELT_D_OFF,1
2109,429536893,4882303786129087786,v_phone,"['SEATBELT_D_OFF', 'v_phone']",refined,added,refined added extra VLM context,,SEATBELT_D_OFF,1
2110,511468560,4882303786129075658,dHDG,"['SEATBELT_D_OFF', 'v_phone', 'v_distraction']",new_context_added,added,new_context_added added extra VLM context,,SEATBELT_D_OFF,1
2110,511468560,4882303786129075658,dHDG,"['SEATBELT_D_OFF', 'v_phone', 'v_distraction']",new_context_added,added,new_context_added added extra VLM context,,v_phone,1
2110,511468560,4882303786129075658,dHDG,"['SEATBELT_D_OFF', 'v_phone', 'v_distraction']",new_context_added,added,new_context_added added extra VLM context,,v_distraction,1
2111,312741040,4882303786129073976,PER,[],no_vlm_signal,no_change,VLM produced no usable event,,,0
2112,336916651,4882303786129054767,PER,['SEATBELT_D_OFF'],new_context_added,added,new_context_added added extra VLM context,,SEATBELT_D_OFF,1
2113,464397351,4882303786129047799,v_phone,['v_phone'],confirmed,no_change,"original event stayed, no extra VLM event needed",,,0
2114,443744270,4882303786129017460,v_fatigue,['v_phone'],contradicted,removed,VLM contradicted original telematics event — original removed,v_fatigue,,1
2114,443744270,4882303786129017460,v_fatigue,['v_phone'],contradicted,added,VLM contradicted original — replacement VLM event added,,v_phone,1
2115,388775883,4882303786129009518,v_phone,"['SEATBELT_D_OFF', 'v_phone']",refined,added,refined added extra VLM context,,SEATBELT_D_OFF,1
2116,304245737,4882303786129008016,v_fatigue,[],not_confirmed,removed,"original event not confirmed by VLM, so it was removed",v_fatigue,,1
2117,335116387,4882303786128996740,Ign ON,['SEATBELT_D_OFF'],new_context_added,added,new_context_added added extra VLM context,,SEATBELT_D_OFF,1
2118,366763791,4882303786128985914,PER,"['SEATBELT_D_OFF', 'v_phone', 'v_distraction']",new_context_added,added,new_context_added added extra VLM context,,SEATBELT_D_OFF,1
2118,366763791,4882303786128985914,PER,"['SEATBELT_D_OFF', 'v_phone', 'v_distraction']",new_context_added,added,new_context_added added extra VLM context,,v_phone,1
2118,366763791,4882303786128985914,PER,"['SEATBELT_D_OFF', 'v_phone', 'v_distraction']",new_context_added,added,new_context_added added extra VLM context,,v_distraction,1
2119,388775883,4882303786128965773,PER,"['v_phone', 'v_distraction']",new_context_added,added,new_context_added added extra VLM context,,v_phone,1
2119,388775883,4882303786128965773,PER,"['v_phone', 'v_distraction']",new_context_added,added,new_context_added added extra VLM context,,v_distraction,1
2120,518311941,4882303786128953389,PER,['v_phone'],new_context_added,added,new_context_added added extra VLM context,,v_phone,1
2121,443744270,4882303786128951724,v_phone,['v_phone'],confirmed,no_change,"original event stayed, no extra VLM event needed",,,0
2122,523824495,4882303786128919736,Ign ON,['SEATBELT_D_OFF'],new_context_added,added,new_context_added added extra VLM context,,SEATBELT_D_OFF,1
2123,523821771,4882303786128908783,Ign ON,['SEATBELT_D_OFF'],new_context_added,added,new_context_added added extra VLM context,,SEATBELT_D_OFF,1
2124,338306241,4882303786128907501,PER,['SEATBELT_D_OFF'],new_context_added,added,new_context_added added extra VLM context,,SEATBELT_D_OFF,1
2125,464397351,4882303786128905756,PER,['v_phone'],new_context_added,added,new_context_added added extra VLM context,,v_phone,1
2126,507302670,4882303786128903076,Ign ON,['v_distraction'],new_context_added,added,new_context_added added extra VLM context,,v_distraction,1
2127,334148753,4882303786128902271,Idle Per,['SEATBELT_D_OFF'],new_context_added,added,new_context_added added extra VLM context,,SEATBELT_D_OFF,1
2128,322784039,4882303786128899408,v_fatigue,['v_phone'],contradicted,removed,VLM contradicted original telematics event — original removed,v_fatigue,,1
2128,322784039,4882303786128899408,v_fatigue,['v_phone'],contradicted,added,VLM contradicted original — replacement VLM event added,,v_phone,1
2129,429536893,4882303786128889333,Ign ON,['SEATBELT_D_OFF'],new_context_added,added,new_context_added added extra VLM context,,SEATBELT_D_OFF,1
2130,443744270,4882303786128876550,Ign ON,"['SEATBELT_D_OFF', 'v_phone']",new_context_added,added,new_context_added added extra VLM context,,SEATBELT_D_OFF,1
2130,443744270,4882303786128876550,Ign ON,"['SEATBELT_D_OFF', 'v_phone']",new_context_added,added,new_context_added added extra VLM context,,v_phone,1
2131,365598883,4882303786128876175,v_yawn,"['SEATBELT_D_OFF', 'v_fatigue']",refined,added,refined added extra VLM context,,SEATBELT_D_OFF,1
2131,365598883,4882303786128876175,v_yawn,"['SEATBELT_D_OFF', 'v_fatigue']",refined,added,refined added extra VLM context,,v_fatigue,1
2132,454535057,4882303786128858692,PER,[],no_vlm_signal,no_change,VLM produced no usable event,,,0
2133,304245737,4882303786128820189,PER,"['v_phone', 'v_distraction']",new_context_added,added,new_context_added added extra VLM context,,v_phone,1
2133,304245737,4882303786128820189,PER,"['v_phone', 'v_distraction']",new_context_added,added,new_context_added added extra VLM context,,v_distraction,1
2134,365598883,4882303786128816613,GPS_Lock,"['SEATBELT_D_OFF', 'v_phone', 'v_distraction']",new_context_added,added,new_context_added added extra VLM context,,SEATBELT_D_OFF,1
2134,365598883,4882303786128816613,GPS_Lock,"['SEATBELT_D_OFF', 'v_phone', 'v_distraction']",new_context_added,added,new_context_added added extra VLM context,,v_phone,1
2134,365598883,4882303786128816613,GPS_Lock,"['SEATBELT_D_OFF', 'v_phone', 'v_distraction']",new_context_added,added,new_context_added added extra VLM context,,v_distraction,1
2135,304246535,4882303786128809274,PER,[],no_vlm_signal,no_change,VLM produced no usable event,,,0
2136,507302529,4882303786128796625,dHDG,"['v_phone', 'v_distraction']",new_context_added,added,new_context_added added extra VLM context,,v_phone,1
2136,507302529,4882303786128796625,dHDG,"['v_phone', 'v_distraction']",new_context_added,added,new_context_added added extra VLM context,,v_distraction,1
2137,511471809,4882303786128743353,PER,['SEATBELT_D_OFF'],new_context_added,added,new_context_added added extra VLM context,,SEATBELT_D_OFF,1
2138,429576946,4882303786128713032,PER,[],no_vlm_signal,no_change,VLM produced no usable event,,,0
2139,511472466,4882303786128660897,PER,"['SEATBELT_D_OFF', 'v_phone']",new_context_added,added,new_context_added added extra VLM context,,SEATBELT_D_OFF,1
2139,511472466,4882303786128660897,PER,"['SEATBELT_D_OFF', 'v_phone']",new_context_added,added,new_context_added added extra VLM context,,v_phone,1
2140,322784039,4882303786128646103,PER,"['SEATBELT_D_OFF', 'v_distraction']",new_context_added,added,new_context_added added extra VLM context,,SEATBELT_D_OFF,1
2140,322784039,4882303786128646103,PER,"['SEATBELT_D_OFF', 'v_distraction']",new_context_added,added,new_context_added added extra VLM context,,v_distraction,1
2141,434850546,4882303786128634260,dHDG,"['v_phone', 'v_distraction']",new_context_added,added,new_context_added added extra VLM context,,v_phone,1
2141,434850546,4882303786128634260,dHDG,"['v_phone', 'v_distraction']",new_context_added,added,new_context_added added extra VLM context,,v_distraction,1
2142,365598486,4882303786128622751,v_distraction,['SEATBELT_D_OFF'],contradicted,removed,VLM contradicted original telematics event — original removed,v_distraction,,1
2142,365598486,4882303786128622751,v_distraction,['SEATBELT_D_OFF'],contradicted,added,VLM contradicted original — replacement VLM event added,,SEATBELT_D_OFF,1
2143,435288506,4882303786128604770,Ign ON,[],no_vlm_signal,no_change,VLM produced no usable event,,,0
2144,509637688,4882303786128598011,dHDG,"['v_phone', 'v_distraction']",new_context_added,added,new_context_added added extra VLM context,,v_phone,1
2144,509637688,4882303786128598011,dHDG,"['v_phone', 'v_distraction']",new_context_added,added,new_context_added added extra VLM context,,v_distraction,1
2145,512994171,4882303786128593643,PER,"['v_phone', 'v_distraction']",new_context_added,added,new_context_added added extra VLM context,,v_phone,1
2145,512994171,4882303786128593643,PER,"['v_phone', 'v_distraction']",new_context_added,added,new_context_added added extra VLM context,,v_distraction,1
2146,415734364,4882303786128562182,PER,[],no_vlm_signal,no_change,VLM produced no usable event,,,0
2147,366751690,4882303786128551113,v_phone,['v_phone'],confirmed,no_change,"original event stayed, no extra VLM event needed",,,0
2148,365598486,4882303786128524882,v_phone,"['SEATBELT_D_OFF', 'v_phone']",refined,added,refined added extra VLM context,,SEATBELT_D_OFF,1
2149,509637553,4882303786128520387,PER,['SEATBELT_D_OFF'],new_context_added,added,new_context_added added extra VLM context,,SEATBELT_D_OFF,1
2150,417516308,4882303786128516169,PER,[],no_vlm_signal,no_change,VLM produced no usable event,,,0
2151,513225962,4882303786128455750,dHDG,[],no_vlm_signal,no_change,VLM produced no usable event,,,0
2152,429536893,4882303786128455460,v_phone,"['SEATBELT_D_OFF', 'v_phone']",refined,added,refined added extra VLM context,,SEATBELT_D_OFF,1
2153,366751690,4882303786128429659,v_eye_closed,['v_phone'],contradicted,removed,VLM contradicted original telematics event — original removed,v_eye_closed,,1
2153,366751690,4882303786128429659,v_eye_closed,['v_phone'],contradicted,added,VLM contradicted original — replacement VLM event added,,v_phone,1
2154,509637652,4882303786128420845,dHDG,"['v_phone', 'v_distraction']",new_context_added,added,new_context_added added extra VLM context,,v_phone,1
2154,509637652,4882303786128420845,dHDG,"['v_phone', 'v_distraction']",new_context_added,added,new_context_added added extra VLM context,,v_distraction,1
2155,333211468,4882303786128406524,v_phone,['v_phone'],confirmed,no_change,"original event stayed, no extra VLM event needed",,,0
2156,511472023,4882303786128402836,PER,['SEATBELT_D_OFF'],new_context_added,added,new_context_added added extra VLM context,,SEATBELT_D_OFF,1
2157,512989545,4882303786128365192,PER,"['SEATBELT_D_OFF', 'v_phone', 'v_distraction']",new_context_added,added,new_context_added added extra VLM context,,SEATBELT_D_OFF,1
2157,512989545,4882303786128365192,PER,"['SEATBELT_D_OFF', 'v_phone', 'v_distraction']",new_context_added,added,new_context_added added extra VLM context,,v_phone,1
2157,512989545,4882303786128365192,PER,"['SEATBELT_D_OFF', 'v_phone', 'v_distraction']",new_context_added,added,new_context_added added extra VLM context,,v_distraction,1
2158,460126455,4882303786128342474,PER,"['SEATBELT_D_OFF', 'v_phone']",new_context_added,added,new_context_added added extra VLM context,,SEATBELT_D_OFF,1
2158,460126455,4882303786128342474,PER,"['SEATBELT_D_OFF', 'v_phone']",new_context_added,added,new_context_added added extra VLM context,,v_phone,1
2159,458748209,4882303786128340304,Ign ON,[],no_vlm_signal,no_change,VLM produced no usable event,,,0
2160,464868635,4882303786128330209,dHDG,[],no_vlm_signal,no_change,VLM produced no usable event,,,0
2161,511461222,4882303786128304159,PER,[],no_vlm_signal,no_change,VLM produced no usable event,,,0
2162,523823149,4882303786128296942,Ign ON,['SEATBELT_D_OFF'],new_context_added,added,new_context_added added extra VLM context,,SEATBELT_D_OFF,1
2163,511468560,4882303786128255202,PER,"['SEATBELT_D_OFF', 'v_phone']",new_context_added,added,new_context_added added extra VLM context,,SEATBELT_D_OFF,1
2163,511468560,4882303786128255202,PER,"['SEATBELT_D_OFF', 'v_phone']",new_context_added,added,new_context_added added extra VLM context,,v_phone,1
2164,459506928,4882303786128246188,PER,['SEATBELT_D_OFF'],new_context_added,added,new_context_added added extra VLM context,,SEATBELT_D_OFF,1
2165,373272248,4882303786128240986,PER,['SEATBELT_D_OFF'],new_context_added,added,new_context_added added extra VLM context,,SEATBELT_D_OFF,1
2166,429536893,4882303786128226150,v_phone,"['SEATBELT_D_OFF', 'v_phone']",refined,added,refined added extra VLM context,,SEATBELT_D_OFF,1
2167,333545827,4882303786128199036,Ign ON,['SEATBELT_D_OFF'],new_context_added,added,new_context_added added extra VLM context,,SEATBELT_D_OFF,1
2168,443717449,4882303786128173506,Ign ON,['SEATBELT_D_OFF'],new_context_added,added,new_context_added added extra VLM context,,SEATBELT_D_OFF,1
2169,335116387,4882303786128155125,v_fatigue,[],not_confirmed,removed,"original event not confirmed by VLM, so it was removed",v_fatigue,,1
2170,337268755,4882303786128130787,v_phone,['v_phone'],confirmed,no_change,"original event stayed, no extra VLM event needed",,,0
2171,507264328,4882303786128129245,PER,['v_phone'],new_context_added,added,new_context_added added extra VLM context,,v_phone,1
2172,366763791,4882303786128123439,PER,[],no_vlm_signal,no_change,VLM produced no usable event,,,0
2173,365670886,4882303786128109370,v_eye_closed,['v_fatigue'],refined,added,refined added extra VLM context,,v_fatigue,1
2174,458886154,4882303786128074884,dHDG,"['SEATBELT_D_OFF', 'v_phone', 'v_distraction']",new_context_added,added,new_context_added added extra VLM context,,SEATBELT_D_OFF,1
2174,458886154,4882303786128074884,dHDG,"['SEATBELT_D_OFF', 'v_phone', 'v_distraction']",new_context_added,added,new_context_added added extra VLM context,,v_phone,1
2174,458886154,4882303786128074884,dHDG,"['SEATBELT_D_OFF', 'v_phone', 'v_distraction']",new_context_added,added,new_context_added added extra VLM context,,v_distraction,1
2175,429536893,4882303786128064929,v_phone,['v_phone'],confirmed,no_change,"original event stayed, no extra VLM event needed",,,0
2176,509637948,4882303786128048301,Ign ON,['SEATBELT_D_OFF'],new_context_added,added,new_context_added added extra VLM context,,SEATBELT_D_OFF,1
2177,464397351,4882303786128046865,PER,['v_distraction'],new_context_added,added,new_context_added added extra VLM context,,v_distraction,1
2178,518312065,4882303786128031382,PER,"['SEATBELT_D_OFF', 'v_phone']",new_context_added,added,new_context_added added extra VLM context,,SEATBELT_D_OFF,1
2178,518312065,4882303786128031382,PER,"['SEATBELT_D_OFF', 'v_phone']",new_context_added,added,new_context_added added extra VLM context,,v_phone,1
2179,365670886,4882303786128030801,v_phone,['v_phone'],confirmed,no_change,"original event stayed, no extra VLM event needed",,,0
2180,365598969,4882303786128017505,Ign ON,['SEATBELT_D_OFF'],new_context_added,added,new_context_added added extra VLM context,,SEATBELT_D_OFF,1
2181,467597649,4882303786128010046,PER,[],no_vlm_signal,no_change,VLM produced no usable event,,,0
2182,460126729,4882303786128002564,v_phone,['v_phone'],confirmed,no_change,"original event stayed, no extra VLM event needed",,,0
2183,523824495,4882303786127976142,Ign ON,"['SEATBELT_D_OFF', 'v_phone', 'v_distraction']",new_context_added,added,new_context_added added extra VLM context,,SEATBELT_D_OFF,1
2183,523824495,4882303786127976142,Ign ON,"['SEATBELT_D_OFF', 'v_phone', 'v_distraction']",new_context_added,added,new_context_added added extra VLM context,,v_phone,1
2183,523824495,4882303786127976142,Ign ON,"['SEATBELT_D_OFF', 'v_phone', 'v_distraction']",new_context_added,added,new_context_added added extra VLM context,,v_distraction,1
2184,507302529,4882303786127973269,PER,[],no_vlm_signal,no_change,VLM produced no usable event,,,0
2185,336854753,4882303786127928761,v_distraction,[],not_confirmed,removed,"original event not confirmed by VLM, so it was removed",v_distraction,,1
2186,322641484,4882303786127923114,PER,[],no_vlm_signal,no_change,VLM produced no usable event,,,0
2187,409223544,4882303786127921300,Ign ON,['SEATBELT_D_OFF'],new_context_added,added,new_context_added added extra VLM context,,SEATBELT_D_OFF,1
2188,429536893,4882303786127919717,v_phone,"['SEATBELT_D_OFF', 'v_phone']",refined,added,refined added extra VLM context,,SEATBELT_D_OFF,1
2189,507271653,4882303786127916896,Ign ON,[],no_vlm_signal,no_change,VLM produced no usable event,,,0
2190,335116387,4882303786127910877,v_fatigue,[],not_confirmed,removed,"original event not confirmed by VLM, so it was removed",v_fatigue,,1
2191,335116387,4882303786127859663,Ign ON,"['SEATBELT_D_OFF', 'v_phone']",new_context_added,added,new_context_added added extra VLM context,,SEATBELT_D_OFF,1
2191,335116387,4882303786127859663,Ign ON,"['SEATBELT_D_OFF', 'v_phone']",new_context_added,added,new_context_added added extra VLM context,,v_phone,1
2192,443744270,4882303786127839659,PER,['v_phone'],new_context_added,added,new_context_added added extra VLM context,,v_phone,1
2193,434850546,4882303786127811953,dHDG,[],no_vlm_signal,no_change,VLM produced no usable event,,,0
2194,365598486,4882303786127807253,v_yawn,['v_fatigue'],refined,added,refined added extra VLM context,,v_fatigue,1
2195,443749850,4882303786127795487,PER,[],no_vlm_signal,no_change,VLM produced no usable event,,,0
2196,459618013,4882303786127795374,PER,['v_cam_covered'],new_context_added,added,new_context_added added extra VLM context,,v_cam_covered,1
2197,507302670,4882303786127790417,PER,[],no_vlm_signal,no_change,VLM produced no usable event,,,0
2198,460126729,4882303786127787692,v_phone,['v_phone'],confirmed,no_change,"original event stayed, no extra VLM event needed",,,0
2199,334008589,4882303786127761942,v_yawn,['v_fatigue'],refined,added,refined added extra VLM context,,v_fatigue,1
2200,415734364,4882303786127750238,Ign ON,[],no_vlm_signal,no_change,VLM produced no usable event,,,0
2201,509637926,4882303786127733335,PER,['v_phone'],new_context_added,added,new_context_added added extra VLM context,,v_phone,1
2202,460126729,4882303786127729375,PER,[],no_vlm_signal,no_change,VLM produced no usable event,,,0
2203,429536893,4882303786127714490,PER,['SEATBELT_D_OFF'],new_context_added,added,new_context_added added extra VLM context,,SEATBELT_D_OFF,1
2204,509637523,4882303786127706122,PER,['v_phone'],new_context_added,added,new_context_added added extra VLM context,,v_phone,1
2205,453948326,4882303786127687711,v_phone,"['SEATBELT_D_OFF', 'v_phone']",refined,added,refined added extra VLM context,,SEATBELT_D_OFF,1
2206,436759512,4882303786127681943,PER,"['v_phone', 'v_distraction']",new_context_added,added,new_context_added added extra VLM context,,v_phone,1
2206,436759512,4882303786127681943,PER,"['v_phone', 'v_distraction']",new_context_added,added,new_context_added added extra VLM context,,v_distraction,1
2207,513225962,4882303786127653119,dHDG,"['v_phone', 'v_distraction']",new_context_added,added,new_context_added added extra VLM context,,v_phone,1
2207,513225962,4882303786127653119,dHDG,"['v_phone', 'v_distraction']",new_context_added,added,new_context_added added extra VLM context,,v_distraction,1
2208,509637652,4882303786127621764,dHDG,"['v_phone', 'v_distraction']",new_context_added,added,new_context_added added extra VLM context,,v_phone,1
2208,509637652,4882303786127621764,dHDG,"['v_phone', 'v_distraction']",new_context_added,added,new_context_added added extra VLM context,,v_distraction,1
2209,464868635,4882303786127557758,v_phone,['v_phone'],confirmed,no_change,"original event stayed, no extra VLM event needed",,,0
2210,509637621,4882303786127551597,dHDG,"['SEATBELT_D_OFF', 'v_phone']",new_context_added,added,new_context_added added extra VLM context,,SEATBELT_D_OFF,1
2210,509637621,4882303786127551597,dHDG,"['SEATBELT_D_OFF', 'v_phone']",new_context_added,added,new_context_added added extra VLM context,,v_phone,1
2211,511465936,4882303786127539899,PER,[],no_vlm_signal,no_change,VLM produced no usable event,,,0
2212,464868635,4882303786127530981,Ign ON,[],no_vlm_signal,no_change,VLM produced no usable event,,,0
2213,365598486,4882303786127488140,PER,['SEATBELT_D_OFF'],new_context_added,added,new_context_added added extra VLM context,,SEATBELT_D_OFF,1
2214,443744270,4882303786127334145,v_phone,['v_phone'],confirmed,no_change,"original event stayed, no extra VLM event needed",,,0
2215,509637948,4882303786127241575,dHDG,['SEATBELT_D_OFF'],new_context_added,added,new_context_added added extra VLM context,,SEATBELT_D_OFF,1
2216,523823149,4882303786127238500,PER,['SEATBELT_D_OFF'],new_context_added,added,new_context_added added extra VLM context,,SEATBELT_D_OFF,1
2217,454260123,4882303786127234443,v_phone,"['SEATBELT_D_OFF', 'v_phone']",refined,added,refined added extra VLM context,,SEATBELT_D_OFF,1
2218,365598969,4882303786127186772,Ign ON,"['SEATBELT_D_OFF', 'v_phone']",new_context_added,added,new_context_added added extra VLM context,,SEATBELT_D_OFF,1
2218,365598969,4882303786127186772,Ign ON,"['SEATBELT_D_OFF', 'v_phone']",new_context_added,added,new_context_added added extra VLM context,,v_phone,1
2219,443744270,4882303786127185878,v_phone,['v_phone'],confirmed,no_change,"original event stayed, no extra VLM event needed",,,0
2220,507264328,4882303786127182783,PER,[],no_vlm_signal,no_change,VLM produced no usable event,,,0
2221,443657921,4882303786127159637,PER,"['SEATBELT_D_OFF', 'v_phone', 'v_distraction']",new_context_added,added,new_context_added added extra VLM context,,SEATBELT_D_OFF,1
2221,443657921,4882303786127159637,PER,"['SEATBELT_D_OFF', 'v_phone', 'v_distraction']",new_context_added,added,new_context_added added extra VLM context,,v_phone,1
2221,443657921,4882303786127159637,PER,"['SEATBELT_D_OFF', 'v_phone', 'v_distraction']",new_context_added,added,new_context_added added extra VLM context,,v_distraction,1
2222,322784039,4882303786127156087,v_phone,"['SEATBELT_D_OFF', 'v_phone']",refined,added,refined added extra VLM context,,SEATBELT_D_OFF,1
2223,333545827,4882303786127136977,v_cam_covered,['SEATBELT_D_OFF'],contradicted,removed,VLM contradicted original telematics event — original removed,v_cam_covered,,1
2223,333545827,4882303786127136977,v_cam_covered,['SEATBELT_D_OFF'],contradicted,added,VLM contradicted original — replacement VLM event added,,SEATBELT_D_OFF,1
2224,333211468,4882303786127089668,PER,"['SEATBELT_D_OFF', 'v_phone', 'v_distraction']",new_context_added,added,new_context_added added extra VLM context,,SEATBELT_D_OFF,1
2224,333211468,4882303786127089668,PER,"['SEATBELT_D_OFF', 'v_phone', 'v_distraction']",new_context_added,added,new_context_added added extra VLM context,,v_phone,1
2224,333211468,4882303786127089668,PER,"['SEATBELT_D_OFF', 'v_phone', 'v_distraction']",new_context_added,added,new_context_added added extra VLM context,,v_distraction,1
2225,409223544,4882303786127084322,PER,"['v_phone', 'v_distraction']",new_context_added,added,new_context_added added extra VLM context,,v_phone,1
2225,409223544,4882303786127084322,PER,"['v_phone', 'v_distraction']",new_context_added,added,new_context_added added extra VLM context,,v_distraction,1
2226,512990207,4882303786127080785,PER,[],no_vlm_signal,no_change,VLM produced no usable event,,,0
2227,434850546,4882303786127043635,v_distraction,[],not_confirmed,removed,"original event not confirmed by VLM, so it was removed",v_distraction,,1
2228,443744270,4882303786127039744,v_phone,['v_phone'],confirmed,no_change,"original event stayed, no extra VLM event needed",,,0
2229,435028160,4882303786126995207,v_fatigue,[],not_confirmed,removed,"original event not confirmed by VLM, so it was removed",v_fatigue,,1
2230,333545827,4882303786126992909,v_distraction,[],not_confirmed,removed,"original event not confirmed by VLM, so it was removed",v_distraction,,1
2231,509637688,4882303786126988948,dHDG,[],no_vlm_signal,no_change,VLM produced no usable event,,,0
2232,513234561,4882303786126986315,PER,[],no_vlm_signal,no_change,VLM produced no usable event,,,0
2233,443744270,4882303786126977060,dHDG,"['v_phone', 'v_distraction']",new_context_added,added,new_context_added added extra VLM context,,v_phone,1
2233,443744270,4882303786126977060,dHDG,"['v_phone', 'v_distraction']",new_context_added,added,new_context_added added extra VLM context,,v_distraction,1
2234,322784039,4882303786126971554,v_fatigue,['v_phone'],contradicted,removed,VLM contradicted original telematics event — original removed,v_fatigue,,1
2234,322784039,4882303786126971554,v_fatigue,['v_phone'],contradicted,added,VLM contradicted original — replacement VLM event added,,v_phone,1
2235,511466682,4882303786126961258,dHDG,[],no_vlm_signal,no_change,VLM produced no usable event,,,0
2236,459503546,4882303786126956454,PER,['v_phone'],new_context_added,added,new_context_added added extra VLM context,,v_phone,1
2237,509637851,4882303786126939298,dHDG,[],no_vlm_signal,no_change,VLM produced no usable event,,,0
2238,317984438,4882303786126907496,Ign ON,['SEATBELT_D_OFF'],new_context_added,added,new_context_added added extra VLM context,,SEATBELT_D_OFF,1
2239,443744270,4882303786126899949,v_phone,['v_phone'],confirmed,no_change,"original event stayed, no extra VLM event needed",,,0
2240,513225962,4882303786126869669,PER,[],no_vlm_signal,no_change,VLM produced no usable event,,,0
2241,365599055,4882303786126840111,PER,['v_phone'],new_context_added,added,new_context_added added extra VLM context,,v_phone,1
2242,333545827,4882303786126839214,dHDG,['SEATBELT_D_OFF'],new_context_added,added,new_context_added added extra VLM context,,SEATBELT_D_OFF,1
2243,524598261,4882303786126828642,v_Headway_Mon,"['SEATBELT_D_OFF', 'v_phone', 'v_distraction']",new_context_added,added,new_context_added added extra VLM context,,SEATBELT_D_OFF,1
2243,524598261,4882303786126828642,v_Headway_Mon,"['SEATBELT_D_OFF', 'v_phone', 'v_distraction']",new_context_added,added,new_context_added added extra VLM context,,v_phone,1
2243,524598261,4882303786126828642,v_Headway_Mon,"['SEATBELT_D_OFF', 'v_phone', 'v_distraction']",new_context_added,added,new_context_added added extra VLM context,,v_distraction,1
2244,523824244,4882303786126802328,v_distraction,[],not_confirmed,removed,"original event not confirmed by VLM, so it was removed",v_distraction,,1
2245,373272248,4882303786126790948,PER,"['SEATBELT_D_OFF', 'v_phone', 'v_distraction']",new_context_added,added,new_context_added added extra VLM context,,SEATBELT_D_OFF,1
2245,373272248,4882303786126790948,PER,"['SEATBELT_D_OFF', 'v_phone', 'v_distraction']",new_context_added,added,new_context_added added extra VLM context,,v_phone,1
2245,373272248,4882303786126790948,PER,"['SEATBELT_D_OFF', 'v_phone', 'v_distraction']",new_context_added,added,new_context_added added extra VLM context,,v_distraction,1
2246,511461222,4882303786126788102,PER,[],no_vlm_signal,no_change,VLM produced no usable event,,,0
2247,322784039,4882303786126780250,v_phone,['v_phone'],confirmed,no_change,"original event stayed, no extra VLM event needed",,,0
2248,335116387,4882303786126777277,PER,"['v_phone', 'v_distraction']",new_context_added,added,new_context_added added extra VLM context,,v_phone,1
2248,335116387,4882303786126777277,PER,"['v_phone', 'v_distraction']",new_context_added,added,new_context_added added extra VLM context,,v_distraction,1
2249,509637621,4882303786126767992,PER,['SEATBELT_D_OFF'],new_context_added,added,new_context_added added extra VLM context,,SEATBELT_D_OFF,1
2250,452477724,4882303786126753457,v_phone,"['SEATBELT_D_OFF', 'v_phone']",refined,added,refined added extra VLM context,,SEATBELT_D_OFF,1
2251,416296293,4882303786126749884,PER,[],no_vlm_signal,no_change,VLM produced no usable event,,,0
2252,453865293,4882303786126738504,PER,[],no_vlm_signal,no_change,VLM produced no usable event,,,0
2253,460126455,4882303786126703746,Ign ON,['SEATBELT_D_OFF'],new_context_added,added,new_context_added added extra VLM context,,SEATBELT_D_OFF,1
2254,333584194,4882303786126701970,v_phone,['v_phone'],confirmed,no_change,"original event stayed, no extra VLM event needed",,,0
2255,511879248,4882303786126697366,PER,['SEATBELT_D_OFF'],new_context_added,added,new_context_added added extra VLM context,,SEATBELT_D_OFF,1
2256,511471809,4882303786126683858,dHDG,[],no_vlm_signal,no_change,VLM produced no usable event,,,0
2257,409223544,4882303786126674985,v_fatigue,"['SEATBELT_D_OFF', 'v_fatigue']",refined,added,refined added extra VLM context,,SEATBELT_D_OFF,1
2258,371660225,4882303786126656874,dHDG,"['v_phone', 'v_distraction']",new_context_added,added,new_context_added added extra VLM context,,v_phone,1
2258,371660225,4882303786126656874,dHDG,"['v_phone', 'v_distraction']",new_context_added,added,new_context_added added extra VLM context,,v_distraction,1
2259,459505768,4882303786126652942,PER,"['SEATBELT_D_OFF', 'v_phone']",new_context_added,added,new_context_added added extra VLM context,,SEATBELT_D_OFF,1
2259,459505768,4882303786126652942,PER,"['SEATBELT_D_OFF', 'v_phone']",new_context_added,added,new_context_added added extra VLM context,,v_phone,1
2260,371660225,4882303786126650186,v_phone,['v_phone'],confirmed,no_change,"original event stayed, no extra VLM event needed",,,0
2261,409223544,4882303786126633182,v_phone,['v_phone'],confirmed,no_change,"original event stayed, no extra VLM event needed",,,0
2262,366751690,4882303786126627506,v_eye_closed,['v_phone'],contradicted,removed,VLM contradicted original telematics event — original removed,v_eye_closed,,1
2262,366751690,4882303786126627506,v_eye_closed,['v_phone'],contradicted,added,VLM contradicted original — replacement VLM event added,,v_phone,1
2263,523824244,4882303786126623448,v_phone,[],not_confirmed,removed,"original event not confirmed by VLM, so it was removed",v_phone,,1
2264,511893849,4882303786126617906,dHDG,['SEATBELT_D_OFF'],new_context_added,added,new_context_added added extra VLM context,,SEATBELT_D_OFF,1
2265,459506000,4882303786126599064,PER,[],no_vlm_signal,no_change,VLM produced no usable event,,,0
2266,388775883,4882303786126575753,v_distraction,[],not_confirmed,removed,"original event not confirmed by VLM, so it was removed",v_distraction,,1
2267,322619618,4882303786126573123,Ign ON,['SEATBELT_D_OFF'],new_context_added,added,new_context_added added extra VLM context,,SEATBELT_D_OFF,1
2268,322784039,4882303786126494775,PER,[],no_vlm_signal,no_change,VLM produced no usable event,,,0
2269,458886154,4882303786126490668,Ign ON,"['SEATBELT_D_OFF', 'v_phone', 'v_distraction']",new_context_added,added,new_context_added added extra VLM context,,SEATBELT_D_OFF,1
2269,458886154,4882303786126490668,Ign ON,"['SEATBELT_D_OFF', 'v_phone', 'v_distraction']",new_context_added,added,new_context_added added extra VLM context,,v_phone,1
2269,458886154,4882303786126490668,Ign ON,"['SEATBELT_D_OFF', 'v_phone', 'v_distraction']",new_context_added,added,new_context_added added extra VLM context,,v_distraction,1
2270,307989723,4882303786126477225,v_phone,"['SEATBELT_D_OFF', 'v_phone']",refined,added,refined added extra VLM context,,SEATBELT_D_OFF,1
2271,317984514,4882303786126474430,v_phone,['v_phone'],confirmed,no_change,"original event stayed, no extra VLM event needed",,,0
2272,523824244,4882303786126474185,v_distraction,['v_distraction'],confirmed,no_change,"original event stayed, no extra VLM event needed",,,0
2273,523824244,4882303786126470376,Ign ON,[],no_vlm_signal,no_change,VLM produced no usable event,,,0
2274,511465936,4882303786126451557,PER,['v_phone'],new_context_added,added,new_context_added added extra VLM context,,v_phone,1
2275,507451763,4882303786126443405,dHDG,[],no_vlm_signal,no_change,VLM produced no usable event,,,0
2276,518312835,4882303786126442515,PER,"['v_phone', 'v_distraction']",new_context_added,added,new_context_added added extra VLM context,,v_phone,1
2276,518312835,4882303786126442515,PER,"['v_phone', 'v_distraction']",new_context_added,added,new_context_added added extra VLM context,,v_distraction,1
2277,365321388,4882303786126438553,PER,[],no_vlm_signal,no_change,VLM produced no usable event,,,0
2278,507271653,4882303786126418957,PER,['v_phone'],new_context_added,added,new_context_added added extra VLM context,,v_phone,1
2279,334154315,4882303786126410414,v_yawn,[],not_confirmed,removed,"original event not confirmed by VLM, so it was removed",v_yawn,,1
2280,443744270,4882303786126409038,v_phone,['v_phone'],confirmed,no_change,"original event stayed, no extra VLM event needed",,,0
2281,366751690,4882303786126402541,v_yawn,[],not_confirmed,removed,"original event not confirmed by VLM, so it was removed",v_yawn,,1
2282,333545827,4882303786126398039,v_fatigue,"['SEATBELT_D_OFF', 'v_fatigue']",refined,added,refined added extra VLM context,,SEATBELT_D_OFF,1
2283,312741040,4882303786126382924,PER,"['SEATBELT_D_OFF', 'v_distraction']",new_context_added,added,new_context_added added extra VLM context,,SEATBELT_D_OFF,1
2283,312741040,4882303786126382924,PER,"['SEATBELT_D_OFF', 'v_distraction']",new_context_added,added,new_context_added added extra VLM context,,v_distraction,1
2284,317984619,4882303786126376988,dHDG,[],no_vlm_signal,no_change,VLM produced no usable event,,,0
2285,366751690,4882303786126375420,v_phone,['v_phone'],confirmed,no_change,"original event stayed, no extra VLM event needed",,,0
2286,523822483,4882303786126373371,PER,[],no_vlm_signal,no_change,VLM produced no usable event,,,0
2287,458181322,4882303786126352083,PER,[],no_vlm_signal,no_change,VLM produced no usable event,,,0
2288,322784039,4882303786126338217,v_phone,['v_phone'],confirmed,no_change,"original event stayed, no extra VLM event needed",,,0
2289,460126729,4882303786126287087,PER,[],no_vlm_signal,no_change,VLM produced no usable event,,,0
2290,333211468,4882303786126278237,v_fatigue,['v_phone'],contradicted,removed,VLM contradicted original telematics event — original removed,v_fatigue,,1
2290,333211468,4882303786126278237,v_fatigue,['v_phone'],contradicted,added,VLM contradicted original — replacement VLM event added,,v_phone,1
2291,365598883,4882303786126267901,v_yawn,['v_fatigue'],refined,added,refined added extra VLM context,,v_fatigue,1
2292,443744270,4882303786126260490,v_phone,['v_phone'],confirmed,no_change,"original event stayed, no extra VLM event needed",,,0
2293,334154315,4882303786126259952,v_phone,"['SEATBELT_D_OFF', 'v_phone']",refined,added,refined added extra VLM context,,SEATBELT_D_OFF,1
2294,365670886,4882303786126252923,v_phone,"['SEATBELT_D_OFF', 'v_phone']",refined,added,refined added extra VLM context,,SEATBELT_D_OFF,1
2295,365598969,4882303786126247576,PER,['SEATBELT_D_OFF'],new_context_added,added,new_context_added added extra VLM context,,SEATBELT_D_OFF,1
2296,365670886,4882303786126244085,PER,"['SEATBELT_D_OFF', 'v_phone', 'v_distraction']",new_context_added,added,new_context_added added extra VLM context,,SEATBELT_D_OFF,1
2296,365670886,4882303786126244085,PER,"['SEATBELT_D_OFF', 'v_phone', 'v_distraction']",new_context_added,added,new_context_added added extra VLM context,,v_phone,1
2296,365670886,4882303786126244085,PER,"['SEATBELT_D_OFF', 'v_phone', 'v_distraction']",new_context_added,added,new_context_added added extra VLM context,,v_distraction,1
2297,518312065,4882303786126237459,dHDG,"['v_phone', 'v_distraction']",new_context_added,added,new_context_added added extra VLM context,,v_phone,1
2297,518312065,4882303786126237459,dHDG,"['v_phone', 'v_distraction']",new_context_added,added,new_context_added added extra VLM context,,v_distraction,1
2298,333584194,4882303786126237136,PER,['SEATBELT_D_OFF'],new_context_added,added,new_context_added added extra VLM context,,SEATBELT_D_OFF,1
2299,443749850,4882303786126236293,v_fatigue,[],not_confirmed,removed,"original event not confirmed by VLM, so it was removed",v_fatigue,,1
2300,464397351,4882303786126219145,v_phone,['v_phone'],confirmed,no_change,"original event stayed, no extra VLM event needed",,,0
2301,333211468,4882303786126215492,v_phone,['v_phone'],confirmed,no_change,"original event stayed, no extra VLM event needed",,,0
2302,366751690,4882303786126212849,v_phone,['v_phone'],confirmed,no_change,"original event stayed, no extra VLM event needed",,,0
2303,523823573,4882303786126187777,PER,[],no_vlm_signal,no_change,VLM produced no usable event,,,0
2304,523822248,4882303786126184758,PER,[],no_vlm_signal,no_change,VLM produced no usable event,,,0
2305,337268755,4882303786126181894,Ign ON,[],no_vlm_signal,no_change,VLM produced no usable event,,,0
2306,409223544,4882303786126175648,dHDG,['v_distraction'],new_context_added,added,new_context_added added extra VLM context,,v_distraction,1
2307,509637163,4882303786126164528,PER,[],no_vlm_signal,no_change,VLM produced no usable event,,,0
2308,512994171,4882303786126159360,dHDG,[],no_vlm_signal,no_change,VLM produced no usable event,,,0
2309,365599055,4882303786126153010,v_fatigue,[],not_confirmed,removed,"original event not confirmed by VLM, so it was removed",v_fatigue,,1
2310,377841245,4882303786126145229,PER,[],no_vlm_signal,no_change,VLM produced no usable event,,,0
2311,334148753,4882303786126136915,PER,['SEATBELT_D_OFF'],new_context_added,added,new_context_added added extra VLM context,,SEATBELT_D_OFF,1
2312,409223544,4882303786126121811,v_fatigue,[],not_confirmed,removed,"original event not confirmed by VLM, so it was removed",v_fatigue,,1
2313,443657921,4882303786126121024,dHDG,[],no_vlm_signal,no_change,VLM produced no usable event,,,0
2314,460126729,4882303786126115578,v_phone,['v_phone'],confirmed,no_change,"original event stayed, no extra VLM event needed",,,0
2315,511468560,4882303786126107472,dHDG,"['SEATBELT_D_OFF', 'v_phone']",new_context_added,added,new_context_added added extra VLM context,,SEATBELT_D_OFF,1
2315,511468560,4882303786126107472,dHDG,"['SEATBELT_D_OFF', 'v_phone']",new_context_added,added,new_context_added added extra VLM context,,v_phone,1
2316,366751690,4882303786126105772,v_distraction,[],not_confirmed,removed,"original event not confirmed by VLM, so it was removed",v_distraction,,1
2317,509637948,4882303786126104636,dHDG,[],no_vlm_signal,no_change,VLM produced no usable event,,,0
2318,409223544,4882303786126091339,v_distraction,[],not_confirmed,removed,"original event not confirmed by VLM, so it was removed",v_distraction,,1
2319,366751690,4882303786126090900,v_eye_closed,[],not_confirmed,removed,"original event not confirmed by VLM, so it was removed",v_eye_closed,,1
2320,443744270,4882303786126088487,v_phone,['v_phone'],confirmed,no_change,"original event stayed, no extra VLM event needed",,,0
2321,453948326,4882303786126085457,v_phone,"['SEATBELT_D_OFF', 'v_phone']",refined,added,refined added extra VLM context,,SEATBELT_D_OFF,1
2322,464397351,4882303786126081633,PER,['SEATBELT_D_OFF'],new_context_added,added,new_context_added added extra VLM context,,SEATBELT_D_OFF,1
2323,453948326,4882303786126079582,PER,"['SEATBELT_D_OFF', 'v_phone', 'v_distraction']",new_context_added,added,new_context_added added extra VLM context,,SEATBELT_D_OFF,1
2323,453948326,4882303786126079582,PER,"['SEATBELT_D_OFF', 'v_phone', 'v_distraction']",new_context_added,added,new_context_added added extra VLM context,,v_phone,1
2323,453948326,4882303786126079582,PER,"['SEATBELT_D_OFF', 'v_phone', 'v_distraction']",new_context_added,added,new_context_added added extra VLM context,,v_distraction,1
2324,509637688,4882303786126078624,dHDG,[],no_vlm_signal,no_change,VLM produced no usable event,,,0
2325,454270937,4882303786126078424,dHDG,[],no_vlm_signal,no_change,VLM produced no usable event,,,0
2326,513234561,4882303786126077583,PER,"['SEATBELT_D_OFF', 'v_phone', 'v_distraction']",new_context_added,added,new_context_added added extra VLM context,,SEATBELT_D_OFF,1
2326,513234561,4882303786126077583,PER,"['SEATBELT_D_OFF', 'v_phone', 'v_distraction']",new_context_added,added,new_context_added added extra VLM context,,v_phone,1
2326,513234561,4882303786126077583,PER,"['SEATBELT_D_OFF', 'v_phone', 'v_distraction']",new_context_added,added,new_context_added added extra VLM context,,v_distraction,1
2327,366751690,4882303786126073670,PER,['SEATBELT_D_OFF'],new_context_added,added,new_context_added added extra VLM context,,SEATBELT_D_OFF,1
2328,454260123,4882303786126072250,Ign ON,[],no_vlm_signal,no_change,VLM produced no usable event,,,0
2329,443744270,4882303786126071297,Ign ON,[],no_vlm_signal,no_change,VLM produced no usable event,,,0
2330,509636557,4882303786126070372,dHDG,[],no_vlm_signal,no_change,VLM produced no usable event,,,0
2331,334154315,4882303786126069742,v_yawn,[],not_confirmed,removed,"original event not confirmed by VLM, so it was removed",v_yawn,,1
2332,511466682,4882303786126058836,PER,['SEATBELT_D_OFF'],new_context_added,added,new_context_added added extra VLM context,,SEATBELT_D_OFF,1
2333,509637851,4882303786126045328,dHDG,['v_distraction'],new_context_added,added,new_context_added added extra VLM context,,v_distraction,1
2334,518311941,4882303786126040827,PER,[],no_vlm_signal,no_change,VLM produced no usable event,,,0
2335,365598883,4882303786126036765,dHDG,['SEATBELT_D_OFF'],new_context_added,added,new_context_added added extra VLM context,,SEATBELT_D_OFF,1
2336,317984514,4882303786126013339,PER,[],no_vlm_signal,no_change,VLM produced no usable event,,,0
2337,511642605,4882303786126007748,PER,['SEATBELT_D_OFF'],new_context_added,added,new_context_added added extra VLM context,,SEATBELT_D_OFF,1
2338,322785930,4882303786126006234,Ign ON,[],no_vlm_signal,no_change,VLM produced no usable event,,,0
2339,365599055,4882303786125997359,PER,"['v_phone', 'v_distraction']",new_context_added,added,new_context_added added extra VLM context,,v_phone,1
2339,365599055,4882303786125997359,PER,"['v_phone', 'v_distraction']",new_context_added,added,new_context_added added extra VLM context,,v_distraction,1
2340,443749850,4882303786125993396,PER,['SEATBELT_D_OFF'],new_context_added,added,new_context_added added extra VLM context,,SEATBELT_D_OFF,1
2341,524598261,4882303786125992075,PER,['SEATBELT_D_OFF'],new_context_added,added,new_context_added added extra VLM context,,SEATBELT_D_OFF,1
2342,523823521,4882303786125985503,PER,['v_phone'],new_context_added,added,new_context_added added extra VLM context,,v_phone,1
2343,322619618,4882303786125981487,v_phone,['v_phone'],confirmed,no_change,"original event stayed, no extra VLM event needed",,,0
2344,304245737,4882303786125967821,PER,[],no_vlm_signal,no_change,VLM produced no usable event,,,0
2345,509637506,4882303786125967480,dHDG,['v_phone'],new_context_added,added,new_context_added added extra VLM context,,v_phone,1
2346,334008589,4882303786125961608,v_yawn,['v_fatigue'],refined,added,refined added extra VLM context,,v_fatigue,1
2347,509637926,4882303786125955383,PER,"['SEATBELT_D_OFF', 'v_phone', 'v_distraction']",new_context_added,added,new_context_added added extra VLM context,,SEATBELT_D_OFF,1
2347,509637926,4882303786125955383,PER,"['SEATBELT_D_OFF', 'v_phone', 'v_distraction']",new_context_added,added,new_context_added added extra VLM context,,v_phone,1
2347,509637926,4882303786125955383,PER,"['SEATBELT_D_OFF', 'v_phone', 'v_distraction']",new_context_added,added,new_context_added added extra VLM context,,v_distraction,1
2348,307989723,4882303786125945271,PER,['v_phone'],new_context_added,added,new_context_added added extra VLM context,,v_phone,1
2349,437381828,4882303786125936899,PER,['SEATBELT_D_OFF'],new_context_added,added,new_context_added added extra VLM context,,SEATBELT_D_OFF,1
2350,464368268,4882303786125929524,PER,['SEATBELT_D_OFF'],new_context_added,added,new_context_added added extra VLM context,,SEATBELT_D_OFF,1
2351,336854753,4882303786125916515,v_distraction,['v_distraction'],confirmed,no_change,"original event stayed, no extra VLM event needed",,,0
2352,459506928,4882303786125907999,PER,[],no_vlm_signal,no_change,VLM produced no usable event,,,0
2353,365598486,4882303786125889245,dHDG,[],no_vlm_signal,no_change,VLM produced no usable event,,,0
2354,511879248,4882303786125888482,PER,"['SEATBELT_D_OFF', 'v_phone', 'v_distraction']",new_context_added,added,new_context_added added extra VLM context,,SEATBELT_D_OFF,1
2354,511879248,4882303786125888482,PER,"['SEATBELT_D_OFF', 'v_phone', 'v_distraction']",new_context_added,added,new_context_added added extra VLM context,,v_phone,1
2354,511879248,4882303786125888482,PER,"['SEATBELT_D_OFF', 'v_phone', 'v_distraction']",new_context_added,added,new_context_added added extra VLM context,,v_distraction,1
2355,511633709,4882303786125876579,PER,"['SEATBELT_D_OFF', 'v_phone']",new_context_added,added,new_context_added added extra VLM context,,SEATBELT_D_OFF,1
2355,511633709,4882303786125876579,PER,"['SEATBELT_D_OFF', 'v_phone']",new_context_added,added,new_context_added added extra VLM context,,v_phone,1
2356,334154315,4882303786125876324,v_yawn,[],not_confirmed,removed,"original event not confirmed by VLM, so it was removed",v_yawn,,1
2357,333212161,4882303786125870462,PER,"['v_phone', 'v_distraction']",new_context_added,added,new_context_added added extra VLM context,,v_phone,1
2357,333212161,4882303786125870462,PER,"['v_phone', 'v_distraction']",new_context_added,added,new_context_added added extra VLM context,,v_distraction,1
2358,366763791,4882303786125869403,v_cam_covered,['SEATBELT_D_OFF'],contradicted,removed,VLM contradicted original telematics event — original removed,v_cam_covered,,1
2358,366763791,4882303786125869403,v_cam_covered,['SEATBELT_D_OFF'],contradicted,added,VLM contradicted original — replacement VLM event added,,SEATBELT_D_OFF,1
2359,336854753,4882303786125868863,PER,['SEATBELT_D_OFF'],new_context_added,added,new_context_added added extra VLM context,,SEATBELT_D_OFF,1
2360,511471809,4882303786125850178,PER,['SEATBELT_D_OFF'],new_context_added,added,new_context_added added extra VLM context,,SEATBELT_D_OFF,1
2361,453948326,4882303786125843238,v_phone,['v_phone'],confirmed,no_change,"original event stayed, no extra VLM event needed",,,0
2362,417516308,4882303786125842224,PER,['v_phone'],new_context_added,added,new_context_added added extra VLM context,,v_phone,1
2363,509637621,4882303786125829705,PER,"['SEATBELT_D_OFF', 'v_phone']",new_context_added,added,new_context_added added extra VLM context,,SEATBELT_D_OFF,1
2363,509637621,4882303786125829705,PER,"['SEATBELT_D_OFF', 'v_phone']",new_context_added,added,new_context_added added extra VLM context,,v_phone,1
2364,334008589,4882303786125824631,v_yawn,['SEATBELT_D_OFF'],contradicted,removed,VLM contradicted original telematics event — original removed,v_yawn,,1
2364,334008589,4882303786125824631,v_yawn,['SEATBELT_D_OFF'],contradicted,added,VLM contradicted original — replacement VLM event added,,SEATBELT_D_OFF,1
2365,371660225,4882303786125818478,PER,['SEATBELT_D_OFF'],new_context_added,added,new_context_added added extra VLM context,,SEATBELT_D_OFF,1
2366,523824244,4882303786125801048,v_yawn,['v_phone'],contradicted,removed,VLM contradicted original telematics event — original removed,v_yawn,,1
2366,523824244,4882303786125801048,v_yawn,['v_phone'],contradicted,added,VLM contradicted original — replacement VLM event added,,v_phone,1
2367,436759512,4882303786125798209,PER,['v_phone'],new_context_added,added,new_context_added added extra VLM context,,v_phone,1
2368,460126729,4882303786125793534,v_phone,[],not_confirmed,removed,"original event not confirmed by VLM, so it was removed",v_phone,,1
2369,459505768,4882303786125792074,PER,"['SEATBELT_D_OFF', 'v_phone']",new_context_added,added,new_context_added added extra VLM context,,SEATBELT_D_OFF,1
2369,459505768,4882303786125792074,PER,"['SEATBELT_D_OFF', 'v_phone']",new_context_added,added,new_context_added added extra VLM context,,v_phone,1
2370,509637738,4882303786125781854,PER,['SEATBELT_D_OFF'],new_context_added,added,new_context_added added extra VLM context,,SEATBELT_D_OFF,1
2371,511897418,4882303786125781113,PER,[],no_vlm_signal,no_change,VLM produced no usable event,,,0
2372,509637769,4882303786125780534,PER,['v_phone'],new_context_added,added,new_context_added added extra VLM context,,v_phone,1
2373,416296124,4882303786125756327,v_cam_covered,[],not_confirmed,removed,"original event not confirmed by VLM, so it was removed",v_cam_covered,,1
2374,317984438,4882303786125740928,GPS_Lock,['v_phone'],new_context_added,added,new_context_added added extra VLM context,,v_phone,1
2375,416296124,4882303786125735604,PER,[],no_vlm_signal,no_change,VLM produced no usable event,,,0
2376,322619618,4882303786125729053,v_phone,['v_phone'],confirmed,no_change,"original event stayed, no extra VLM event needed",,,0
2377,322619618,4882303786125728936,v_phone,[],not_confirmed,removed,"original event not confirmed by VLM, so it was removed",v_phone,,1
2378,322619618,4882303786125728882,v_phone,['v_phone'],confirmed,no_change,"original event stayed, no extra VLM event needed",,,0
2379,322619618,4882303786125728800,v_phone,['v_phone'],confirmed,no_change,"original event stayed, no extra VLM event needed",,,0
2380,322619618,4882303786125728237,v_phone,['v_phone'],confirmed,no_change,"original event stayed, no extra VLM event needed",,,0
2381,322619618,4882303786125728042,v_phone,['v_phone'],confirmed,no_change,"original event stayed, no extra VLM event needed",,,0
2382,307989723,4882303786125707472,v_phone,"['SEATBELT_D_OFF', 'v_phone']",refined,added,refined added extra VLM context,,SEATBELT_D_OFF,1
2383,454270937,4882303786125702226,v_phone,"['SEATBELT_D_OFF', 'v_phone']",refined,added,refined added extra VLM context,,SEATBELT_D_OFF,1
2384,523822178,4882303786125683663,Ign ON,['SEATBELT_D_OFF'],new_context_added,added,new_context_added added extra VLM context,,SEATBELT_D_OFF,1
2385,512990207,4882303786125682653,PER,[],no_vlm_signal,no_change,VLM produced no usable event,,,0
2386,322784039,4882303786125679689,PER,"['SEATBELT_D_OFF', 'v_phone', 'v_distraction']",new_context_added,added,new_context_added added extra VLM context,,SEATBELT_D_OFF,1
2386,322784039,4882303786125679689,PER,"['SEATBELT_D_OFF', 'v_phone', 'v_distraction']",new_context_added,added,new_context_added added extra VLM context,,v_phone,1
2386,322784039,4882303786125679689,PER,"['SEATBELT_D_OFF', 'v_phone', 'v_distraction']",new_context_added,added,new_context_added added extra VLM context,,v_distraction,1
2387,366763791,4882303786125677676,PER,['v_phone'],new_context_added,added,new_context_added added extra VLM context,,v_phone,1
2388,523824244,4882303786125675636,v_phone,"['SEATBELT_D_OFF', 'v_phone']",refined,added,refined added extra VLM context,,SEATBELT_D_OFF,1
2389,509636684,4882303786125672748,PER,[],no_vlm_signal,no_change,VLM produced no usable event,,,0
2390,511461222,4882303786125669323,PER,[],no_vlm_signal,no_change,VLM produced no usable event,,,0
2391,322641484,4882303786125664944,PER,['SEATBELT_D_OFF'],new_context_added,added,new_context_added added extra VLM context,,SEATBELT_D_OFF,1
2392,509636707,4882303786125656699,PER,['v_phone'],new_context_added,added,new_context_added added extra VLM context,,v_phone,1
2393,443668611,4882303786125639923,PER,['v_phone'],new_context_added,added,new_context_added added extra VLM context,,v_phone,1
2394,523824244,4882303786125631930,v_yawn,"['SEATBELT_D_OFF', 'v_phone']",contradicted,removed,VLM contradicted original telematics event — original removed,v_yawn,,1
2394,523824244,4882303786125631930,v_yawn,"['SEATBELT_D_OFF', 'v_phone']",contradicted,added,VLM contradicted original — replacement VLM event added,,SEATBELT_D_OFF,1
2394,523824244,4882303786125631930,v_yawn,"['SEATBELT_D_OFF', 'v_phone']",contradicted,added,VLM contradicted original — replacement VLM event added,,v_phone,1
2395,523824244,4882303786125629656,v_distraction,"['SEATBELT_D_OFF', 'v_phone', 'v_distraction']",refined,added,refined added extra VLM context,,SEATBELT_D_OFF,1
2395,523824244,4882303786125629656,v_distraction,"['SEATBELT_D_OFF', 'v_phone', 'v_distraction']",refined,added,refined added extra VLM context,,v_phone,1
2396,456979367,4882303786125627530,dHDG,['v_phone'],new_context_added,added,new_context_added added extra VLM context,,v_phone,1
2397,338306241,4882303786125621341,PER,[],no_vlm_signal,no_change,VLM produced no usable event,,,0
2398,507451763,4882303786125617293,PER,[],no_vlm_signal,no_change,VLM produced no usable event,,,0
2399,317984619,4882303786125590339,PER,[],no_vlm_signal,no_change,VLM produced no usable event,,,0
2400,518312835,4882303786125585501,PER,"['SEATBELT_D_OFF', 'v_phone', 'v_distraction']",new_context_added,added,new_context_added added extra VLM context,,SEATBELT_D_OFF,1
2400,518312835,4882303786125585501,PER,"['SEATBELT_D_OFF', 'v_phone', 'v_distraction']",new_context_added,added,new_context_added added extra VLM context,,v_phone,1
2400,518312835,4882303786125585501,PER,"['SEATBELT_D_OFF', 'v_phone', 'v_distraction']",new_context_added,added,new_context_added added extra VLM context,,v_distraction,1
2401,464868635,4882303786125584540,GPS_Lock,[],no_vlm_signal,no_change,VLM produced no usable event,,,0
2402,507264889,4882303786125572858,PER,['SEATBELT_D_OFF'],new_context_added,added,new_context_added added extra VLM context,,SEATBELT_D_OFF,1
2403,453865293,4882303786125539692,v_phone,['v_phone'],confirmed,no_change,"original event stayed, no extra VLM event needed",,,0
2404,523821771,4882303786125533069,Ign ON,['SEATBELT_D_OFF'],new_context_added,added,new_context_added added extra VLM context,,SEATBELT_D_OFF,1
2405,453865293,4882303786125531933,Ign ON,"['v_phone', 'v_distraction']",new_context_added,added,new_context_added added extra VLM context,,v_phone,1
2405,453865293,4882303786125531933,Ign ON,"['v_phone', 'v_distraction']",new_context_added,added,new_context_added added extra VLM context,,v_distraction,1
2406,518312065,4882303786125525871,dHDG,[],no_vlm_signal,no_change,VLM produced no usable event,,,0
2407,425968651,4882303786125469683,v_distraction,[],not_confirmed,removed,"original event not confirmed by VLM, so it was removed",v_distraction,,1
2408,509637652,4882303786125468635,PER,['SEATBELT_D_OFF'],new_context_added,added,new_context_added added extra VLM context,,SEATBELT_D_OFF,1
2409,334008589,4882303786125464923,PER,['SEATBELT_D_OFF'],new_context_added,added,new_context_added added extra VLM context,,SEATBELT_D_OFF,1
2410,466968443,4882303786125454043,v_cam_covered,[],not_confirmed,removed,"original event not confirmed by VLM, so it was removed",v_cam_covered,,1
2411,333584194,4882303786125444505,v_yawn,[],not_confirmed,removed,"original event not confirmed by VLM, so it was removed",v_yawn,,1
2412,512994171,4882303786125442405,dHDG,[],no_vlm_signal,no_change,VLM produced no usable event,,,0
2413,443717449,4882303786125430423,dHDG,"['SEATBELT_D_OFF', 'v_phone']",new_context_added,added,new_context_added added extra VLM context,,SEATBELT_D_OFF,1
2413,443717449,4882303786125430423,dHDG,"['SEATBELT_D_OFF', 'v_phone']",new_context_added,added,new_context_added added extra VLM context,,v_phone,1
2414,443657921,4882303786125422999,PER,['SEATBELT_D_OFF'],new_context_added,added,new_context_added added extra VLM context,,SEATBELT_D_OFF,1
2415,334148753,4882303786125422778,PER,"['SEATBELT_D_OFF', 'v_phone', 'v_distraction']",new_context_added,added,new_context_added added extra VLM context,,SEATBELT_D_OFF,1
2415,334148753,4882303786125422778,PER,"['SEATBELT_D_OFF', 'v_phone', 'v_distraction']",new_context_added,added,new_context_added added extra VLM context,,v_phone,1
2415,334148753,4882303786125422778,PER,"['SEATBELT_D_OFF', 'v_phone', 'v_distraction']",new_context_added,added,new_context_added added extra VLM context,,v_distraction,1
2416,509637948,4882303786125414965,PER,[],no_vlm_signal,no_change,VLM produced no usable event,,,0
2417,454270937,4882303786125402316,Ign ON,['SEATBELT_D_OFF'],new_context_added,added,new_context_added added extra VLM context,,SEATBELT_D_OFF,1
2418,453948326,4882303786125393806,v_phone,['v_phone'],confirmed,no_change,"original event stayed, no extra VLM event needed",,,0
2419,321626503,4882303786125393798,PER,[],no_vlm_signal,no_change,VLM produced no usable event,,,0
2420,509637688,4882303786125393022,dHDG,[],no_vlm_signal,no_change,VLM produced no usable event,,,0
2421,509636557,4882303786125390167,Ign ON,['SEATBELT_D_OFF'],new_context_added,added,new_context_added added extra VLM context,,SEATBELT_D_OFF,1
2422,464397351,4882303786125378271,PER,[],no_vlm_signal,no_change,VLM produced no usable event,,,0
2423,425968651,4882303786125357211,v_distraction,[],not_confirmed,removed,"original event not confirmed by VLM, so it was removed",v_distraction,,1
2424,365598883,4882303786125349591,PER,['SEATBELT_D_OFF'],new_context_added,added,new_context_added added extra VLM context,,SEATBELT_D_OFF,1
2425,453948326,4882303786125325330,GPS_Lock,"['SEATBELT_D_OFF', 'v_phone', 'v_distraction']",new_context_added,added,new_context_added added extra VLM context,,SEATBELT_D_OFF,1
2425,453948326,4882303786125325330,GPS_Lock,"['SEATBELT_D_OFF', 'v_phone', 'v_distraction']",new_context_added,added,new_context_added added extra VLM context,,v_phone,1
2425,453948326,4882303786125325330,GPS_Lock,"['SEATBELT_D_OFF', 'v_phone', 'v_distraction']",new_context_added,added,new_context_added added extra VLM context,,v_distraction,1
2426,333584194,4882303786125315583,v_phone,['v_phone'],confirmed,no_change,"original event stayed, no extra VLM event needed",,,0
2427,333584194,4882303786125282468,PER,[],no_vlm_signal,no_change,VLM produced no usable event,,,0
2428,317984514,4882303786125278133,PER,['SEATBELT_D_OFF'],new_context_added,added,new_context_added added extra VLM context,,SEATBELT_D_OFF,1
2429,518867282,4882303786125269055,PER,[],no_vlm_signal,no_change,VLM produced no usable event,,,0
2430,415734364,4882303786125264219,Ign ON,['SEATBELT_D_OFF'],new_context_added,added,new_context_added added extra VLM context,,SEATBELT_D_OFF,1
2431,509637553,4882303786125250567,dHDG,[],review_only,no_change,review_only found nothing new to add,,,0
2432,334154315,4882303786125249113,v_phone,['v_phone'],confirmed,no_change,"original event stayed, no extra VLM event needed",,,0
2433,425968651,4882303786125247875,v_distraction,[],not_confirmed,removed,"original event not confirmed by VLM, so it was removed",v_distraction,,1
2434,304245737,4882303786125247670,GPS_Lock,[],no_vlm_signal,no_change,VLM produced no usable event,,,0
2435,513225962,4882303786125244019,PER,"['SEATBELT_D_OFF', 'v_phone']",new_context_added,added,new_context_added added extra VLM context,,SEATBELT_D_OFF,1
2435,513225962,4882303786125244019,PER,"['SEATBELT_D_OFF', 'v_phone']",new_context_added,added,new_context_added added extra VLM context,,v_phone,1
2436,229817878,4882303786125242529,PER,"['SEATBELT_D_OFF', 'v_phone', 'v_distraction']",new_context_added,added,new_context_added added extra VLM context,,SEATBELT_D_OFF,1
2436,229817878,4882303786125242529,PER,"['SEATBELT_D_OFF', 'v_phone', 'v_distraction']",new_context_added,added,new_context_added added extra VLM context,,v_phone,1
2436,229817878,4882303786125242529,PER,"['SEATBELT_D_OFF', 'v_phone', 'v_distraction']",new_context_added,added,new_context_added added extra VLM context,,v_distraction,1
2437,365598486,4882303786125189578,PER,[],no_vlm_signal,no_change,VLM produced no usable event,,,0
2438,512982665,4882303786125186490,PER,[],no_vlm_signal,no_change,VLM produced no usable event,,,0
2439,338306241,4882303786125178609,v_cam_covered,['v_distraction'],contradicted,removed,VLM contradicted original telematics event — original removed,v_cam_covered,,1
2439,338306241,4882303786125178609,v_cam_covered,['v_distraction'],contradicted,added,VLM contradicted original — replacement VLM event added,,v_distraction,1
2440,365321388,4882303786125142067,PER,['v_phone'],new_context_added,added,new_context_added added extra VLM context,,v_phone,1
2441,425968651,4882303786125118226,v_distraction,[],not_confirmed,removed,"original event not confirmed by VLM, so it was removed",v_distraction,,1
2442,411962094,4882303786125103391,PER,[],no_vlm_signal,no_change,VLM produced no usable event,,,0
2443,511893849,4882303786125095023,PER,[],no_vlm_signal,no_change,VLM produced no usable event,,,0
2444,511879208,4882303786125071499,PER,"['SEATBELT_D_OFF', 'v_phone', 'v_distraction']",new_context_added,added,new_context_added added extra VLM context,,SEATBELT_D_OFF,1
2444,511879208,4882303786125071499,PER,"['SEATBELT_D_OFF', 'v_phone', 'v_distraction']",new_context_added,added,new_context_added added extra VLM context,,v_phone,1
2444,511879208,4882303786125071499,PER,"['SEATBELT_D_OFF', 'v_phone', 'v_distraction']",new_context_added,added,new_context_added added extra VLM context,,v_distraction,1
2445,334154315,4882303786125071410,PER,['SEATBELT_D_OFF'],new_context_added,added,new_context_added added extra VLM context,,SEATBELT_D_OFF,1
2446,443744270,4882303786125031041,v_fatigue,[],not_confirmed,removed,"original event not confirmed by VLM, so it was removed",v_fatigue,,1
2447,443717449,4882303786125024270,v_phone,['v_phone'],confirmed,no_change,"original event stayed, no extra VLM event needed",,,0
2448,425968651,4882303786125007970,v_distraction,[],not_confirmed,removed,"original event not confirmed by VLM, so it was removed",v_distraction,,1
2449,518312065,4882303786124944459,PER,[],no_vlm_signal,no_change,VLM produced no usable event,,,0
2450,509637688,4882303786124852856,PER,[],no_vlm_signal,no_change,VLM produced no usable event,,,0
2451,333584733,4882303786124818687,PER,['v_distraction'],new_context_added,added,new_context_added added extra VLM context,,v_distraction,1
2452,333987612,4882303786124815165,PER,['v_cam_covered'],new_context_added,added,new_context_added added extra VLM context,,v_cam_covered,1
2453,454260123,4882303786124785203,v_fatigue,['SEATBELT_D_OFF'],contradicted,removed,VLM contradicted original telematics event — original removed,v_fatigue,,1
2453,454260123,4882303786124785203,v_fatigue,['SEATBELT_D_OFF'],contradicted,added,VLM contradicted original — replacement VLM event added,,SEATBELT_D_OFF,1
2454,454260123,4882303786124760175,v_fatigue,['SEATBELT_D_OFF'],contradicted,removed,VLM contradicted original telematics event — original removed,v_fatigue,,1
2454,454260123,4882303786124760175,v_fatigue,['SEATBELT_D_OFF'],contradicted,added,VLM contradicted original — replacement VLM event added,,SEATBELT_D_OFF,1
2455,454260123,4882303786124756499,v_phone,"['SEATBELT_D_OFF', 'v_phone']",refined,added,refined added extra VLM context,,SEATBELT_D_OFF,1
2456,454260123,4882303786124752925,v_phone,"['SEATBELT_D_OFF', 'v_phone']",refined,added,refined added extra VLM context,,SEATBELT_D_OFF,1
2457,454260123,4882303786124752320,v_fatigue,"['SEATBELT_D_OFF', 'v_phone']",contradicted,removed,VLM contradicted original telematics event — original removed,v_fatigue,,1
2457,454260123,4882303786124752320,v_fatigue,"['SEATBELT_D_OFF', 'v_phone']",contradicted,added,VLM contradicted original — replacement VLM event added,,SEATBELT_D_OFF,1
2457,454260123,4882303786124752320,v_fatigue,"['SEATBELT_D_OFF', 'v_phone']",contradicted,added,VLM contradicted original — replacement VLM event added,,v_phone,1
2458,454260123,4882303786124752193,v_phone,"['SEATBELT_D_OFF', 'v_phone']",refined,added,refined added extra VLM context,,SEATBELT_D_OFF,1
2459,429536893,4882303786124747410,PER,['SEATBELT_D_OFF'],new_context_added,added,new_context_added added extra VLM context,,SEATBELT_D_OFF,1
2460,511468560,4882303786124666701,PER,[],no_vlm_signal,no_change,VLM produced no usable event,,,0
2461,459618013,4882303786123302538,PER,['v_cam_covered'],new_context_added,added,new_context_added added extra VLM context,,v_cam_covered,1
2462,409223544,4882303786123246468,PER,['SEATBELT_D_OFF'],new_context_added,added,new_context_added added extra VLM context,,SEATBELT_D_OFF,1
2463,507302529,4882303786123212442,Ign ON,[],no_vlm_signal,no_change,VLM produced no usable event,,,0
2464,333545827,4882303786123193649,Ign ON,['SEATBELT_D_OFF'],new_context_added,added,new_context_added added extra VLM context,,SEATBELT_D_OFF,1
2465,443717449,4882303786123184376,PER,['SEATBELT_D_OFF'],new_context_added,added,new_context_added added extra VLM context,,SEATBELT_D_OFF,1
2466,509636001,4882303786123079054,PER,['SEATBELT_D_OFF'],new_context_added,added,new_context_added added extra VLM context,,SEATBELT_D_OFF,1
2467,512982665,4882303786123070891,PER,[],review_only,no_change,review_only found nothing new to add,,,0
2468,460126626,4882303786123059728,dHDG,['SEATBELT_D_OFF'],new_context_added,added,new_context_added added extra VLM context,,SEATBELT_D_OFF,1
2469,464868635,4882303786123045425,PER,[],no_vlm_signal,no_change,VLM produced no usable event,,,0
2470,334148753,4882303786123040175,PER,['SEATBELT_D_OFF'],new_context_added,added,new_context_added added extra VLM context,,SEATBELT_D_OFF,1
2471,507271653,4882303786123006933,PER,['v_cam_covered'],new_context_added,added,new_context_added added extra VLM context,,v_cam_covered,1
2472,371660225,4882303786122990028,v_fatigue,[],not_confirmed,removed,"original event not confirmed by VLM, so it was removed",v_fatigue,,1
2473,460126729,4882303786122972919,v_phone,['v_phone'],confirmed,no_change,"original event stayed, no extra VLM event needed",,,0
2474,453865293,4882303786122956937,PER,[],no_vlm_signal,no_change,VLM produced no usable event,,,0
2475,371660225,4882303786122909942,Ign ON,[],no_vlm_signal,no_change,VLM produced no usable event,,,0
2476,507451763,4882303786122908371,dHDG,[],no_vlm_signal,no_change,VLM produced no usable event,,,0
2477,365598969,4882303786122906274,PER,['SEATBELT_D_OFF'],new_context_added,added,new_context_added added extra VLM context,,SEATBELT_D_OFF,1
2478,523822117,4882303786122812858,PER,['SEATBELT_D_OFF'],new_context_added,added,new_context_added added extra VLM context,,SEATBELT_D_OFF,1
2479,458181322,4882303786122780502,dHDG,[],no_vlm_signal,no_change,VLM produced no usable event,,,0
2480,409223544,4882303786122766569,Ign ON,['SEATBELT_D_OFF'],new_context_added,added,new_context_added added extra VLM context,,SEATBELT_D_OFF,1
2481,429576946,4882303786122733818,PER,[],no_vlm_signal,no_change,VLM produced no usable event,,,0
2482,459503546,4882303786122679841,PER,['SEATBELT_D_OFF'],new_context_added,added,new_context_added added extra VLM context,,SEATBELT_D_OFF,1
2483,511471809,4882303786122656510,PER,['SEATBELT_D_OFF'],new_context_added,added,new_context_added added extra VLM context,,SEATBELT_D_OFF,1
2484,443717449,4882303786122654097,PER,['SEATBELT_D_OFF'],new_context_added,added,new_context_added added extra VLM context,,SEATBELT_D_OFF,1
2485,333584733,4882303786122650370,v_fatigue,[],not_confirmed,removed,"original event not confirmed by VLM, so it was removed",v_fatigue,,1
2486,333545827,4882303786122624943,PER,"['SEATBELT_D_OFF', 'v_distraction']",new_context_added,added,new_context_added added extra VLM context,,SEATBELT_D_OFF,1
2486,333545827,4882303786122624943,PER,"['SEATBELT_D_OFF', 'v_distraction']",new_context_added,added,new_context_added added extra VLM context,,v_distraction,1
2487,518311941,4882303786122605992,dHDG,['v_phone'],new_context_added,added,new_context_added added extra VLM context,,v_phone,1
2488,229817878,4882303786122596236,PER,['SEATBELT_D_OFF'],new_context_added,added,new_context_added added extra VLM context,,SEATBELT_D_OFF,1
2489,511506200,4882303786122575312,dHDG,[],no_vlm_signal,no_change,VLM produced no usable event,,,0
2490,456979367,4882303786122564661,dHDG,['v_cam_covered'],new_context_added,added,new_context_added added extra VLM context,,v_cam_covered,1
2491,460126729,4882303786122537483,v_fatigue,[],not_confirmed,removed,"original event not confirmed by VLM, so it was removed",v_fatigue,,1
2492,512980905,4882303786122524839,PER,['SEATBELT_D_OFF'],new_context_added,added,new_context_added added extra VLM context,,SEATBELT_D_OFF,1
2493,511633709,4882303786122510006,dHDG,[],no_vlm_signal,no_change,VLM produced no usable event,,,0
2494,460126729,4882303786122504337,PER,[],no_vlm_signal,no_change,VLM produced no usable event,,,0
2495,307989723,4882303786122496290,dHDG,"['SEATBELT_D_OFF', 'v_phone', 'v_distraction']",new_context_added,added,new_context_added added extra VLM context,,SEATBELT_D_OFF,1
2495,307989723,4882303786122496290,dHDG,"['SEATBELT_D_OFF', 'v_phone', 'v_distraction']",new_context_added,added,new_context_added added extra VLM context,,v_phone,1
2495,307989723,4882303786122496290,dHDG,"['SEATBELT_D_OFF', 'v_phone', 'v_distraction']",new_context_added,added,new_context_added added extra VLM context,,v_distraction,1
2496,333584733,4882303786122483362,v_fatigue,"['SEATBELT_D_OFF', 'v_phone']",contradicted,removed,VLM contradicted original telematics event — original removed,v_fatigue,,1
2496,333584733,4882303786122483362,v_fatigue,"['SEATBELT_D_OFF', 'v_phone']",contradicted,added,VLM contradicted original — replacement VLM event added,,SEATBELT_D_OFF,1
2496,333584733,4882303786122483362,v_fatigue,"['SEATBELT_D_OFF', 'v_phone']",contradicted,added,VLM contradicted original — replacement VLM event added,,v_phone,1
2497,464868635,4882303786122467527,dHDG,[],no_vlm_signal,no_change,VLM produced no usable event,,,0
2498,334148753,4882303786122451884,v_cam_covered,['v_smoke'],contradicted,removed,VLM contradicted original telematics event — original removed,v_cam_covered,,1
2498,334148753,4882303786122451884,v_cam_covered,['v_smoke'],contradicted,added,VLM contradicted original — replacement VLM event added,,v_smoke,1
2499,523821693,4882303786122428564,PER,[],no_vlm_signal,no_change,VLM produced no usable event,,,0
2500,334148753,4882303786122392838,v_distraction,[],not_confirmed,removed,"original event not confirmed by VLM, so it was removed",v_distraction,,1
2501,453865293,4882303786122387018,PER,[],no_vlm_signal,no_change,VLM produced no usable event,,,0
2502,507451763,4882303786122346529,PER,[],no_vlm_signal,no_change,VLM produced no usable event,,,0
2503,333584733,4882303786122341334,dHDG,[],no_vlm_signal,no_change,VLM produced no usable event,,,0
2504,509637948,4882303786122318014,dHDG,[],no_vlm_signal,no_change,VLM produced no usable event,,,0
2505,366763791,4882303786122260931,dHDG,[],no_vlm_signal,no_change,VLM produced no usable event,,,0
2506,338306241,4882303786122246751,PER,"['SEATBELT_D_OFF', 'v_phone']",new_context_added,added,new_context_added added extra VLM context,,SEATBELT_D_OFF,1
2506,338306241,4882303786122246751,PER,"['SEATBELT_D_OFF', 'v_phone']",new_context_added,added,new_context_added added extra VLM context,,v_phone,1
2507,511468560,4882303786122243775,PER,"['SEATBELT_D_OFF', 'v_phone', 'v_distraction']",new_context_added,added,new_context_added added extra VLM context,,SEATBELT_D_OFF,1
2507,511468560,4882303786122243775,PER,"['SEATBELT_D_OFF', 'v_phone', 'v_distraction']",new_context_added,added,new_context_added added extra VLM context,,v_phone,1
2507,511468560,4882303786122243775,PER,"['SEATBELT_D_OFF', 'v_phone', 'v_distraction']",new_context_added,added,new_context_added added extra VLM context,,v_distraction,1
2508,459618013,4882303786122225072,PER,['v_cam_covered'],new_context_added,added,new_context_added added extra VLM context,,v_cam_covered,1
2509,443744270,4882303786122208280,dHDG,[],no_vlm_signal,no_change,VLM produced no usable event,,,0
2510,458181322,4882303786122196994,dHDG,[],no_vlm_signal,no_change,VLM produced no usable event,,,0
2511,308058091,4882303786122187924,PER,['SEATBELT_D_OFF'],new_context_added,added,new_context_added added extra VLM context,,SEATBELT_D_OFF,1
2512,304246535,4882303786122151395,dHDG,['SEATBELT_D_OFF'],new_context_added,added,new_context_added added extra VLM context,,SEATBELT_D_OFF,1
2513,513225962,4882303786122150378,dHDG,"['v_phone', 'v_distraction']",new_context_added,added,new_context_added added extra VLM context,,v_phone,1
2513,513225962,4882303786122150378,dHDG,"['v_phone', 'v_distraction']",new_context_added,added,new_context_added added extra VLM context,,v_distraction,1
2514,334148753,4882303786122127117,dHDG,"['v_phone', 'v_distraction']",new_context_added,added,new_context_added added extra VLM context,,v_phone,1
2514,334148753,4882303786122127117,dHDG,"['v_phone', 'v_distraction']",new_context_added,added,new_context_added added extra VLM context,,v_distraction,1
2515,334148753,4882303786122086806,v_phone,['v_phone'],confirmed,no_change,"original event stayed, no extra VLM event needed",,,0
2516,458748209,4882303786122071156,dHDG,['SEATBELT_D_OFF'],new_context_added,added,new_context_added added extra VLM context,,SEATBELT_D_OFF,1
2517,429576946,4882303786121994764,PER,['SEATBELT_D_OFF'],new_context_added,added,new_context_added added extra VLM context,,SEATBELT_D_OFF,1
2518,523824244,4882303786121989506,v_phone,['v_phone'],confirmed,no_change,"original event stayed, no extra VLM event needed",,,0
2519,317984514,4882303786121976626,PER,['SEATBELT_D_OFF'],new_context_added,added,new_context_added added extra VLM context,,SEATBELT_D_OFF,1
2520,523824244,4882303786121967910,v_eye_closed,['v_phone'],contradicted,removed,VLM contradicted original telematics event — original removed,v_eye_closed,,1
2520,523824244,4882303786121967910,v_eye_closed,['v_phone'],contradicted,added,VLM contradicted original — replacement VLM event added,,v_phone,1
2521,338306241,4882303786121960062,v_phone,['v_phone'],confirmed,no_change,"original event stayed, no extra VLM event needed",,,0
2522,511506200,4882303786121949004,PER,"['SEATBELT_D_OFF', 'v_phone']",new_context_added,added,new_context_added added extra VLM context,,SEATBELT_D_OFF,1
2522,511506200,4882303786121949004,PER,"['SEATBELT_D_OFF', 'v_phone']",new_context_added,added,new_context_added added extra VLM context,,v_phone,1
2523,456979367,4882303786121944914,PER,['SEATBELT_D_OFF'],new_context_added,added,new_context_added added extra VLM context,,SEATBELT_D_OFF,1
2524,388775883,4882303786121938146,PER,[],no_vlm_signal,no_change,VLM produced no usable event,,,0
2525,523824244,4882303786121929428,v_distraction,[],not_confirmed,removed,"original event not confirmed by VLM, so it was removed",v_distraction,,1
2526,512982665,4882303786121891792,PER,['SEATBELT_D_OFF'],new_context_added,added,new_context_added added extra VLM context,,SEATBELT_D_OFF,1
2527,452477724,4882303786121876253,dHDG,['SEATBELT_D_OFF'],new_context_added,added,new_context_added added extra VLM context,,SEATBELT_D_OFF,1
2528,511633709,4882303786121873109,PER,"['v_phone', 'v_smoke']",new_context_added,added,new_context_added added extra VLM context,,v_phone,1
2528,511633709,4882303786121873109,PER,"['v_phone', 'v_smoke']",new_context_added,added,new_context_added added extra VLM context,,v_smoke,1
2529,307989723,4882303786121856785,dHDG,[],no_vlm_signal,no_change,VLM produced no usable event,,,0
2530,437380121,4882303786121847092,Ign ON,['SEATBELT_D_OFF'],new_context_added,added,new_context_added added extra VLM context,,SEATBELT_D_OFF,1
2531,337268755,4882303786121844045,v_cam_covered,[],not_confirmed,removed,"original event not confirmed by VLM, so it was removed",v_cam_covered,,1
2532,338306241,4882303786121840979,v_phone,"['SEATBELT_D_OFF', 'v_phone']",refined,added,refined added extra VLM context,,SEATBELT_D_OFF,1
2533,333584194,4882303786121838698,PER,['SEATBELT_D_OFF'],new_context_added,added,new_context_added added extra VLM context,,SEATBELT_D_OFF,1
2534,509636707,4882303786121834730,PER,[],no_vlm_signal,no_change,VLM produced no usable event,,,0
2535,337268755,4882303786121833244,PER,[],no_vlm_signal,no_change,VLM produced no usable event,,,0
2536,464868635,4882303786121823333,dHDG,[],no_vlm_signal,no_change,VLM produced no usable event,,,0
2537,333545827,4882303786121819093,dHDG,['SEATBELT_D_OFF'],new_context_added,added,new_context_added added extra VLM context,,SEATBELT_D_OFF,1
2538,322784039,4882303786121809860,PER,[],no_vlm_signal,no_change,VLM produced no usable event,,,0
2539,452477724,4882303786121809040,v_phone,"['SEATBELT_D_OFF', 'v_phone']",refined,added,refined added extra VLM context,,SEATBELT_D_OFF,1
2540,334008589,4882303786121806844,v_yawn,[],not_confirmed,removed,"original event not confirmed by VLM, so it was removed",v_yawn,,1
2541,464878170,4882303786121802233,PER,[],no_vlm_signal,no_change,VLM produced no usable event,,,0
2542,452477724,4882303786121760550,v_phone,[],not_confirmed,removed,"original event not confirmed by VLM, so it was removed",v_phone,,1
2543,452477724,4882303786121760349,v_phone,['v_phone'],confirmed,no_change,"original event stayed, no extra VLM event needed",,,0
2544,452477724,4882303786121760080,v_phone,['v_phone'],confirmed,no_change,"original event stayed, no extra VLM event needed",,,0
2545,452477724,4882303786121759345,Ign ON,['SEATBELT_D_OFF'],new_context_added,added,new_context_added added extra VLM context,,SEATBELT_D_OFF,1
2546,409223544,4882303786121754623,dHDG,[],no_vlm_signal,no_change,VLM produced no usable event,,,0
2547,507264889,4882303786121748522,PER,[],no_vlm_signal,no_change,VLM produced no usable event,,,0
2548,509637553,4882303786121746447,PER,['SEATBELT_D_OFF'],new_context_added,added,new_context_added added extra VLM context,,SEATBELT_D_OFF,1
2549,443413751,4882303786121743849,PER,['SEATBELT_D_OFF'],new_context_added,added,new_context_added added extra VLM context,,SEATBELT_D_OFF,1
2550,334154315,4882303786121727026,PER,['SEATBELT_D_OFF'],new_context_added,added,new_context_added added extra VLM context,,SEATBELT_D_OFF,1
2551,443657921,4882303786121707853,PER,[],no_vlm_signal,no_change,VLM produced no usable event,,,0
2552,434850546,4882303786121692284,v_distraction,[],not_confirmed,removed,"original event not confirmed by VLM, so it was removed",v_distraction,,1
2553,333584194,4882303786121680445,v_yawn,['SEATBELT_D_OFF'],contradicted,removed,VLM contradicted original telematics event — original removed,v_yawn,,1
2553,333584194,4882303786121680445,v_yawn,['SEATBELT_D_OFF'],contradicted,added,VLM contradicted original — replacement VLM event added,,SEATBELT_D_OFF,1
2554,443744270,4882303786121657263,v_phone,['v_phone'],confirmed,no_change,"original event stayed, no extra VLM event needed",,,0
2555,366751690,4882303786121641308,v_yawn,[],not_confirmed,removed,"original event not confirmed by VLM, so it was removed",v_yawn,,1
2556,337268755,4882303786121585524,v_phone,['v_phone'],confirmed,no_change,"original event stayed, no extra VLM event needed",,,0
2557,366763791,4882303786121573255,Ign ON,['SEATBELT_D_OFF'],new_context_added,added,new_context_added added extra VLM context,,SEATBELT_D_OFF,1
2558,464397351,4882303786121568054,PER,[],no_vlm_signal,no_change,VLM produced no usable event,,,0
2559,512980905,4882303786121554426,PER,['SEATBELT_D_OFF'],new_context_added,added,new_context_added added extra VLM context,,SEATBELT_D_OFF,1
2560,229817878,4882303786121552504,dHDG,"['SEATBELT_D_OFF', 'v_distraction', 'v_smoke']",new_context_added,added,new_context_added added extra VLM context,,SEATBELT_D_OFF,1
2560,229817878,4882303786121552504,dHDG,"['SEATBELT_D_OFF', 'v_distraction', 'v_smoke']",new_context_added,added,new_context_added added extra VLM context,,v_distraction,1
2560,229817878,4882303786121552504,dHDG,"['SEATBELT_D_OFF', 'v_distraction', 'v_smoke']",new_context_added,added,new_context_added added extra VLM context,,v_smoke,1
2561,507271653,4882303786121547864,Ign ON,['SEATBELT_D_OFF'],new_context_added,added,new_context_added added extra VLM context,,SEATBELT_D_OFF,1
2562,333987612,4882303786121542427,dHDG,['v_cam_covered'],new_context_added,added,new_context_added added extra VLM context,,v_cam_covered,1
2563,333584194,4882303786121531021,v_distraction,['SEATBELT_D_OFF'],contradicted,removed,VLM contradicted original telematics event — original removed,v_distraction,,1
2563,333584194,4882303786121531021,v_distraction,['SEATBELT_D_OFF'],contradicted,added,VLM contradicted original — replacement VLM event added,,SEATBELT_D_OFF,1
2564,371660225,4882303786121530140,dHDG,"['v_phone', 'v_distraction']",new_context_added,added,new_context_added added extra VLM context,,v_phone,1
2564,371660225,4882303786121530140,dHDG,"['v_phone', 'v_distraction']",new_context_added,added,new_context_added added extra VLM context,,v_distraction,1
2565,366751690,4882303786121512617,v_phone,['v_phone'],confirmed,no_change,"original event stayed, no extra VLM event needed",,,0
2566,443744270,4882303786121511411,v_fatigue,['v_phone'],contradicted,removed,VLM contradicted original telematics event — original removed,v_fatigue,,1
2566,443744270,4882303786121511411,v_fatigue,['v_phone'],contradicted,added,VLM contradicted original — replacement VLM event added,,v_phone,1
2567,509637926,4882303786121507866,PER,['SEATBELT_D_OFF'],new_context_added,added,new_context_added added extra VLM context,,SEATBELT_D_OFF,1
2568,454535057,4882303786121506090,PER,[],no_vlm_signal,no_change,VLM produced no usable event,,,0
2569,443744270,4882303786121506065,dHDG,"['v_phone', 'v_distraction']",new_context_added,added,new_context_added added extra VLM context,,v_phone,1
2569,443744270,4882303786121506065,dHDG,"['v_phone', 'v_distraction']",new_context_added,added,new_context_added added extra VLM context,,v_distraction,1
2570,443744270,4882303786121458344,v_phone,['v_phone'],confirmed,no_change,"original event stayed, no extra VLM event needed",,,0
2571,308058091,4882303786121451460,v_phone,['v_phone'],confirmed,no_change,"original event stayed, no extra VLM event needed",,,0
2572,425968651,4882303786121448705,v_distraction,[],not_confirmed,removed,"original event not confirmed by VLM, so it was removed",v_distraction,,1
2573,338306241,4882303786121447176,v_cam_covered,[],not_confirmed,removed,"original event not confirmed by VLM, so it was removed",v_cam_covered,,1
2574,366751690,4882303786121437993,v_yawn,[],not_confirmed,removed,"original event not confirmed by VLM, so it was removed",v_yawn,,1
2575,304246535,4882303786121435545,Ign ON,[],no_vlm_signal,no_change,VLM produced no usable event,,,0
2576,453865293,4882303786121433774,PER,[],no_vlm_signal,no_change,VLM produced no usable event,,,0
2577,334148753,4882303786121414900,dHDG,"['v_phone', 'v_distraction']",new_context_added,added,new_context_added added extra VLM context,,v_phone,1
2577,334148753,4882303786121414900,dHDG,"['v_phone', 'v_distraction']",new_context_added,added,new_context_added added extra VLM context,,v_distraction,1
2578,434850546,4882303786121387804,PER,['SEATBELT_D_OFF'],new_context_added,added,new_context_added added extra VLM context,,SEATBELT_D_OFF,1
2579,523823149,4882303786121380520,PER,"['SEATBELT_D_OFF', 'v_phone']",new_context_added,added,new_context_added added extra VLM context,,SEATBELT_D_OFF,1
2579,523823149,4882303786121380520,PER,"['SEATBELT_D_OFF', 'v_phone']",new_context_added,added,new_context_added added extra VLM context,,v_phone,1
2580,518312065,4882303786121377315,dHDG,['v_phone'],new_context_added,added,new_context_added added extra VLM context,,v_phone,1
2581,523822483,4882303786121371132,PER,[],no_vlm_signal,no_change,VLM produced no usable event,,,0
2582,308058091,4882303786121349764,PER,[],no_vlm_signal,no_change,VLM produced no usable event,,,0
2583,458748209,4882303786121346674,PER,['SEATBELT_D_OFF'],new_context_added,added,new_context_added added extra VLM context,,SEATBELT_D_OFF,1
2584,524598261,4882303786121325843,PER,['SEATBELT_D_OFF'],new_context_added,added,new_context_added added extra VLM context,,SEATBELT_D_OFF,1
2585,425968651,4882303786121315135,v_distraction,[],not_confirmed,removed,"original event not confirmed by VLM, so it was removed",v_distraction,,1
2586,422008670,4882303786121308514,PER,[],no_vlm_signal,no_change,VLM produced no usable event,,,0
2587,425968651,4882303786121295993,v_eye_closed,['v_fatigue'],refined,added,refined added extra VLM context,,v_fatigue,1
2588,458886154,4882303786121294965,dHDG,['SEATBELT_D_OFF'],new_context_added,added,new_context_added added extra VLM context,,SEATBELT_D_OFF,1
2589,523822117,4882303786121291736,PER,"['v_phone', 'v_distraction']",new_context_added,added,new_context_added added extra VLM context,,v_phone,1
2589,523822117,4882303786121291736,PER,"['v_phone', 'v_distraction']",new_context_added,added,new_context_added added extra VLM context,,v_distraction,1
2590,511471809,4882303786121286945,dHDG,"['SEATBELT_D_OFF', 'v_phone', 'v_distraction']",new_context_added,added,new_context_added added extra VLM context,,SEATBELT_D_OFF,1
2590,511471809,4882303786121286945,dHDG,"['SEATBELT_D_OFF', 'v_phone', 'v_distraction']",new_context_added,added,new_context_added added extra VLM context,,v_phone,1
2590,511471809,4882303786121286945,dHDG,"['SEATBELT_D_OFF', 'v_phone', 'v_distraction']",new_context_added,added,new_context_added added extra VLM context,,v_distraction,1
2591,366751690,4882303786121243811,v_eye_closed,[],not_confirmed,removed,"original event not confirmed by VLM, so it was removed",v_eye_closed,,1
2592,371660225,4882303786121242676,v_phone,['v_phone'],confirmed,no_change,"original event stayed, no extra VLM event needed",,,0
2593,509637163,4882303786121241687,PER,[],no_vlm_signal,no_change,VLM produced no usable event,,,0
2594,338306241,4882303786121239822,dHDG,[],no_vlm_signal,no_change,VLM produced no usable event,,,0
2595,321626503,4882303786121210173,dHDG,[],no_vlm_signal,no_change,VLM produced no usable event,,,0
2596,523823859,4882303786121182384,v_Headway_Mon,[],no_vlm_signal,no_change,VLM produced no usable event,,,0
2597,425968651,4882303786121160270,v_distraction,[],not_confirmed,removed,"original event not confirmed by VLM, so it was removed",v_distraction,,1
2598,333584194,4882303786121138428,v_yawn,['v_phone'],contradicted,removed,VLM contradicted original telematics event — original removed,v_yawn,,1
2598,333584194,4882303786121138428,v_yawn,['v_phone'],contradicted,added,VLM contradicted original — replacement VLM event added,,v_phone,1
2599,460126455,4882303786121127513,dHDG,"['v_phone', 'v_distraction']",new_context_added,added,new_context_added added extra VLM context,,v_phone,1
2599,460126455,4882303786121127513,dHDG,"['v_phone', 'v_distraction']",new_context_added,added,new_context_added added extra VLM context,,v_distraction,1
2600,429536893,4882303786121094203,PER,[],review_only,no_change,review_only found nothing new to add,,,0
2601,509636684,4882303786121073740,PER,['SEATBELT_D_OFF'],new_context_added,added,new_context_added added extra VLM context,,SEATBELT_D_OFF,1
2602,425968651,4882303786121052193,v_yawn,['v_fatigue'],refined,added,refined added extra VLM context,,v_fatigue,1
2603,511633709,4882303786121050936,PER,"['SEATBELT_D_OFF', 'v_phone', 'v_distraction']",new_context_added,added,new_context_added added extra VLM context,,SEATBELT_D_OFF,1
2603,511633709,4882303786121050936,PER,"['SEATBELT_D_OFF', 'v_phone', 'v_distraction']",new_context_added,added,new_context_added added extra VLM context,,v_phone,1
2603,511633709,4882303786121050936,PER,"['SEATBELT_D_OFF', 'v_phone', 'v_distraction']",new_context_added,added,new_context_added added extra VLM context,,v_distraction,1
2604,429576946,4882303786121048307,GPS_Lock,[],no_vlm_signal,no_change,VLM produced no usable event,,,0
2605,307989723,4882303786121044418,GPS_Lock,[],no_vlm_signal,no_change,VLM produced no usable event,,,0
2606,518311941,4882303786121039987,PER,"['SEATBELT_D_OFF', 'v_phone']",new_context_added,added,new_context_added added extra VLM context,,SEATBELT_D_OFF,1
2606,518311941,4882303786121039987,PER,"['SEATBELT_D_OFF', 'v_phone']",new_context_added,added,new_context_added added extra VLM context,,v_phone,1
2607,415734364,4882303786121037634,PER,[],no_vlm_signal,no_change,VLM produced no usable event,,,0
2608,229817878,4882303786121031066,v_phone,['v_phone'],confirmed,no_change,"original event stayed, no extra VLM event needed",,,0
2609,524596949,4882303786121027862,v_Headway_Mon,[],no_vlm_signal,no_change,VLM produced no usable event,,,0
2610,333584194,4882303786121022066,GPS_Lock,[],no_vlm_signal,no_change,VLM produced no usable event,,,0
2611,509637851,4882303786121018730,dHDG,[],no_vlm_signal,no_change,VLM produced no usable event,,,0
2612,337268755,4882303786121018242,PER,['SEATBELT_D_OFF'],new_context_added,added,new_context_added added extra VLM context,,SEATBELT_D_OFF,1
2613,425968651,4882303786121015805,v_distraction,[],not_confirmed,removed,"original event not confirmed by VLM, so it was removed",v_distraction,,1
2614,443668611,4882303786121012987,PER,[],no_vlm_signal,no_change,VLM produced no usable event,,,0
2615,523823573,4882303786121011060,PER,[],no_vlm_signal,no_change,VLM produced no usable event,,,0
2616,388775883,4882303786121000862,Ign ON,"['SEATBELT_D_OFF', 'v_phone', 'v_distraction']",new_context_added,added,new_context_added added extra VLM context,,SEATBELT_D_OFF,1
2616,388775883,4882303786121000862,Ign ON,"['SEATBELT_D_OFF', 'v_phone', 'v_distraction']",new_context_added,added,new_context_added added extra VLM context,,v_phone,1
2616,388775883,4882303786121000862,Ign ON,"['SEATBELT_D_OFF', 'v_phone', 'v_distraction']",new_context_added,added,new_context_added added extra VLM context,,v_distraction,1
2617,333545827,4882303786120998617,PER,['SEATBELT_D_OFF'],new_context_added,added,new_context_added added extra VLM context,,SEATBELT_D_OFF,1
2618,464878170,4882303786120986109,v_lane_departure,[],no_vlm_signal,no_change,VLM produced no usable event,,,0
2619,460126729,4882303786120981127,dHDG,[],no_vlm_signal,no_change,VLM produced no usable event,,,0
2620,409223544,4882303786120957764,PER,"['v_phone', 'v_distraction']",new_context_added,added,new_context_added added extra VLM context,,v_phone,1
2620,409223544,4882303786120957764,PER,"['v_phone', 'v_distraction']",new_context_added,added,new_context_added added extra VLM context,,v_distraction,1
2621,459506928,4882303786120956631,PER,[],no_vlm_signal,no_change,VLM produced no usable event,,,0
2622,509637738,4882303786120949193,dHDG,['v_phone'],new_context_added,added,new_context_added added extra VLM context,,v_phone,1
2623,334148753,4882303786120948671,v_distraction,[],not_confirmed,removed,"original event not confirmed by VLM, so it was removed",v_distraction,,1
2624,371660225,4882303786120927343,v_phone,['v_phone'],confirmed,no_change,"original event stayed, no extra VLM event needed",,,0
2625,524598614,4882303786120886501,PER,[],no_vlm_signal,no_change,VLM produced no usable event,,,0
2626,416296124,4882303786120883419,dHDG,[],no_vlm_signal,no_change,VLM produced no usable event,,,0
2627,425968651,4882303786120856989,v_distraction,[],not_confirmed,removed,"original event not confirmed by VLM, so it was removed",v_distraction,,1
2628,459503546,4882303786120856965,PER,[],no_vlm_signal,no_change,VLM produced no usable event,,,0
2629,512994171,4882303786120855528,PER,['v_phone'],new_context_added,added,new_context_added added extra VLM context,,v_phone,1
2630,370979095,4882303786120853566,PER,['SEATBELT_D_OFF'],new_context_added,added,new_context_added added extra VLM context,,SEATBELT_D_OFF,1
2631,425968651,4882303786120843246,PER,[],no_vlm_signal,no_change,VLM produced no usable event,,,0
2632,509636001,4882303786120830722,PER,[],no_vlm_signal,no_change,VLM produced no usable event,,,0
2633,333584733,4882303786120826398,PER,[],no_vlm_signal,no_change,VLM produced no usable event,,,0
2634,411962094,4882303786120817964,dHDG,['v_phone'],new_context_added,added,new_context_added added extra VLM context,,v_phone,1
2635,511642605,4882303786120804404,dHDG,['v_distraction'],new_context_added,added,new_context_added added extra VLM context,,v_distraction,1
2636,507264889,4882303786120786236,PER,[],no_vlm_signal,no_change,VLM produced no usable event,,,0
2637,229817878,4882303786120781700,v_phone,"['SEATBELT_D_OFF', 'v_phone']",refined,added,refined added extra VLM context,,SEATBELT_D_OFF,1
2638,371660225,4882303786120781213,v_phone,['v_phone'],confirmed,no_change,"original event stayed, no extra VLM event needed",,,0
2639,513234561,4882303786120775125,PER,[],no_vlm_signal,no_change,VLM produced no usable event,,,0
2640,429536893,4882303786120768020,v_phone,['v_phone'],confirmed,no_change,"original event stayed, no extra VLM event needed",,,0
2641,523822178,4882303786120764844,PER,['SEATBELT_D_OFF'],new_context_added,added,new_context_added added extra VLM context,,SEATBELT_D_OFF,1
2642,304245737,4882303786120763079,dHDG,[],no_vlm_signal,no_change,VLM produced no usable event,,,0
2643,509637553,4882303786120762806,dHDG,[],no_vlm_signal,no_change,VLM produced no usable event,,,0
2644,509636074,4882303786120757238,PER,[],no_vlm_signal,no_change,VLM produced no usable event,,,0
2645,365599055,4882303786120736264,PER,"['SEATBELT_D_OFF', 'v_phone']",new_context_added,added,new_context_added added extra VLM context,,SEATBELT_D_OFF,1
2645,365599055,4882303786120736264,PER,"['SEATBELT_D_OFF', 'v_phone']",new_context_added,added,new_context_added added extra VLM context,,v_phone,1
2646,317984438,4882303786120727338,v_phone,['v_phone'],confirmed,no_change,"original event stayed, no extra VLM event needed",,,0
2647,443717449,4882303786120725927,PER,['SEATBELT_D_OFF'],new_context_added,added,new_context_added added extra VLM context,,SEATBELT_D_OFF,1
2648,229817878,4882303786120719213,Ign ON,['SEATBELT_D_OFF'],new_context_added,added,new_context_added added extra VLM context,,SEATBELT_D_OFF,1
2649,511466682,4882303786120705883,PER,[],no_vlm_signal,no_change,VLM produced no usable event,,,0
2650,509636707,4882303786120703725,PER,[],no_vlm_signal,no_change,VLM produced no usable event,,,0
2651,371660225,4882303786120698230,PER,['v_phone'],new_context_added,added,new_context_added added extra VLM context,,v_phone,1
2652,366751690,4882303786120693536,v_distraction,[],not_confirmed,removed,"original event not confirmed by VLM, so it was removed",v_distraction,,1
2653,509637652,4882303786120686606,dHDG,"['v_phone', 'v_distraction']",new_context_added,added,new_context_added added extra VLM context,,v_phone,1
2653,509637652,4882303786120686606,dHDG,"['v_phone', 'v_distraction']",new_context_added,added,new_context_added added extra VLM context,,v_distraction,1
2654,460126729,4882303786120682989,v_phone,['v_phone'],confirmed,no_change,"original event stayed, no extra VLM event needed",,,0
2655,443744270,4882303786120672482,PER,[],no_vlm_signal,no_change,VLM produced no usable event,,,0
2656,322641484,4882303786120669135,PER,[],no_vlm_signal,no_change,VLM produced no usable event,,,0
2657,458891357,4882303786120667743,Ign OFF,['SEATBELT_D_OFF'],new_context_added,added,new_context_added added extra VLM context,,SEATBELT_D_OFF,1
2658,509637926,4882303786120666358,PER,[],no_vlm_signal,no_change,VLM produced no usable event,,,0
2659,454535057,4882303786120663931,dHDG,[],no_vlm_signal,no_change,VLM produced no usable event,,,0
2660,333212161,4882303786120661079,PER,[],no_vlm_signal,no_change,VLM produced no usable event,,,0
2661,507264328,4882303786120653025,PER,[],no_vlm_signal,no_change,VLM produced no usable event,,,0
2662,523821693,4882303786120649692,PER,[],no_vlm_signal,no_change,VLM produced no usable event,,,0
2663,509637286,4882303786120647217,PER,[],no_vlm_signal,no_change,VLM produced no usable event,,,0
2664,509637948,4882303786120644600,dHDG,[],no_vlm_signal,no_change,VLM produced no usable event,,,0
2665,467597649,4882303786120637345,Ign ON,"['SEATBELT_D_OFF', 'v_phone', 'v_distraction']",new_context_added,added,new_context_added added extra VLM context,,SEATBELT_D_OFF,1
2665,467597649,4882303786120637345,Ign ON,"['SEATBELT_D_OFF', 'v_phone', 'v_distraction']",new_context_added,added,new_context_added added extra VLM context,,v_phone,1
2665,467597649,4882303786120637345,Ign ON,"['SEATBELT_D_OFF', 'v_phone', 'v_distraction']",new_context_added,added,new_context_added added extra VLM context,,v_distraction,1
2666,464367957,4882303786120614202,Ign ON,[],no_vlm_signal,no_change,VLM produced no usable event,,,0
2667,443657921,4882303786120609078,v_phone,"['SEATBELT_D_OFF', 'v_phone']",refined,added,refined added extra VLM context,,SEATBELT_D_OFF,1
2668,511465936,4882303786120589781,PER,[],no_vlm_signal,no_change,VLM produced no usable event,,,0
2669,334148753,4882303786120560346,Ign ON,[],no_vlm_signal,no_change,VLM produced no usable event,,,0
2670,513225962,4882303786120557087,Ign ON,[],no_vlm_signal,no_change,VLM produced no usable event,,,0
2671,322785930,4882303786120551620,PER,[],no_vlm_signal,no_change,VLM produced no usable event,,,0
2672,453948326,4882303786120547322,PER,['v_phone'],new_context_added,added,new_context_added added extra VLM context,,v_phone,1
2673,365670886,4882303786120545710,PER,['v_phone'],new_context_added,added,new_context_added added extra VLM context,,v_phone,1
2674,365598486,4882303786120540891,dHDG,['SEATBELT_D_OFF'],new_context_added,added,new_context_added added extra VLM context,,SEATBELT_D_OFF,1
2675,518312065,4882303786120523644,PER,[],no_vlm_signal,no_change,VLM produced no usable event,,,0
2676,523822483,4882303786120511894,PER,[],no_vlm_signal,no_change,VLM produced no usable event,,,0
2677,454270937,4882303786120495386,v_phone,['v_phone'],confirmed,no_change,"original event stayed, no extra VLM event needed",,,0
2678,458748209,4882303786120468772,Ign ON,[],no_vlm_signal,no_change,VLM produced no usable event,,,0
2679,443749850,4882303786120467460,PER,[],no_vlm_signal,no_change,VLM produced no usable event,,,0
2680,454270937,4882303786120459076,dHDG,"['v_phone', 'v_distraction']",new_context_added,added,new_context_added added extra VLM context,,v_phone,1
2680,454270937,4882303786120459076,dHDG,"['v_phone', 'v_distraction']",new_context_added,added,new_context_added added extra VLM context,,v_distraction,1
2681,304246535,4882303786120437734,dHDG,['SEATBELT_D_OFF'],new_context_added,added,new_context_added added extra VLM context,,SEATBELT_D_OFF,1
2682,511471809,4882303786120427423,Ign ON,['SEATBELT_D_OFF'],new_context_added,added,new_context_added added extra VLM context,,SEATBELT_D_OFF,1
2683,334008589,4882303786120422366,PER,"['SEATBELT_D_OFF', 'v_phone']",new_context_added,added,new_context_added added extra VLM context,,SEATBELT_D_OFF,1
2683,334008589,4882303786120422366,PER,"['SEATBELT_D_OFF', 'v_phone']",new_context_added,added,new_context_added added extra VLM context,,v_phone,1
2684,336854753,4882303786120418239,v_phone,['v_phone'],confirmed,no_change,"original event stayed, no extra VLM event needed",,,0
2685,523822117,4882303786120402285,PER,[],no_vlm_signal,no_change,VLM produced no usable event,,,0
2686,518312835,4882303786120399257,PER,"['v_phone', 'v_distraction']",new_context_added,added,new_context_added added extra VLM context,,v_phone,1
2686,518312835,4882303786120399257,PER,"['v_phone', 'v_distraction']",new_context_added,added,new_context_added added extra VLM context,,v_distraction,1
2687,459506000,4882303786120375953,Ign ON,['SEATBELT_D_OFF'],new_context_added,added,new_context_added added extra VLM context,,SEATBELT_D_OFF,1
2688,509637163,4882303786120369000,PER,[],no_vlm_signal,no_change,VLM produced no usable event,,,0
2689,338306241,4882303786120363787,PER,['SEATBELT_D_OFF'],new_context_added,added,new_context_added added extra VLM context,,SEATBELT_D_OFF,1
2690,317984438,4882303786120362990,v_phone,['v_phone'],confirmed,no_change,"original event stayed, no extra VLM event needed",,,0
2691,434850546,4882303786120350031,Ign ON,"['SEATBELT_D_OFF', 'v_phone', 'v_distraction']",new_context_added,added,new_context_added added extra VLM context,,SEATBELT_D_OFF,1
2691,434850546,4882303786120350031,Ign ON,"['SEATBELT_D_OFF', 'v_phone', 'v_distraction']",new_context_added,added,new_context_added added extra VLM context,,v_phone,1
2691,434850546,4882303786120350031,Ign ON,"['SEATBELT_D_OFF', 'v_phone', 'v_distraction']",new_context_added,added,new_context_added added extra VLM context,,v_distraction,1
2692,454270937,4882303786120349259,v_phone,['v_phone'],confirmed,no_change,"original event stayed, no extra VLM event needed",,,0
2693,317984438,4882303786120325206,GPS_Lock,[],no_vlm_signal,no_change,VLM produced no usable event,,,0
2694,434846817,4882303786120307123,GPS_Lock,[],no_vlm_signal,no_change,VLM produced no usable event,,,0
2695,443657921,4882303786120305933,dHDG,['SEATBELT_D_OFF'],new_context_added,added,new_context_added added extra VLM context,,SEATBELT_D_OFF,1
2696,443717449,4882303786120300770,v_phone,['v_phone'],confirmed,no_change,"original event stayed, no extra VLM event needed",,,0
2697,464397351,4882303786120294561,PER,[],no_vlm_signal,no_change,VLM produced no usable event,,,0
2698,460126455,4882303786120262909,PER,['SEATBELT_D_OFF'],new_context_added,added,new_context_added added extra VLM context,,SEATBELT_D_OFF,1
2699,509637769,4882303786120260084,Ign ON,[],no_vlm_signal,no_change,VLM produced no usable event,,,0
2700,334154315,4882303786120255148,v_phone,['v_phone'],confirmed,no_change,"original event stayed, no extra VLM event needed",,,0
2701,334154315,4882303786120252827,dHDG,"['v_phone', 'v_distraction']",new_context_added,added,new_context_added added extra VLM context,,v_phone,1
2701,334154315,4882303786120252827,dHDG,"['v_phone', 'v_distraction']",new_context_added,added,new_context_added added extra VLM context,,v_distraction,1
2702,429536893,4882303786120242342,v_phone,['v_phone'],confirmed,no_change,"original event stayed, no extra VLM event needed",,,0
2703,429536893,4882303786120203929,PER,"['v_phone', 'v_distraction']",new_context_added,added,new_context_added added extra VLM context,,v_phone,1
2703,429536893,4882303786120203929,PER,"['v_phone', 'v_distraction']",new_context_added,added,new_context_added added extra VLM context,,v_distraction,1
2704,336854753,4882303786120201754,v_phone,"['SEATBELT_D_OFF', 'v_phone']",refined,added,refined added extra VLM context,,SEATBELT_D_OFF,1
2705,443668611,4882303786120186688,PER,[],no_vlm_signal,no_change,VLM produced no usable event,,,0
2706,524596949,4882303786120177399,PER,[],no_vlm_signal,no_change,VLM produced no usable event,,,0
2707,460126901,4882303786120172626,Ign ON,['SEATBELT_D_OFF'],new_context_added,added,new_context_added added extra VLM context,,SEATBELT_D_OFF,1
2708,511633709,4882303786120171088,PER,['v_phone'],new_context_added,added,new_context_added added extra VLM context,,v_phone,1
2709,454270937,4882303786120169251,v_phone,"['SEATBELT_D_OFF', 'v_phone']",refined,added,refined added extra VLM context,,SEATBELT_D_OFF,1
2710,509637899,4882303786120164393,PER,['SEATBELT_D_OFF'],new_context_added,added,new_context_added added extra VLM context,,SEATBELT_D_OFF,1
2711,365598486,4882303786120160354,v_distraction,['SEATBELT_D_OFF'],contradicted,removed,VLM contradicted original telematics event — original removed,v_distraction,,1
2711,365598486,4882303786120160354,v_distraction,['SEATBELT_D_OFF'],contradicted,added,VLM contradicted original — replacement VLM event added,,SEATBELT_D_OFF,1
2712,464878170,4882303786120158082,Ign ON,[],no_vlm_signal,no_change,VLM produced no usable event,,,0
2713,460126729,4882303786120150758,Ign ON,"['SEATBELT_D_OFF', 'v_phone']",new_context_added,added,new_context_added added extra VLM context,,SEATBELT_D_OFF,1
2713,460126729,4882303786120150758,Ign ON,"['SEATBELT_D_OFF', 'v_phone']",new_context_added,added,new_context_added added extra VLM context,,v_phone,1
2714,336854753,4882303786120115565,PER,['SEATBELT_D_OFF'],new_context_added,added,new_context_added added extra VLM context,,SEATBELT_D_OFF,1
2715,507302670,4882303786120089426,PER,[],no_vlm_signal,no_change,VLM produced no usable event,,,0
2716,416296124,4882303786120082837,v_cam_covered,[],no_vlm_signal,no_change,VLM produced no usable event,,,0
2717,518311941,4882303786120056537,PER,['SEATBELT_D_OFF'],new_context_added,added,new_context_added added extra VLM context,,SEATBELT_D_OFF,1
2718,466968443,4882303786120037943,Ign ON,['SEATBELT_D_OFF'],new_context_added,added,new_context_added added extra VLM context,,SEATBELT_D_OFF,1
2719,334154315,4882303786120035141,v_distraction,[],not_confirmed,removed,"original event not confirmed by VLM, so it was removed",v_distraction,,1
2720,454270937,4882303786120023586,v_phone,['v_phone'],confirmed,no_change,"original event stayed, no extra VLM event needed",,,0
2721,507271653,4882303786120023545,dHDG,[],no_vlm_signal,no_change,VLM produced no usable event,,,0
2722,443717449,4882303786120017673,v_phone,['v_phone'],confirmed,no_change,"original event stayed, no extra VLM event needed",,,0
2723,411962094,4882303786119987699,Ign ON,[],no_vlm_signal,no_change,VLM produced no usable event,,,0
2724,511642605,4882303786119978184,dHDG,[],no_vlm_signal,no_change,VLM produced no usable event,,,0
2725,453865293,4882303786119962624,dHDG,[],no_vlm_signal,no_change,VLM produced no usable event,,,0
2726,304245737,4882303786119938324,GPS_Lock,[],no_vlm_signal,no_change,VLM produced no usable event,,,0
2727,523824244,4882303786119930314,v_distraction,[],not_confirmed,removed,"original event not confirmed by VLM, so it was removed",v_distraction,,1
2728,453885405,4882303786119917844,PER,"['SEATBELT_D_OFF', 'v_phone', 'v_distraction']",new_context_added,added,new_context_added added extra VLM context,,SEATBELT_D_OFF,1
2728,453885405,4882303786119917844,PER,"['SEATBELT_D_OFF', 'v_phone', 'v_distraction']",new_context_added,added,new_context_added added extra VLM context,,v_phone,1
2728,453885405,4882303786119917844,PER,"['SEATBELT_D_OFF', 'v_phone', 'v_distraction']",new_context_added,added,new_context_added added extra VLM context,,v_distraction,1
2729,437380121,4882303786119861671,PER,[],no_vlm_signal,no_change,VLM produced no usable event,,,0
2730,333545827,4882303786119859610,PER,['SEATBELT_D_OFF'],new_context_added,added,new_context_added added extra VLM context,,SEATBELT_D_OFF,1
2731,366763791,4882303786119849941,dHDG,['SEATBELT_D_OFF'],new_context_added,added,new_context_added added extra VLM context,,SEATBELT_D_OFF,1
2732,511466682,4882303786119836914,PER,[],no_vlm_signal,no_change,VLM produced no usable event,,,0
2733,435028160,4882303786119820536,v_phone,['v_phone'],confirmed,no_change,"original event stayed, no extra VLM event needed",,,0
2734,429536893,4882303786119764095,v_phone,['v_phone'],confirmed,no_change,"original event stayed, no extra VLM event needed",,,0
2735,523824244,4882303786119762213,v_phone,['v_phone'],confirmed,no_change,"original event stayed, no extra VLM event needed",,,0
2736,365598486,4882303786119731093,v_yawn,"['SEATBELT_D_OFF', 'v_fatigue']",refined,added,refined added extra VLM context,,SEATBELT_D_OFF,1
2736,365598486,4882303786119731093,v_yawn,"['SEATBELT_D_OFF', 'v_fatigue']",refined,added,refined added extra VLM context,,v_fatigue,1
2737,409223544,4882303786119727743,Ign OFF,"['SEATBELT_D_OFF', 'v_phone']",new_context_added,added,new_context_added added extra VLM context,,SEATBELT_D_OFF,1
2737,409223544,4882303786119727743,Ign OFF,"['SEATBELT_D_OFF', 'v_phone']",new_context_added,added,new_context_added added extra VLM context,,v_phone,1
2738,523821693,4882303786119724261,PER,[],no_vlm_signal,no_change,VLM produced no usable event,,,0
2739,322785930,4882303786119693223,v_Headway_Mon,[],no_vlm_signal,no_change,VLM produced no usable event,,,0
2740,437381828,4882303786119693213,PER,['SEATBELT_D_OFF'],new_context_added,added,new_context_added added extra VLM context,,SEATBELT_D_OFF,1
2741,365599055,4882303786119661200,PER,[],no_vlm_signal,no_change,VLM produced no usable event,,,0
2742,443749850,4882303786119594317,PER,['SEATBELT_D_OFF'],new_context_added,added,new_context_added added extra VLM context,,SEATBELT_D_OFF,1
2743,304246535,4882303786119578501,dHDG,['SEATBELT_D_OFF'],new_context_added,added,new_context_added added extra VLM context,,SEATBELT_D_OFF,1
2744,523824244,4882303786119568622,v_phone,['v_phone'],confirmed,no_change,"original event stayed, no extra VLM event needed",,,0
2745,466915879,4882303786119550703,PER,['SEATBELT_D_OFF'],new_context_added,added,new_context_added added extra VLM context,,SEATBELT_D_OFF,1
2746,523824244,4882303786119520995,v_distraction,[],not_confirmed,removed,"original event not confirmed by VLM, so it was removed",v_distraction,,1
2747,523824244,4882303786119514447,PER,[],no_vlm_signal,no_change,VLM produced no usable event,,,0
2748,509637688,4882303786119511616,PER,['v_phone'],new_context_added,added,new_context_added added extra VLM context,,v_phone,1
2749,435028160,4882303786119494756,Ign ON,[],no_vlm_signal,no_change,VLM produced no usable event,,,0
2750,511879248,4882303786119485650,PER,['SEATBELT_D_OFF'],new_context_added,added,new_context_added added extra VLM context,,SEATBELT_D_OFF,1
2751,373272248,4882303786119483365,PER,['SEATBELT_D_OFF'],new_context_added,added,new_context_added added extra VLM context,,SEATBELT_D_OFF,1
2752,509636042,4882303786119481040,dHDG,"['v_phone', 'v_distraction']",new_context_added,added,new_context_added added extra VLM context,,v_phone,1
2752,509636042,4882303786119481040,dHDG,"['v_phone', 'v_distraction']",new_context_added,added,new_context_added added extra VLM context,,v_distraction,1
2753,443657921,4882303786119466117,Ign ON,['SEATBELT_D_OFF'],new_context_added,added,new_context_added added extra VLM context,,SEATBELT_D_OFF,1
2754,336916651,4882303786119446413,PER,[],no_vlm_signal,no_change,VLM produced no usable event,,,0
2755,334154315,4882303786119416641,PER,"['SEATBELT_D_OFF', 'v_distraction']",new_context_added,added,new_context_added added extra VLM context,,SEATBELT_D_OFF,1
2755,334154315,4882303786119416641,PER,"['SEATBELT_D_OFF', 'v_distraction']",new_context_added,added,new_context_added added extra VLM context,,v_distraction,1
2756,523823859,4882303786119416253,PER,['SEATBELT_D_OFF'],new_context_added,added,new_context_added added extra VLM context,,SEATBELT_D_OFF,1
2757,509637769,4882303786119414683,PER,[],no_vlm_signal,no_change,VLM produced no usable event,,,0
2758,334148753,4882303786119404390,v_phone,['v_phone'],confirmed,no_change,"original event stayed, no extra VLM event needed",,,0
2759,337268755,4882303786119404183,PER,[],no_vlm_signal,no_change,VLM produced no usable event,,,0
2760,333584733,4882303786119342137,PER,['v_phone'],new_context_added,added,new_context_added added extra VLM context,,v_phone,1
2761,524596949,4882303786119338312,PER,[],no_vlm_signal,no_change,VLM produced no usable event,,,0
2762,507451763,4882303786119319202,PER,[],no_vlm_signal,no_change,VLM produced no usable event,,,0
2763,338306241,4882303786119295235,PER,['SEATBELT_D_OFF'],new_context_added,added,new_context_added added extra VLM context,,SEATBELT_D_OFF,1
2764,467597649,4882303786119272294,PER,[],no_vlm_signal,no_change,VLM produced no usable event,,,0
2765,229817878,4882303786119269090,dHDG,['SEATBELT_D_OFF'],new_context_added,added,new_context_added added extra VLM context,,SEATBELT_D_OFF,1
2766,460126729,4882303786119199824,PER,[],no_vlm_signal,no_change,VLM produced no usable event,,,0
2767,507271653,4882303786119197176,PER,[],no_vlm_signal,no_change,VLM produced no usable event,,,0
2768,513225962,4882303786119184609,Ign ON,['SEATBELT_D_OFF'],new_context_added,added,new_context_added added extra VLM context,,SEATBELT_D_OFF,1
2769,512990207,4882303786119157335,dHDG,[],no_vlm_signal,no_change,VLM produced no usable event,,,0
2770,453865293,4882303786119128962,Ign ON,['SEATBELT_D_OFF'],new_context_added,added,new_context_added added extra VLM context,,SEATBELT_D_OFF,1
2771,518311941,4882303786119127029,PER,"['SEATBELT_D_OFF', 'v_phone']",new_context_added,added,new_context_added added extra VLM context,,SEATBELT_D_OFF,1
2771,518311941,4882303786119127029,PER,"['SEATBELT_D_OFF', 'v_phone']",new_context_added,added,new_context_added added extra VLM context,,v_phone,1
2772,511461222,4882303786119053379,PER,[],no_vlm_signal,no_change,VLM produced no usable event,,,0
2773,366763791,4882303786119036133,dHDG,"['v_phone', 'v_distraction']",new_context_added,added,new_context_added added extra VLM context,,v_phone,1
2773,366763791,4882303786119036133,dHDG,"['v_phone', 'v_distraction']",new_context_added,added,new_context_added added extra VLM context,,v_distraction,1
2774,443744270,4882303786119029343,v_phone,['v_phone'],confirmed,no_change,"original event stayed, no extra VLM event needed",,,0
2775,509636074,4882303786119023516,PER,[],no_vlm_signal,no_change,VLM produced no usable event,,,0
2776,334148753,4882303786119020801,Ign ON,['SEATBELT_D_OFF'],new_context_added,added,new_context_added added extra VLM context,,SEATBELT_D_OFF,1
2777,229817878,4882303786119020325,v_phone,"['SEATBELT_D_OFF', 'v_phone']",refined,added,refined added extra VLM context,,SEATBELT_D_OFF,1
2778,509637851,4882303786118967994,PER,['SEATBELT_D_OFF'],new_context_added,added,new_context_added added extra VLM context,,SEATBELT_D_OFF,1
2779,458891357,4882303786118953890,PER,"['SEATBELT_D_OFF', 'v_distraction']",new_context_added,added,new_context_added added extra VLM context,,SEATBELT_D_OFF,1
2779,458891357,4882303786118953890,PER,"['SEATBELT_D_OFF', 'v_distraction']",new_context_added,added,new_context_added added extra VLM context,,v_distraction,1
2780,458748209,4882303786118952468,Ign ON,"['SEATBELT_D_OFF', 'v_distraction']",new_context_added,added,new_context_added added extra VLM context,,SEATBELT_D_OFF,1
2780,458748209,4882303786118952468,Ign ON,"['SEATBELT_D_OFF', 'v_distraction']",new_context_added,added,new_context_added added extra VLM context,,v_distraction,1
2781,509637738,4882303786118945723,dHDG,[],no_vlm_signal,no_change,VLM produced no usable event,,,0
2782,523821693,4882303786118945144,PER,[],no_vlm_signal,no_change,VLM produced no usable event,,,0
2783,511465936,4882303786118925648,Ign ON,['SEATBELT_D_OFF'],new_context_added,added,new_context_added added extra VLM context,,SEATBELT_D_OFF,1
2784,509637899,4882303786118921107,PER,"['SEATBELT_D_OFF', 'v_phone', 'v_distraction']",new_context_added,added,new_context_added added extra VLM context,,SEATBELT_D_OFF,1
2784,509637899,4882303786118921107,PER,"['SEATBELT_D_OFF', 'v_phone', 'v_distraction']",new_context_added,added,new_context_added added extra VLM context,,v_phone,1
2784,509637899,4882303786118921107,PER,"['SEATBELT_D_OFF', 'v_phone', 'v_distraction']",new_context_added,added,new_context_added added extra VLM context,,v_distraction,1
2785,334003979,4882303786118905006,Ign ON,['SEATBELT_D_OFF'],new_context_added,added,new_context_added added extra VLM context,,SEATBELT_D_OFF,1
2786,229817878,4882303786118883569,v_phone,"['SEATBELT_D_OFF', 'v_phone']",refined,added,refined added extra VLM context,,SEATBELT_D_OFF,1
2787,511468560,4882303786118878212,dHDG,"['v_phone', 'v_distraction']",new_context_added,added,new_context_added added extra VLM context,,v_phone,1
2787,511468560,4882303786118878212,dHDG,"['v_phone', 'v_distraction']",new_context_added,added,new_context_added added extra VLM context,,v_distraction,1
2788,458886154,4882303786118877646,dHDG,['SEATBELT_D_OFF'],new_context_added,added,new_context_added added extra VLM context,,SEATBELT_D_OFF,1
2789,322785930,4882303786118876843,PER,[],no_vlm_signal,no_change,VLM produced no usable event,,,0
2790,443717449,4882303786118870034,v_phone,['v_phone'],confirmed,no_change,"original event stayed, no extra VLM event needed",,,0
2791,443717449,4882303786118836034,PER,['SEATBELT_D_OFF'],new_context_added,added,new_context_added added extra VLM context,,SEATBELT_D_OFF,1
2792,453948326,4882303786118797701,v_phone,['v_phone'],confirmed,no_change,"original event stayed, no extra VLM event needed",,,0
2793,304246535,4882303786118781465,dHDG,['SEATBELT_D_OFF'],new_context_added,added,new_context_added added extra VLM context,,SEATBELT_D_OFF,1
2794,365598883,4882303786118780553,v_distraction,['SEATBELT_D_OFF'],contradicted,removed,VLM contradicted original telematics event — original removed,v_distraction,,1
2794,365598883,4882303786118780553,v_distraction,['SEATBELT_D_OFF'],contradicted,added,VLM contradicted original — replacement VLM event added,,SEATBELT_D_OFF,1
2795,415734364,4882303786118776437,PER,[],no_vlm_signal,no_change,VLM produced no usable event,,,0
2796,409223544,4882303786118748305,v_fatigue,['v_phone'],contradicted,removed,VLM contradicted original telematics event — original removed,v_fatigue,,1
2796,409223544,4882303786118748305,v_fatigue,['v_phone'],contradicted,added,VLM contradicted original — replacement VLM event added,,v_phone,1
2797,434850546,4882303786118731495,PER,['v_phone'],new_context_added,added,new_context_added added extra VLM context,,v_phone,1
2798,365598883,4882303786118713567,PER,['v_phone'],new_context_added,added,new_context_added added extra VLM context,,v_phone,1
2799,321626503,4882303786118687018,dHDG,[],no_vlm_signal,no_change,VLM produced no usable event,,,0
2800,509636042,4882303786118672432,PER,[],no_vlm_signal,no_change,VLM produced no usable event,,,0
2801,459506000,4882303786118665907,PER,['SEATBELT_D_OFF'],new_context_added,added,new_context_added added extra VLM context,,SEATBELT_D_OFF,1
2802,460126729,4882303786118644670,v_phone,['v_phone'],confirmed,no_change,"original event stayed, no extra VLM event needed",,,0
2803,453948326,4882303786118624156,v_phone,['v_phone'],confirmed,no_change,"original event stayed, no extra VLM event needed",,,0
2804,334008589,4882303786118621882,PER,['SEATBELT_D_OFF'],new_context_added,added,new_context_added added extra VLM context,,SEATBELT_D_OFF,1
2805,523824244,4882303786118614240,v_phone,['v_phone'],confirmed,no_change,"original event stayed, no extra VLM event needed",,,0
2806,338306241,4882303786118613484,v_phone,['v_phone'],confirmed,no_change,"original event stayed, no extra VLM event needed",,,0
2807,365670886,4882303786118610181,v_eye_closed,[],not_confirmed,removed,"original event not confirmed by VLM, so it was removed",v_eye_closed,,1
2808,337268755,4882303786118539767,PER,"['SEATBELT_D_OFF', 'v_phone', 'v_distraction']",new_context_added,added,new_context_added added extra VLM context,,SEATBELT_D_OFF,1
2808,337268755,4882303786118539767,PER,"['SEATBELT_D_OFF', 'v_phone', 'v_distraction']",new_context_added,added,new_context_added added extra VLM context,,v_phone,1
2808,337268755,4882303786118539767,PER,"['SEATBELT_D_OFF', 'v_phone', 'v_distraction']",new_context_added,added,new_context_added added extra VLM context,,v_distraction,1
2809,388775883,4882303786118536065,Ign ON,['SEATBELT_D_OFF'],new_context_added,added,new_context_added added extra VLM context,,SEATBELT_D_OFF,1
2810,459618013,4882303786118524883,Ign ON,['v_cam_covered'],new_context_added,added,new_context_added added extra VLM context,,v_cam_covered,1
2811,524596949,4882303786118522644,PER,['SEATBELT_D_OFF'],new_context_added,added,new_context_added added extra VLM context,,SEATBELT_D_OFF,1
2812,460126729,4882303786118512433,v_phone,['v_phone'],confirmed,no_change,"original event stayed, no extra VLM event needed",,,0
2813,409223544,4882303786118487272,dHDG,[],no_vlm_signal,no_change,VLM produced no usable event,,,0
2814,518312065,4882303786118468936,PER,[],no_vlm_signal,no_change,VLM produced no usable event,,,0
2815,229817878,4882303786118464843,PER,['SEATBELT_D_OFF'],new_context_added,added,new_context_added added extra VLM context,,SEATBELT_D_OFF,1
2816,524598261,4882303786118457267,Ign ON,[],no_vlm_signal,no_change,VLM produced no usable event,,,0
2817,443657921,4882303786118436249,PER,"['SEATBELT_D_OFF', 'v_phone', 'v_distraction']",new_context_added,added,new_context_added added extra VLM context,,SEATBELT_D_OFF,1
2817,443657921,4882303786118436249,PER,"['SEATBELT_D_OFF', 'v_phone', 'v_distraction']",new_context_added,added,new_context_added added extra VLM context,,v_phone,1
2817,443657921,4882303786118436249,PER,"['SEATBELT_D_OFF', 'v_phone', 'v_distraction']",new_context_added,added,new_context_added added extra VLM context,,v_distraction,1
2818,371660225,4882303786118433885,dHDG,['v_distraction'],new_context_added,added,new_context_added added extra VLM context,,v_distraction,1
2819,338306241,4882303786118422902,v_phone,['v_phone'],confirmed,no_change,"original event stayed, no extra VLM event needed",,,0
2820,371660225,4882303786118410291,v_phone,['v_phone'],confirmed,no_change,"original event stayed, no extra VLM event needed",,,0
2821,338306241,4882303786118386937,PER,['SEATBELT_D_OFF'],new_context_added,added,new_context_added added extra VLM context,,SEATBELT_D_OFF,1
2822,322641484,4882303786118384721,Ign ON,['SEATBELT_D_OFF'],new_context_added,added,new_context_added added extra VLM context,,SEATBELT_D_OFF,1
2823,460126729,4882303786118378082,v_phone,['v_phone'],confirmed,no_change,"original event stayed, no extra VLM event needed",,,0
2824,512990207,4882303786118363357,dHDG,"['v_phone', 'v_distraction']",new_context_added,added,new_context_added added extra VLM context,,v_phone,1
2824,512990207,4882303786118363357,dHDG,"['v_phone', 'v_distraction']",new_context_added,added,new_context_added added extra VLM context,,v_distraction,1
2825,507451763,4882303786118350749,GPS_Lock,[],no_vlm_signal,no_change,VLM produced no usable event,,,0
2826,511466682,4882303786118282376,PER,['SEATBELT_D_OFF'],new_context_added,added,new_context_added added extra VLM context,,SEATBELT_D_OFF,1
2827,443749850,4882303786118278699,dHDG,[],no_vlm_signal,no_change,VLM produced no usable event,,,0
2828,512994171,4882303786118277698,PER,"['v_phone', 'v_distraction']",new_context_added,added,new_context_added added extra VLM context,,v_phone,1
2828,512994171,4882303786118277698,PER,"['v_phone', 'v_distraction']",new_context_added,added,new_context_added added extra VLM context,,v_distraction,1
2829,366763791,4882303786118238863,dHDG,"['SEATBELT_D_OFF', 'v_phone', 'v_distraction']",new_context_added,added,new_context_added added extra VLM context,,SEATBELT_D_OFF,1
2829,366763791,4882303786118238863,dHDG,"['SEATBELT_D_OFF', 'v_phone', 'v_distraction']",new_context_added,added,new_context_added added extra VLM context,,v_phone,1
2829,366763791,4882303786118238863,dHDG,"['SEATBELT_D_OFF', 'v_phone', 'v_distraction']",new_context_added,added,new_context_added added extra VLM context,,v_distraction,1
2830,460126729,4882303786118233158,v_phone,['v_phone'],confirmed,no_change,"original event stayed, no extra VLM event needed",,,0
2831,509636074,4882303786118226441,PER,['v_phone'],new_context_added,added,new_context_added added extra VLM context,,v_phone,1
2832,523824244,4882303786118222542,v_distraction,[],not_confirmed,removed,"original event not confirmed by VLM, so it was removed",v_distraction,,1
2833,523824244,4882303786118222390,Ign ON,[],no_vlm_signal,no_change,VLM produced no usable event,,,0
2834,509637397,4882303786118208508,PER,['SEATBELT_D_OFF'],new_context_added,added,new_context_added added extra VLM context,,SEATBELT_D_OFF,1
2835,333584733,4882303786118145941,Ign ON,"['SEATBELT_D_OFF', 'v_phone']",new_context_added,added,new_context_added added extra VLM context,,SEATBELT_D_OFF,1
2835,333584733,4882303786118145941,Ign ON,"['SEATBELT_D_OFF', 'v_phone']",new_context_added,added,new_context_added added extra VLM context,,v_phone,1
2836,365670886,4882303786118145509,v_phone,['v_phone'],confirmed,no_change,"original event stayed, no extra VLM event needed",,,0
2837,509637738,4882303786118126494,Ign ON,['SEATBELT_D_OFF'],new_context_added,added,new_context_added added extra VLM context,,SEATBELT_D_OFF,1
2838,365670886,4882303786118125686,v_eye_closed,['v_phone'],contradicted,removed,VLM contradicted original telematics event — original removed,v_eye_closed,,1
2838,365670886,4882303786118125686,v_eye_closed,['v_phone'],contradicted,added,VLM contradicted original — replacement VLM event added,,v_phone,1
2839,371660225,4882303786118122455,v_phone,"['SEATBELT_D_OFF', 'v_phone']",refined,added,refined added extra VLM context,,SEATBELT_D_OFF,1
2840,334148753,4882303786118118703,Ign ON,['v_phone'],new_context_added,added,new_context_added added extra VLM context,,v_phone,1
2841,409223544,4882303786118118627,v_fatigue,['v_phone'],contradicted,removed,VLM contradicted original telematics event — original removed,v_fatigue,,1
2841,409223544,4882303786118118627,v_fatigue,['v_phone'],contradicted,added,VLM contradicted original — replacement VLM event added,,v_phone,1
2842,464367957,4882303786118114246,PER,[],no_vlm_signal,no_change,VLM produced no usable event,,,0
2843,458886154,4882303786118088365,PER,['SEATBELT_D_OFF'],new_context_added,added,new_context_added added extra VLM context,,SEATBELT_D_OFF,1
2844,511468560,4882303786118087761,PER,['SEATBELT_D_OFF'],new_context_added,added,new_context_added added extra VLM context,,SEATBELT_D_OFF,1
2845,460126729,4882303786118069326,v_phone,['v_phone'],confirmed,no_change,"original event stayed, no extra VLM event needed",,,0
2846,417516308,4882303786118061784,Ign ON,['v_phone'],new_context_added,added,new_context_added added extra VLM context,,v_phone,1
2847,518312835,4882303786118038635,PER,"['SEATBELT_D_OFF', 'v_phone', 'v_distraction']",new_context_added,added,new_context_added added extra VLM context,,SEATBELT_D_OFF,1
2847,518312835,4882303786118038635,PER,"['SEATBELT_D_OFF', 'v_phone', 'v_distraction']",new_context_added,added,new_context_added added extra VLM context,,v_phone,1
2847,518312835,4882303786118038635,PER,"['SEATBELT_D_OFF', 'v_phone', 'v_distraction']",new_context_added,added,new_context_added added extra VLM context,,v_distraction,1
2848,434850546,4882303786117958329,v_cam_covered,[],not_confirmed,removed,"original event not confirmed by VLM, so it was removed",v_cam_covered,,1
2849,333545827,4882303786117954527,dHDG,"['SEATBELT_D_OFF', 'v_phone']",new_context_added,added,new_context_added added extra VLM context,,SEATBELT_D_OFF,1
2849,333545827,4882303786117954527,dHDG,"['SEATBELT_D_OFF', 'v_phone']",new_context_added,added,new_context_added added extra VLM context,,v_phone,1
2850,460126729,4882303786117932033,v_phone,['v_phone'],confirmed,no_change,"original event stayed, no extra VLM event needed",,,0
2851,334008589,4882303786117926085,v_yawn,['SEATBELT_D_OFF'],contradicted,removed,VLM contradicted original telematics event — original removed,v_yawn,,1
2851,334008589,4882303786117926085,v_yawn,['SEATBELT_D_OFF'],contradicted,added,VLM contradicted original — replacement VLM event added,,SEATBELT_D_OFF,1
2852,523821830,4882303786117915772,PER,"['SEATBELT_D_OFF', 'v_phone', 'v_distraction']",new_context_added,added,new_context_added added extra VLM context,,SEATBELT_D_OFF,1
2852,523821830,4882303786117915772,PER,"['SEATBELT_D_OFF', 'v_phone', 'v_distraction']",new_context_added,added,new_context_added added extra VLM context,,v_phone,1
2852,523821830,4882303786117915772,PER,"['SEATBELT_D_OFF', 'v_phone', 'v_distraction']",new_context_added,added,new_context_added added extra VLM context,,v_distraction,1
2853,460126729,4882303786117874725,Ign ON,[],no_vlm_signal,no_change,VLM produced no usable event,,,0
2854,365670886,4882303786117864074,v_distraction,"['v_phone', 'v_distraction']",refined,added,refined added extra VLM context,,v_phone,1
2855,511465936,4882303786117860131,dHDG,['v_phone'],new_context_added,added,new_context_added added extra VLM context,,v_phone,1
2856,365670886,4882303786117854236,v_eye_closed,['v_phone'],contradicted,removed,VLM contradicted original telematics event — original removed,v_eye_closed,,1
2856,365670886,4882303786117854236,v_eye_closed,['v_phone'],contradicted,added,VLM contradicted original — replacement VLM event added,,v_phone,1
2857,334154315,4882303786117827373,v_phone,"['SEATBELT_D_OFF', 'v_phone']",refined,added,refined added extra VLM context,,SEATBELT_D_OFF,1
2858,523822483,4882303786117822937,PER,[],no_vlm_signal,no_change,VLM produced no usable event,,,0
2859,511642605,4882303786117811530,PER,[],no_vlm_signal,no_change,VLM produced no usable event,,,0
2860,365670886,4882303786117785926,PER,"['SEATBELT_D_OFF', 'v_phone', 'v_distraction']",new_context_added,added,new_context_added added extra VLM context,,SEATBELT_D_OFF,1
2860,365670886,4882303786117785926,PER,"['SEATBELT_D_OFF', 'v_phone', 'v_distraction']",new_context_added,added,new_context_added added extra VLM context,,v_phone,1
2860,365670886,4882303786117785926,PER,"['SEATBELT_D_OFF', 'v_phone', 'v_distraction']",new_context_added,added,new_context_added added extra VLM context,,v_distraction,1
2861,317984619,4882303786117779618,PER,['SEATBELT_D_OFF'],new_context_added,added,new_context_added added extra VLM context,,SEATBELT_D_OFF,1
2862,434850546,4882303786117778600,v_distraction,"['v_phone', 'v_distraction']",refined,added,refined added extra VLM context,,v_phone,1
2863,409223544,4882303786117745678,v_fatigue,['v_phone'],contradicted,removed,VLM contradicted original telematics event — original removed,v_fatigue,,1
2863,409223544,4882303786117745678,v_fatigue,['v_phone'],contradicted,added,VLM contradicted original — replacement VLM event added,,v_phone,1
2864,322784039,4882303786117743185,v_phone,"['SEATBELT_D_OFF', 'v_phone']",refined,added,refined added extra VLM context,,SEATBELT_D_OFF,1
2865,229817878,4882303786117725371,v_phone,['v_phone'],confirmed,no_change,"original event stayed, no extra VLM event needed",,,0
2866,409223544,4882303786117716787,PER,"['SEATBELT_D_OFF', 'v_phone', 'v_distraction']",new_context_added,added,new_context_added added extra VLM context,,SEATBELT_D_OFF,1
2866,409223544,4882303786117716787,PER,"['SEATBELT_D_OFF', 'v_phone', 'v_distraction']",new_context_added,added,new_context_added added extra VLM context,,v_phone,1
2866,409223544,4882303786117716787,PER,"['SEATBELT_D_OFF', 'v_phone', 'v_distraction']",new_context_added,added,new_context_added added extra VLM context,,v_distraction,1
2867,334154315,4882303786117706000,v_yawn,['v_fatigue'],refined,added,refined added extra VLM context,,v_fatigue,1
2868,373272248,4882303786117667645,GPS_Lock,[],no_vlm_signal,no_change,VLM produced no usable event,,,0
2869,518311941,4882303786117663902,dHDG,[],no_vlm_signal,no_change,VLM produced no usable event,,,0
2870,443657921,4882303786117637703,Ign ON,['SEATBELT_D_OFF'],new_context_added,added,new_context_added added extra VLM context,,SEATBELT_D_OFF,1
2871,371660225,4882303786117636508,PER,[],no_vlm_signal,no_change,VLM produced no usable event,,,0
2872,513234561,4882303786117623256,PER,"['SEATBELT_D_OFF', 'v_distraction']",new_context_added,added,new_context_added added extra VLM context,,SEATBELT_D_OFF,1
2872,513234561,4882303786117623256,PER,"['SEATBELT_D_OFF', 'v_distraction']",new_context_added,added,new_context_added added extra VLM context,,v_distraction,1
2873,443668611,4882303786117601628,PER,[],no_vlm_signal,no_change,VLM produced no usable event,,,0
2874,459503546,4882303786117597333,PER,"['SEATBELT_D_OFF', 'v_phone']",new_context_added,added,new_context_added added extra VLM context,,SEATBELT_D_OFF,1
2874,459503546,4882303786117597333,PER,"['SEATBELT_D_OFF', 'v_phone']",new_context_added,added,new_context_added added extra VLM context,,v_phone,1
2875,509637553,4882303786117576592,PER,['SEATBELT_D_OFF'],new_context_added,added,new_context_added added extra VLM context,,SEATBELT_D_OFF,1
2876,229817878,4882303786117564414,v_distraction,"['SEATBELT_D_OFF', 'v_phone', 'v_distraction']",refined,added,refined added extra VLM context,,SEATBELT_D_OFF,1
2876,229817878,4882303786117564414,v_distraction,"['SEATBELT_D_OFF', 'v_phone', 'v_distraction']",refined,added,refined added extra VLM context,,v_phone,1
2877,464368268,4882303786117558707,PER,"['SEATBELT_D_OFF', 'v_phone']",new_context_added,added,new_context_added added extra VLM context,,SEATBELT_D_OFF,1
2877,464368268,4882303786117558707,PER,"['SEATBELT_D_OFF', 'v_phone']",new_context_added,added,new_context_added added extra VLM context,,v_phone,1
2878,338306241,4882303786117552696,PER,[],no_vlm_signal,no_change,VLM produced no usable event,,,0
2879,317984438,4882303786117544862,v_phone,['v_phone'],confirmed,no_change,"original event stayed, no extra VLM event needed",,,0
2880,459618013,4882303786117530597,PER,['v_cam_covered'],new_context_added,added,new_context_added added extra VLM context,,v_cam_covered,1
2881,229817878,4882303786117519612,PER,['SEATBELT_D_OFF'],new_context_added,added,new_context_added added extra VLM context,,SEATBELT_D_OFF,1
2882,434850546,4882303786117506866,PER,"['SEATBELT_D_OFF', 'v_phone']",new_context_added,added,new_context_added added extra VLM context,,SEATBELT_D_OFF,1
2882,434850546,4882303786117506866,PER,"['SEATBELT_D_OFF', 'v_phone']",new_context_added,added,new_context_added added extra VLM context,,v_phone,1
2883,443749850,4882303786117501894,Ign ON,[],no_vlm_signal,no_change,VLM produced no usable event,,,0
2884,511461222,4882303786117476336,PER,[],no_vlm_signal,no_change,VLM produced no usable event,,,0
2885,511633709,4882303786117469430,dHDG,[],no_vlm_signal,no_change,VLM produced no usable event,,,0
2886,366763791,4882303786117430802,Ign ON,['SEATBELT_D_OFF'],new_context_added,added,new_context_added added extra VLM context,,SEATBELT_D_OFF,1
2887,337268755,4882303786117426465,PER,[],no_vlm_signal,no_change,VLM produced no usable event,,,0
2888,422017575,4882303786117420639,PER,[],no_vlm_signal,no_change,VLM produced no usable event,,,0
2889,523822117,4882303786117405301,PER,['SEATBELT_D_OFF'],new_context_added,added,new_context_added added extra VLM context,,SEATBELT_D_OFF,1
2890,513225962,4882303786117404304,PER,['v_phone'],new_context_added,added,new_context_added added extra VLM context,,v_phone,1
2891,467597649,4882303786117393831,Ign ON,[],no_vlm_signal,no_change,VLM produced no usable event,,,0
2892,317984438,4882303786117392795,PER,['SEATBELT_D_OFF'],new_context_added,added,new_context_added added extra VLM context,,SEATBELT_D_OFF,1
2893,507271653,4882303786117386170,dHDG,[],no_vlm_signal,no_change,VLM produced no usable event,,,0
2894,524596949,4882303786117374456,PER,[],no_vlm_signal,no_change,VLM produced no usable event,,,0
2895,365670886,4882303786117351390,v_eye_closed,[],not_confirmed,removed,"original event not confirmed by VLM, so it was removed",v_eye_closed,,1
2896,336854753,4882303786117320772,v_phone,['v_phone'],confirmed,no_change,"original event stayed, no extra VLM event needed",,,0
2897,338306241,4882303786117292211,v_phone,['v_phone'],confirmed,no_change,"original event stayed, no extra VLM event needed",,,0
2898,464367957,4882303786117283976,PER,['SEATBELT_D_OFF'],new_context_added,added,new_context_added added extra VLM context,,SEATBELT_D_OFF,1
2899,459506000,4882303786117276179,Ign ON,['SEATBELT_D_OFF'],new_context_added,added,new_context_added added extra VLM context,,SEATBELT_D_OFF,1
2900,458886154,4882303786117266820,dHDG,['v_phone'],new_context_added,added,new_context_added added extra VLM context,,v_phone,1
2901,365670886,4882303786117253964,v_phone,['v_phone'],confirmed,no_change,"original event stayed, no extra VLM event needed",,,0
2902,511897418,4882303786117247713,PER,[],no_vlm_signal,no_change,VLM produced no usable event,,,0
2903,304246535,4882303786117233081,v_distraction,['SEATBELT_D_OFF'],contradicted,removed,VLM contradicted original telematics event — original removed,v_distraction,,1
2903,304246535,4882303786117233081,v_distraction,['SEATBELT_D_OFF'],contradicted,added,VLM contradicted original — replacement VLM event added,,SEATBELT_D_OFF,1
2904,454270937,4882303786117207680,v_phone,['v_phone'],confirmed,no_change,"original event stayed, no extra VLM event needed",,,0
2905,454270937,4882303786117182338,PER,[],no_vlm_signal,no_change,VLM produced no usable event,,,0
2906,509636074,4882303786117163939,dHDG,[],no_vlm_signal,no_change,VLM produced no usable event,,,0
2907,460126455,4882303786117163172,Ign ON,['SEATBELT_D_OFF'],new_context_added,added,new_context_added added extra VLM context,,SEATBELT_D_OFF,1
2908,322784039,4882303786117150849,PER,"['v_phone', 'v_distraction']",new_context_added,added,new_context_added added extra VLM context,,v_phone,1
2908,322784039,4882303786117150849,PER,"['v_phone', 'v_distraction']",new_context_added,added,new_context_added added extra VLM context,,v_distraction,1
2909,437380121,4882303786117146236,PER,[],no_vlm_signal,no_change,VLM produced no usable event,,,0
2910,436759512,4882303786117125325,dHDG,[],no_vlm_signal,no_change,VLM produced no usable event,,,0
2911,333545827,4882303786117119230,PER,['v_phone'],new_context_added,added,new_context_added added extra VLM context,,v_phone,1
2912,336854753,4882303786117108378,v_distraction,"['SEATBELT_D_OFF', 'v_phone']",contradicted,removed,VLM contradicted original telematics event — original removed,v_distraction,,1
2912,336854753,4882303786117108378,v_distraction,"['SEATBELT_D_OFF', 'v_phone']",contradicted,added,VLM contradicted original — replacement VLM event added,,SEATBELT_D_OFF,1
2912,336854753,4882303786117108378,v_distraction,"['SEATBELT_D_OFF', 'v_phone']",contradicted,added,VLM contradicted original — replacement VLM event added,,v_phone,1
2913,507451763,4882303786117104977,dHDG,[],no_vlm_signal,no_change,VLM produced no usable event,,,0
2914,365670886,4882303786117103963,v_eye_closed,[],not_confirmed,removed,"original event not confirmed by VLM, so it was removed",v_eye_closed,,1
2915,509637652,4882303786117102961,Ign ON,[],no_vlm_signal,no_change,VLM produced no usable event,,,0
2916,443717449,4882303786117094377,Ign ON,['SEATBELT_D_OFF'],new_context_added,added,new_context_added added extra VLM context,,SEATBELT_D_OFF,1
2917,333211468,4882303786117079214,v_distraction,[],not_confirmed,removed,"original event not confirmed by VLM, so it was removed",v_distraction,,1
2918,523823149,4882303786117060071,PER,['SEATBELT_D_OFF'],new_context_added,added,new_context_added added extra VLM context,,SEATBELT_D_OFF,1
2919,334008589,4882303786117038426,v_phone,"['SEATBELT_D_OFF', 'v_phone']",refined,added,refined added extra VLM context,,SEATBELT_D_OFF,1
2920,460126729,4882303786117032896,v_phone,['v_phone'],confirmed,no_change,"original event stayed, no extra VLM event needed",,,0
2921,334008589,4882303786117020719,v_yawn,[],not_confirmed,removed,"original event not confirmed by VLM, so it was removed",v_yawn,,1
2922,509637769,4882303786116998793,Ign ON,[],no_vlm_signal,no_change,VLM produced no usable event,,,0
2923,523822483,4882303786116986803,PER,['v_phone'],new_context_added,added,new_context_added added extra VLM context,,v_phone,1
2924,443744270,4882303786116974936,v_phone,"['SEATBELT_D_OFF', 'v_phone']",refined,added,refined added extra VLM context,,SEATBELT_D_OFF,1
2925,443744270,4882303786116958040,PER,"['SEATBELT_D_OFF', 'v_phone', 'v_distraction']",new_context_added,added,new_context_added added extra VLM context,,SEATBELT_D_OFF,1
2925,443744270,4882303786116958040,PER,"['SEATBELT_D_OFF', 'v_phone', 'v_distraction']",new_context_added,added,new_context_added added extra VLM context,,v_phone,1
2925,443744270,4882303786116958040,PER,"['SEATBELT_D_OFF', 'v_phone', 'v_distraction']",new_context_added,added,new_context_added added extra VLM context,,v_distraction,1
2926,338306241,4882303786116946465,v_phone,['v_phone'],confirmed,no_change,"original event stayed, no extra VLM event needed",,,0
2927,466968443,4882303786116944339,PER,['SEATBELT_D_OFF'],new_context_added,added,new_context_added added extra VLM context,,SEATBELT_D_OFF,1
2928,415734364,4882303786116939369,Ign ON,['SEATBELT_D_OFF'],new_context_added,added,new_context_added added extra VLM context,,SEATBELT_D_OFF,1
2929,333211468,4882303786116915176,dHDG,[],no_vlm_signal,no_change,VLM produced no usable event,,,0
2930,464868635,4882303786116895447,v_phone,['v_phone'],confirmed,no_change,"original event stayed, no extra VLM event needed",,,0
2931,365599055,4882303786116872516,PER,"['v_phone', 'v_distraction']",new_context_added,added,new_context_added added extra VLM context,,v_phone,1
2931,365599055,4882303786116872516,PER,"['v_phone', 'v_distraction']",new_context_added,added,new_context_added added extra VLM context,,v_distraction,1
2932,453948326,4882303786116872445,PER,[],no_vlm_signal,no_change,VLM produced no usable event,,,0
2933,334008589,4882303786116863908,v_yawn,[],not_confirmed,removed,"original event not confirmed by VLM, so it was removed",v_yawn,,1
2934,518312835,4882303786116855909,PER,"['SEATBELT_D_OFF', 'v_phone', 'v_distraction']",new_context_added,added,new_context_added added extra VLM context,,SEATBELT_D_OFF,1
2934,518312835,4882303786116855909,PER,"['SEATBELT_D_OFF', 'v_phone', 'v_distraction']",new_context_added,added,new_context_added added extra VLM context,,v_phone,1
2934,518312835,4882303786116855909,PER,"['SEATBELT_D_OFF', 'v_phone', 'v_distraction']",new_context_added,added,new_context_added added extra VLM context,,v_distraction,1
2935,322784039,4882303786116829086,v_phone,['v_phone'],confirmed,no_change,"original event stayed, no extra VLM event needed",,,0
2936,365670886,4882303786116813059,v_eye_closed,[],not_confirmed,removed,"original event not confirmed by VLM, so it was removed",v_eye_closed,,1
2937,443744270,4882303786116809528,v_phone,['v_phone'],confirmed,no_change,"original event stayed, no extra VLM event needed",,,0
2938,459505768,4882303786116794224,PER,['SEATBELT_D_OFF'],new_context_added,added,new_context_added added extra VLM context,,SEATBELT_D_OFF,1
2939,336854753,4882303786116768262,v_distraction,['SEATBELT_D_OFF'],contradicted,removed,VLM contradicted original telematics event — original removed,v_distraction,,1
2939,336854753,4882303786116768262,v_distraction,['SEATBELT_D_OFF'],contradicted,added,VLM contradicted original — replacement VLM event added,,SEATBELT_D_OFF,1
2940,338306241,4882303786116758581,v_phone,['v_phone'],confirmed,no_change,"original event stayed, no extra VLM event needed",,,0
2941,334008589,4882303786116701699,v_phone,"['SEATBELT_D_OFF', 'v_phone']",refined,added,refined added extra VLM context,,SEATBELT_D_OFF,1
2942,334008589,4882303786116699735,v_yawn,['v_phone'],contradicted,removed,VLM contradicted original telematics event — original removed,v_yawn,,1
2942,334008589,4882303786116699735,v_yawn,['v_phone'],contradicted,added,VLM contradicted original — replacement VLM event added,,v_phone,1
2943,333211468,4882303786116685790,v_phone,['v_phone'],confirmed,no_change,"original event stayed, no extra VLM event needed",,,0
2944,453865293,4882303786116680925,PER,['SEATBELT_D_OFF'],new_context_added,added,new_context_added added extra VLM context,,SEATBELT_D_OFF,1
2945,365670886,4882303786116675437,v_eye_closed,['v_phone'],contradicted,removed,VLM contradicted original telematics event — original removed,v_eye_closed,,1
2945,365670886,4882303786116675437,v_eye_closed,['v_phone'],contradicted,added,VLM contradicted original — replacement VLM event added,,v_phone,1
2946,443744270,4882303786116673512,v_phone,['v_phone'],confirmed,no_change,"original event stayed, no extra VLM event needed",,,0
2947,365670886,4882303786116650954,v_phone,"['SEATBELT_D_OFF', 'v_phone']",refined,added,refined added extra VLM context,,SEATBELT_D_OFF,1
2948,511633709,4882303786116639547,PER,"['SEATBELT_D_OFF', 'v_phone', 'v_distraction']",new_context_added,added,new_context_added added extra VLM context,,SEATBELT_D_OFF,1
2948,511633709,4882303786116639547,PER,"['SEATBELT_D_OFF', 'v_phone', 'v_distraction']",new_context_added,added,new_context_added added extra VLM context,,v_phone,1
2948,511633709,4882303786116639547,PER,"['SEATBELT_D_OFF', 'v_phone', 'v_distraction']",new_context_added,added,new_context_added added extra VLM context,,v_distraction,1
2949,429536893,4882303786116632045,v_phone,['v_phone'],confirmed,no_change,"original event stayed, no extra VLM event needed",,,0
2950,507451763,4882303786116606595,v_phone,['v_phone'],confirmed,no_change,"original event stayed, no extra VLM event needed",,,0
2951,458891357,4882303786116595904,PER,[],no_vlm_signal,no_change,VLM produced no usable event,,,0
2952,507271653,4882303786116590186,Ign ON,[],no_vlm_signal,no_change,VLM produced no usable event,,,0
2953,429576946,4882303786116576298,v_phone,"['SEATBELT_D_OFF', 'v_phone']",refined,added,refined added extra VLM context,,SEATBELT_D_OFF,1
2954,429576946,4882303786116549520,Ign ON,"['v_phone', 'v_distraction']",new_context_added,added,new_context_added added extra VLM context,,v_phone,1
2954,429576946,4882303786116549520,Ign ON,"['v_phone', 'v_distraction']",new_context_added,added,new_context_added added extra VLM context,,v_distraction,1
2955,443744270,4882303786116543802,v_phone,['v_phone'],confirmed,no_change,"original event stayed, no extra VLM event needed",,,0
2956,443744270,4882303786116516415,v_fatigue,[],not_confirmed,removed,"original event not confirmed by VLM, so it was removed",v_fatigue,,1
2957,509637523,4882303786116512392,Ign ON,['v_phone'],new_context_added,added,new_context_added added extra VLM context,,v_phone,1
2958,317984438,4882303786116484238,Ign ON,['SEATBELT_D_OFF'],new_context_added,added,new_context_added added extra VLM context,,SEATBELT_D_OFF,1
2959,464367957,4882303786116432521,PER,[],no_vlm_signal,no_change,VLM produced no usable event,,,0
2960,511897418,4882303786116426782,PER,[],no_vlm_signal,no_change,VLM produced no usable event,,,0
2961,411962094,4882303786116425501,PER,[],no_vlm_signal,no_change,VLM produced no usable event,,,0
2962,388775883,4882303786116392580,PER,[],no_vlm_signal,no_change,VLM produced no usable event,,,0
2963,312741040,4882303786116377025,PER,"['SEATBELT_D_OFF', 'v_phone']",new_context_added,added,new_context_added added extra VLM context,,SEATBELT_D_OFF,1
2963,312741040,4882303786116377025,PER,"['SEATBELT_D_OFF', 'v_phone']",new_context_added,added,new_context_added added extra VLM context,,v_phone,1
2964,417516308,4882303786116363392,PER,[],no_vlm_signal,no_change,VLM produced no usable event,,,0
2965,336854753,4882303786116360347,v_distraction,['SEATBELT_D_OFF'],contradicted,removed,VLM contradicted original telematics event — original removed,v_distraction,,1
2965,336854753,4882303786116360347,v_distraction,['SEATBELT_D_OFF'],contradicted,added,VLM contradicted original — replacement VLM event added,,SEATBELT_D_OFF,1
2966,322784039,4882303786116347000,v_phone,"['SEATBELT_D_OFF', 'v_phone']",refined,added,refined added extra VLM context,,SEATBELT_D_OFF,1
2967,523822117,4882303786116335148,Ign ON,[],no_vlm_signal,no_change,VLM produced no usable event,,,0
2968,322784039,4882303786116313561,v_fatigue,['SEATBELT_D_OFF'],contradicted,removed,VLM contradicted original telematics event — original removed,v_fatigue,,1
2968,322784039,4882303786116313561,v_fatigue,['SEATBELT_D_OFF'],contradicted,added,VLM contradicted original — replacement VLM event added,,SEATBELT_D_OFF,1
2969,507451763,4882303786116312810,v_phone,['v_phone'],confirmed,no_change,"original event stayed, no extra VLM event needed",,,0
2970,513225962,4882303786116297293,Ign ON,['SEATBELT_D_OFF'],new_context_added,added,new_context_added added extra VLM context,,SEATBELT_D_OFF,1
2971,511471809,4882303786116295733,dHDG,[],no_vlm_signal,no_change,VLM produced no usable event,,,0
2972,422017575,4882303786116290865,PER,[],no_vlm_signal,no_change,VLM produced no usable event,,,0
2973,429536893,4882303786116285174,v_phone,['v_phone'],confirmed,no_change,"original event stayed, no extra VLM event needed",,,0
2974,507451763,4882303786116279290,PER,['v_phone'],new_context_added,added,new_context_added added extra VLM context,,v_phone,1
2975,429536893,4882303786116267976,PER,"['SEATBELT_D_OFF', 'v_phone', 'v_distraction']",new_context_added,added,new_context_added added extra VLM context,,SEATBELT_D_OFF,1
2975,429536893,4882303786116267976,PER,"['SEATBELT_D_OFF', 'v_phone', 'v_distraction']",new_context_added,added,new_context_added added extra VLM context,,v_phone,1
2975,429536893,4882303786116267976,PER,"['SEATBELT_D_OFF', 'v_phone', 'v_distraction']",new_context_added,added,new_context_added added extra VLM context,,v_distraction,1
2976,509637948,4882303786116215363,Ign ON,['SEATBELT_D_OFF'],new_context_added,added,new_context_added added extra VLM context,,SEATBELT_D_OFF,1
2977,304246535,4882303786116213022,dHDG,['SEATBELT_D_OFF'],new_context_added,added,new_context_added added extra VLM context,,SEATBELT_D_OFF,1
2978,337268755,4882303786116211108,dHDG,[],no_vlm_signal,no_change,VLM produced no usable event,,,0
2979,509636684,4882303786116210752,Ign ON,"['SEATBELT_D_OFF', 'v_phone']",new_context_added,added,new_context_added added extra VLM context,,SEATBELT_D_OFF,1
2979,509636684,4882303786116210752,Ign ON,"['SEATBELT_D_OFF', 'v_phone']",new_context_added,added,new_context_added added extra VLM context,,v_phone,1
2980,443744270,4882303786116179704,v_phone,['v_phone'],confirmed,no_change,"original event stayed, no extra VLM event needed",,,0
2981,523824244,4882303786116174099,v_phone,['v_phone'],confirmed,no_change,"original event stayed, no extra VLM event needed",,,0
2982,229817878,4882303786116167116,dHDG,['v_phone'],new_context_added,added,new_context_added added extra VLM context,,v_phone,1
2983,443744270,4882303786116144253,PER,"['SEATBELT_D_OFF', 'v_phone', 'v_distraction']",new_context_added,added,new_context_added added extra VLM context,,SEATBELT_D_OFF,1
2983,443744270,4882303786116144253,PER,"['SEATBELT_D_OFF', 'v_phone', 'v_distraction']",new_context_added,added,new_context_added added extra VLM context,,v_phone,1
2983,443744270,4882303786116144253,PER,"['SEATBELT_D_OFF', 'v_phone', 'v_distraction']",new_context_added,added,new_context_added added extra VLM context,,v_distraction,1
2984,338306241,4882303786116130259,v_phone,['v_phone'],confirmed,no_change,"original event stayed, no extra VLM event needed",,,0
2985,459505768,4882303786116120054,Ign ON,['SEATBELT_D_OFF'],new_context_added,added,new_context_added added extra VLM context,,SEATBELT_D_OFF,1
2986,458181322,4882303786116111032,PER,['SEATBELT_D_OFF'],new_context_added,added,new_context_added added extra VLM context,,SEATBELT_D_OFF,1
2987,454270937,4882303786116104355,v_phone,['v_phone'],confirmed,no_change,"original event stayed, no extra VLM event needed",,,0
2988,511468560,4882303786116103432,dHDG,[],no_vlm_signal,no_change,VLM produced no usable event,,,0
2989,453948326,4882303786116102891,v_phone,"['SEATBELT_D_OFF', 'v_phone']",refined,added,refined added extra VLM context,,SEATBELT_D_OFF,1
2990,453948326,4882303786116075447,PER,['SEATBELT_D_OFF'],new_context_added,added,new_context_added added extra VLM context,,SEATBELT_D_OFF,1
2991,512990207,4882303786116058757,PER,[],no_vlm_signal,no_change,VLM produced no usable event,,,0
2992,333584194,4882303786116044378,v_phone,['v_phone'],confirmed,no_change,"original event stayed, no extra VLM event needed",,,0
2993,464397351,4882303786116042254,dHDG,['v_phone'],new_context_added,added,new_context_added added extra VLM context,,v_phone,1
2994,460126901,4882303786116031623,v_phone,"['SEATBELT_D_OFF', 'v_phone']",refined,added,refined added extra VLM context,,SEATBELT_D_OFF,1
2995,523824244,4882303786115997151,v_phone,['v_phone'],confirmed,no_change,"original event stayed, no extra VLM event needed",,,0
2996,524598261,4882303786115989684,PER,['SEATBELT_D_OFF'],new_context_added,added,new_context_added added extra VLM context,,SEATBELT_D_OFF,1
2997,460126729,4882303786115989628,v_phone,['v_phone'],confirmed,no_change,"original event stayed, no extra VLM event needed",,,0
2998,365598883,4882303786115985128,Ign ON,['SEATBELT_D_OFF'],new_context_added,added,new_context_added added extra VLM context,,SEATBELT_D_OFF,1
2999,456979367,4882303786115979196,dHDG,[],no_vlm_signal,no_change,VLM produced no usable event,,,0
3000,518312835,4882303786115974960,PER,"['SEATBELT_D_OFF', 'v_phone']",new_context_added,added,new_context_added added extra VLM context,,SEATBELT_D_OFF,1
3000,518312835,4882303786115974960,PER,"['SEATBELT_D_OFF', 'v_phone']",new_context_added,added,new_context_added added extra VLM context,,v_phone,1
3001,459506928,4882303786115926410,PER,[],no_vlm_signal,no_change,VLM produced no usable event,,,0
3002,322784039,4882303786115908575,v_phone,['v_phone'],confirmed,no_change,"original event stayed, no extra VLM event needed",,,0
3003,333584194,4882303786115903823,v_phone,['v_phone'],confirmed,no_change,"original event stayed, no extra VLM event needed",,,0
3004,523824244,4882303786115894238,v_eye_closed,[],not_confirmed,removed,"original event not confirmed by VLM, so it was removed",v_eye_closed,,1
3005,437381828,4882303786115892893,PER,[],no_vlm_signal,no_change,VLM produced no usable event,,,0
3006,523824244,4882303786115884458,v_distraction,[],not_confirmed,removed,"original event not confirmed by VLM, so it was removed",v_distraction,,1
3007,333545827,4882303786115882428,PER,"['SEATBELT_D_OFF', 'v_phone']",new_context_added,added,new_context_added added extra VLM context,,SEATBELT_D_OFF,1
3007,333545827,4882303786115882428,PER,"['SEATBELT_D_OFF', 'v_phone']",new_context_added,added,new_context_added added extra VLM context,,v_phone,1
3008,460126729,4882303786115857425,v_phone,['v_phone'],confirmed,no_change,"original event stayed, no extra VLM event needed",,,0
3009,464368268,4882303786115849580,PER,"['SEATBELT_D_OFF', 'v_phone', 'v_distraction']",new_context_added,added,new_context_added added extra VLM context,,SEATBELT_D_OFF,1
3009,464368268,4882303786115849580,PER,"['SEATBELT_D_OFF', 'v_phone', 'v_distraction']",new_context_added,added,new_context_added added extra VLM context,,v_phone,1
3009,464368268,4882303786115849580,PER,"['SEATBELT_D_OFF', 'v_phone', 'v_distraction']",new_context_added,added,new_context_added added extra VLM context,,v_distraction,1
3010,336854753,4882303786115839846,dHDG,[],no_vlm_signal,no_change,VLM produced no usable event,,,0
3011,509636557,4882303786115833679,PER,[],no_vlm_signal,no_change,VLM produced no usable event,,,0
3012,511879248,4882303786115833318,PER,['SEATBELT_D_OFF'],new_context_added,added,new_context_added added extra VLM context,,SEATBELT_D_OFF,1
3013,509637851,4882303786115825901,PER,"['SEATBELT_D_OFF', 'v_phone', 'v_distraction']",new_context_added,added,new_context_added added extra VLM context,,SEATBELT_D_OFF,1
3013,509637851,4882303786115825901,PER,"['SEATBELT_D_OFF', 'v_phone', 'v_distraction']",new_context_added,added,new_context_added added extra VLM context,,v_phone,1
3013,509637851,4882303786115825901,PER,"['SEATBELT_D_OFF', 'v_phone', 'v_distraction']",new_context_added,added,new_context_added added extra VLM context,,v_distraction,1
3014,365599055,4882303786115823495,dHDG,"['v_phone', 'v_distraction']",new_context_added,added,new_context_added added extra VLM context,,v_phone,1
3014,365599055,4882303786115823495,dHDG,"['v_phone', 'v_distraction']",new_context_added,added,new_context_added added extra VLM context,,v_distraction,1
3015,511879208,4882303786115816814,Ign ON,[],no_vlm_signal,no_change,VLM produced no usable event,,,0
3016,460126901,4882303786115794704,PER,"['SEATBELT_D_OFF', 'v_phone']",new_context_added,added,new_context_added added extra VLM context,,SEATBELT_D_OFF,1
3016,460126901,4882303786115794704,PER,"['SEATBELT_D_OFF', 'v_phone']",new_context_added,added,new_context_added added extra VLM context,,v_phone,1
3017,523824244,4882303786115791749,v_phone,['v_phone'],confirmed,no_change,"original event stayed, no extra VLM event needed",,,0
3018,229817878,4882303786115785037,v_fatigue,[],not_confirmed,removed,"original event not confirmed by VLM, so it was removed",v_fatigue,,1
3019,304246535,4882303786115783829,v_distraction,['SEATBELT_D_OFF'],contradicted,removed,VLM contradicted original telematics event — original removed,v_distraction,,1
3019,304246535,4882303786115783829,v_distraction,['SEATBELT_D_OFF'],contradicted,added,VLM contradicted original — replacement VLM event added,,SEATBELT_D_OFF,1
3020,443749850,4882303786115767260,PER,['SEATBELT_D_OFF'],new_context_added,added,new_context_added added extra VLM context,,SEATBELT_D_OFF,1
3021,523823149,4882303786115764787,PER,"['SEATBELT_D_OFF', 'v_phone']",new_context_added,added,new_context_added added extra VLM context,,SEATBELT_D_OFF,1
3021,523823149,4882303786115764787,PER,"['SEATBELT_D_OFF', 'v_phone']",new_context_added,added,new_context_added added extra VLM context,,v_phone,1
3022,511642605,4882303786115761276,dHDG,[],no_vlm_signal,no_change,VLM produced no usable event,,,0
3023,338306241,4882303786115760984,PER,[],no_vlm_signal,no_change,VLM produced no usable event,,,0
3024,415734364,4882303786115757516,Ign ON,[],no_vlm_signal,no_change,VLM produced no usable event,,,0
3025,460126729,4882303786115727720,v_phone,['v_phone'],confirmed,no_change,"original event stayed, no extra VLM event needed",,,0
3026,523824244,4882303786115701206,v_distraction,"['SEATBELT_D_OFF', 'v_phone', 'v_distraction']",refined,added,refined added extra VLM context,,SEATBELT_D_OFF,1
3026,523824244,4882303786115701206,v_distraction,"['SEATBELT_D_OFF', 'v_phone', 'v_distraction']",refined,added,refined added extra VLM context,,v_phone,1
3027,523824244,4882303786115701015,Ign ON,"['SEATBELT_D_OFF', 'v_phone', 'v_distraction']",new_context_added,added,new_context_added added extra VLM context,,SEATBELT_D_OFF,1
3027,523824244,4882303786115701015,Ign ON,"['SEATBELT_D_OFF', 'v_phone', 'v_distraction']",new_context_added,added,new_context_added added extra VLM context,,v_phone,1
3027,523824244,4882303786115701015,Ign ON,"['SEATBELT_D_OFF', 'v_phone', 'v_distraction']",new_context_added,added,new_context_added added extra VLM context,,v_distraction,1
3028,459503546,4882303786115678970,PER,[],no_vlm_signal,no_change,VLM produced no usable event,,,0
3029,511897418,4882303786115639511,dHDG,[],no_vlm_signal,no_change,VLM produced no usable event,,,0
3030,322784039,4882303786115584345,Ign ON,[],no_vlm_signal,no_change,VLM produced no usable event,,,0
3031,511461222,4882303786115544580,PER,[],no_vlm_signal,no_change,VLM produced no usable event,,,0
3032,511471809,4882303786115541762,PER,"['SEATBELT_D_OFF', 'v_distraction']",new_context_added,added,new_context_added added extra VLM context,,SEATBELT_D_OFF,1
3032,511471809,4882303786115541762,PER,"['SEATBELT_D_OFF', 'v_distraction']",new_context_added,added,new_context_added added extra VLM context,,v_distraction,1
3033,366763791,4882303786115494274,v_cam_covered,"['SEATBELT_D_OFF', 'v_phone', 'v_distraction']",contradicted,removed,VLM contradicted original telematics event — original removed,v_cam_covered,,1
3033,366763791,4882303786115494274,v_cam_covered,"['SEATBELT_D_OFF', 'v_phone', 'v_distraction']",contradicted,added,VLM contradicted original — replacement VLM event added,,SEATBELT_D_OFF,1
3033,366763791,4882303786115494274,v_cam_covered,"['SEATBELT_D_OFF', 'v_phone', 'v_distraction']",contradicted,added,VLM contradicted original — replacement VLM event added,,v_phone,1
3033,366763791,4882303786115494274,v_cam_covered,"['SEATBELT_D_OFF', 'v_phone', 'v_distraction']",contradicted,added,VLM contradicted original — replacement VLM event added,,v_distraction,1
3034,459506000,4882303786115473829,PER,[],no_vlm_signal,no_change,VLM produced no usable event,,,0
3035,337268755,4882303786115470334,v_phone,['v_phone'],confirmed,no_change,"original event stayed, no extra VLM event needed",,,0
3036,509637738,4882303786115458113,Ign ON,['SEATBELT_D_OFF'],new_context_added,added,new_context_added added extra VLM context,,SEATBELT_D_OFF,1
3037,336854753,4882303786115435810,v_phone,['v_phone'],confirmed,no_change,"original event stayed, no extra VLM event needed",,,0
3038,388775883,4882303786115432404,PER,[],no_vlm_signal,no_change,VLM produced no usable event,,,0
3039,304246535,4882303786115429254,PER,"['v_phone', 'v_distraction']",new_context_added,added,new_context_added added extra VLM context,,v_phone,1
3039,304246535,4882303786115429254,PER,"['v_phone', 'v_distraction']",new_context_added,added,new_context_added added extra VLM context,,v_distraction,1
3040,317984619,4882303786115412328,v_distraction,[],not_confirmed,removed,"original event not confirmed by VLM, so it was removed",v_distraction,,1
3041,365670886,4882303786115404009,v_phone,['v_phone'],confirmed,no_change,"original event stayed, no extra VLM event needed",,,0
3042,429536893,4882303786115401029,v_phone,"['SEATBELT_D_OFF', 'v_phone']",refined,added,refined added extra VLM context,,SEATBELT_D_OFF,1
3043,409223544,4882303786115395322,dHDG,['v_fatigue'],new_context_added,added,new_context_added added extra VLM context,,v_fatigue,1
3044,365670886,4882303786115389325,v_eye_closed,[],not_confirmed,removed,"original event not confirmed by VLM, so it was removed",v_eye_closed,,1
3045,366763791,4882303786115384867,PER,['SEATBELT_D_OFF'],new_context_added,added,new_context_added added extra VLM context,,SEATBELT_D_OFF,1
3046,229817878,4882303786115377302,PER,"['SEATBELT_D_OFF', 'v_phone']",new_context_added,added,new_context_added added extra VLM context,,SEATBELT_D_OFF,1
3046,229817878,4882303786115377302,PER,"['SEATBELT_D_OFF', 'v_phone']",new_context_added,added,new_context_added added extra VLM context,,v_phone,1
3047,429536893,4882303786115344478,PER,['SEATBELT_D_OFF'],new_context_added,added,new_context_added added extra VLM context,,SEATBELT_D_OFF,1
3048,322641484,4882303786115314162,Ign ON,['SEATBELT_D_OFF'],new_context_added,added,new_context_added added extra VLM context,,SEATBELT_D_OFF,1
3049,511468560,4882303786115292700,PER,[],no_vlm_signal,no_change,VLM produced no usable event,,,0
3050,518312065,4882303786115285097,dHDG,"['v_phone', 'v_distraction']",new_context_added,added,new_context_added added extra VLM context,,v_phone,1
3050,518312065,4882303786115285097,dHDG,"['v_phone', 'v_distraction']",new_context_added,added,new_context_added added extra VLM context,,v_distraction,1
3051,443717449,4882303786115281365,v_phone,['v_phone'],confirmed,no_change,"original event stayed, no extra VLM event needed",,,0
3052,443717449,4882303786115276558,dHDG,['v_phone'],new_context_added,added,new_context_added added extra VLM context,,v_phone,1
3053,511633709,4882303786115275933,dHDG,[],no_vlm_signal,no_change,VLM produced no usable event,,,0
3054,458181322,4882303786115275017,dHDG,['SEATBELT_D_OFF'],new_context_added,added,new_context_added added extra VLM context,,SEATBELT_D_OFF,1
3055,464397351,4882303786115273642,v_phone,['v_phone'],confirmed,no_change,"original event stayed, no extra VLM event needed",,,0
3056,308058091,4882303786115198053,PER,['v_phone'],new_context_added,added,new_context_added added extra VLM context,,v_phone,1
3057,333545827,4882303786115195087,v_distraction,['SEATBELT_D_OFF'],contradicted,removed,VLM contradicted original telematics event — original removed,v_distraction,,1
3057,333545827,4882303786115195087,v_distraction,['SEATBELT_D_OFF'],contradicted,added,VLM contradicted original — replacement VLM event added,,SEATBELT_D_OFF,1
3058,365670886,4882303786115158502,v_eye_closed,['SEATBELT_D_OFF'],contradicted,removed,VLM contradicted original telematics event — original removed,v_eye_closed,,1
3058,365670886,4882303786115158502,v_eye_closed,['SEATBELT_D_OFF'],contradicted,added,VLM contradicted original — replacement VLM event added,,SEATBELT_D_OFF,1
3059,336854753,4882303786115131778,PER,['SEATBELT_D_OFF'],new_context_added,added,new_context_added added extra VLM context,,SEATBELT_D_OFF,1
3060,317984619,4882303786115129233,GPS_Lock,['SEATBELT_D_OFF'],new_context_added,added,new_context_added added extra VLM context,,SEATBELT_D_OFF,1
3061,509636557,4882303786115122305,PER,"['SEATBELT_D_OFF', 'v_phone']",new_context_added,added,new_context_added added extra VLM context,,SEATBELT_D_OFF,1
3061,509636557,4882303786115122305,PER,"['SEATBELT_D_OFF', 'v_phone']",new_context_added,added,new_context_added added extra VLM context,,v_phone,1
3062,365599055,4882303786115108927,PER,"['v_phone', 'v_distraction']",new_context_added,added,new_context_added added extra VLM context,,v_phone,1
3062,365599055,4882303786115108927,PER,"['v_phone', 'v_distraction']",new_context_added,added,new_context_added added extra VLM context,,v_distraction,1
3063,416296124,4882303786115099048,dHDG,[],no_vlm_signal,no_change,VLM produced no usable event,,,0
3064,459506928,4882303786115089315,Ign ON,[],review_only,no_change,review_only found nothing new to add,,,0
3065,333545827,4882303786115077734,dHDG,['SEATBELT_D_OFF'],new_context_added,added,new_context_added added extra VLM context,,SEATBELT_D_OFF,1
3066,511642605,4882303786115038984,PER,['v_phone'],new_context_added,added,new_context_added added extra VLM context,,v_phone,1
3067,454260123,4882303786115004846,v_fatigue,['v_phone'],contradicted,removed,VLM contradicted original telematics event — original removed,v_fatigue,,1
3067,454260123,4882303786115004846,v_fatigue,['v_phone'],contradicted,added,VLM contradicted original — replacement VLM event added,,v_phone,1
3068,454260123,4882303786115000425,v_phone,['v_phone'],confirmed,no_change,"original event stayed, no extra VLM event needed",,,0
3069,443657921,4882303786114992462,dHDG,[],no_vlm_signal,no_change,VLM produced no usable event,,,0
3070,434850546,4882303786114982047,PER,['SEATBELT_D_OFF'],new_context_added,added,new_context_added added extra VLM context,,SEATBELT_D_OFF,1
3071,443717449,4882303786114981594,v_phone,['v_phone'],confirmed,no_change,"original event stayed, no extra VLM event needed",,,0
3072,459503546,4882303786114973591,PER,"['v_phone', 'v_distraction']",new_context_added,added,new_context_added added extra VLM context,,v_phone,1
3072,459503546,4882303786114973591,PER,"['v_phone', 'v_distraction']",new_context_added,added,new_context_added added extra VLM context,,v_distraction,1
3073,513225962,4882303786114937254,PER,['SEATBELT_D_OFF'],new_context_added,added,new_context_added added extra VLM context,,SEATBELT_D_OFF,1
3074,460126901,4882303786114936432,PER,['SEATBELT_D_OFF'],new_context_added,added,new_context_added added extra VLM context,,SEATBELT_D_OFF,1
3075,511879208,4882303786114892665,PER,[],no_vlm_signal,no_change,VLM produced no usable event,,,0
3076,454535057,4882303786114890722,PER,"['SEATBELT_D_OFF', 'v_distraction']",new_context_added,added,new_context_added added extra VLM context,,SEATBELT_D_OFF,1
3076,454535057,4882303786114890722,PER,"['SEATBELT_D_OFF', 'v_distraction']",new_context_added,added,new_context_added added extra VLM context,,v_distraction,1
3077,507451763,4882303786114881985,PER,[],no_vlm_signal,no_change,VLM produced no usable event,,,0
3078,458891357,4882303786114866824,PER,['SEATBELT_D_OFF'],new_context_added,added,new_context_added added extra VLM context,,SEATBELT_D_OFF,1
3079,317984514,4882303786114857360,Ign ON,[],no_vlm_signal,no_change,VLM produced no usable event,,,0
3080,411962094,4882303786114853916,Ign ON,[],no_vlm_signal,no_change,VLM produced no usable event,,,0
3081,511897418,4882303786114838538,PER,['SEATBELT_D_OFF'],new_context_added,added,new_context_added added extra VLM context,,SEATBELT_D_OFF,1
3082,454260123,4882303786114832247,v_phone,"['SEATBELT_D_OFF', 'v_phone']",refined,added,refined added extra VLM context,,SEATBELT_D_OFF,1
3083,333584194,4882303786114816763,dHDG,"['SEATBELT_D_OFF', 'v_phone', 'v_distraction']",new_context_added,added,new_context_added added extra VLM context,,SEATBELT_D_OFF,1
3083,333584194,4882303786114816763,dHDG,"['SEATBELT_D_OFF', 'v_phone', 'v_distraction']",new_context_added,added,new_context_added added extra VLM context,,v_phone,1
3083,333584194,4882303786114816763,dHDG,"['SEATBELT_D_OFF', 'v_phone', 'v_distraction']",new_context_added,added,new_context_added added extra VLM context,,v_distraction,1
3084,365598883,4882303786114806417,PER,"['SEATBELT_D_OFF', 'v_phone']",new_context_added,added,new_context_added added extra VLM context,,SEATBELT_D_OFF,1
3084,365598883,4882303786114806417,PER,"['SEATBELT_D_OFF', 'v_phone']",new_context_added,added,new_context_added added extra VLM context,,v_phone,1
3085,524598261,4882303786114802681,PER,"['SEATBELT_D_OFF', 'v_distraction']",new_context_added,added,new_context_added added extra VLM context,,SEATBELT_D_OFF,1
3085,524598261,4882303786114802681,PER,"['SEATBELT_D_OFF', 'v_distraction']",new_context_added,added,new_context_added added extra VLM context,,v_distraction,1
3086,443717449,4882303786114799293,v_phone,['v_phone'],confirmed,no_change,"original event stayed, no extra VLM event needed",,,0
3087,429576946,4882303786114770267,Ign ON,[],no_vlm_signal,no_change,VLM produced no usable event,,,0
3088,460126455,4882303786114764177,PER,"['SEATBELT_D_OFF', 'v_phone', 'v_distraction']",new_context_added,added,new_context_added added extra VLM context,,SEATBELT_D_OFF,1
3088,460126455,4882303786114764177,PER,"['SEATBELT_D_OFF', 'v_phone', 'v_distraction']",new_context_added,added,new_context_added added extra VLM context,,v_phone,1
3088,460126455,4882303786114764177,PER,"['SEATBELT_D_OFF', 'v_phone', 'v_distraction']",new_context_added,added,new_context_added added extra VLM context,,v_distraction,1
3089,409223544,4882303786114728375,v_cam_covered,['SEATBELT_D_OFF'],contradicted,removed,VLM contradicted original telematics event — original removed,v_cam_covered,,1
3089,409223544,4882303786114728375,v_cam_covered,['SEATBELT_D_OFF'],contradicted,added,VLM contradicted original — replacement VLM event added,,SEATBELT_D_OFF,1
3090,338306241,4882303786114728018,PER,[],no_vlm_signal,no_change,VLM produced no usable event,,,0
3091,459506000,4882303786114687894,Ign ON,"['SEATBELT_D_OFF', 'v_phone']",new_context_added,added,new_context_added added extra VLM context,,SEATBELT_D_OFF,1
3091,459506000,4882303786114687894,Ign ON,"['SEATBELT_D_OFF', 'v_phone']",new_context_added,added,new_context_added added extra VLM context,,v_phone,1
3092,388775883,4882303786114651349,v_fatigue,['SEATBELT_D_OFF'],contradicted,removed,VLM contradicted original telematics event — original removed,v_fatigue,,1
3092,388775883,4882303786114651349,v_fatigue,['SEATBELT_D_OFF'],contradicted,added,VLM contradicted original — replacement VLM event added,,SEATBELT_D_OFF,1
3093,443717449,4882303786114637865,v_phone,['v_phone'],confirmed,no_change,"original event stayed, no extra VLM event needed",,,0
3094,409223544,4882303786114614301,Ign ON,"['SEATBELT_D_OFF', 'v_distraction']",new_context_added,added,new_context_added added extra VLM context,,SEATBELT_D_OFF,1
3094,409223544,4882303786114614301,Ign ON,"['SEATBELT_D_OFF', 'v_distraction']",new_context_added,added,new_context_added added extra VLM context,,v_distraction,1
3095,333584733,4882303786114608143,dHDG,[],no_vlm_signal,no_change,VLM produced no usable event,,,0
3096,429536893,4882303786114578550,v_phone,['v_phone'],confirmed,no_change,"original event stayed, no extra VLM event needed",,,0
3097,509637652,4882303786114563843,dHDG,"['v_phone', 'v_distraction']",new_context_added,added,new_context_added added extra VLM context,,v_phone,1
3097,509637652,4882303786114563843,dHDG,"['v_phone', 'v_distraction']",new_context_added,added,new_context_added added extra VLM context,,v_distraction,1
3098,365321388,4882303786114557809,PER,[],no_vlm_signal,no_change,VLM produced no usable event,,,0
3099,350179842,4882303786114552182,Ign ON,['SEATBELT_D_OFF'],new_context_added,added,new_context_added added extra VLM context,,SEATBELT_D_OFF,1
3100,464868635,4882303786114532537,PER,[],no_vlm_signal,no_change,VLM produced no usable event,,,0
3101,443717449,4882303786114524783,dHDG,['v_phone'],new_context_added,added,new_context_added added extra VLM context,,v_phone,1
3102,422017575,4882303786114524651,dHDG,[],no_vlm_signal,no_change,VLM produced no usable event,,,0
3103,511633709,4882303786114520923,PER,['SEATBELT_D_OFF'],new_context_added,added,new_context_added added extra VLM context,,SEATBELT_D_OFF,1
3104,507271653,4882303786114518948,PER,"['v_phone', 'v_distraction']",new_context_added,added,new_context_added added extra VLM context,,v_phone,1
3104,507271653,4882303786114518948,PER,"['v_phone', 'v_distraction']",new_context_added,added,new_context_added added extra VLM context,,v_distraction,1
3105,458181322,4882303786114504178,PER,['SEATBELT_D_OFF'],new_context_added,added,new_context_added added extra VLM context,,SEATBELT_D_OFF,1
3106,429536893,4882303786114479894,dHDG,['v_phone'],new_context_added,added,new_context_added added extra VLM context,,v_phone,1
3107,443717449,4882303786114458223,v_phone,[],not_confirmed,removed,"original event not confirmed by VLM, so it was removed",v_phone,,1
3108,365598883,4882303786114447185,v_yawn,['v_fatigue'],refined,added,refined added extra VLM context,,v_fatigue,1
3109,429536893,4882303786114430824,v_phone,"['SEATBELT_D_OFF', 'v_phone']",refined,added,refined added extra VLM context,,SEATBELT_D_OFF,1
3110,333987612,4882303786114409836,PER,['v_cam_covered'],new_context_added,added,new_context_added added extra VLM context,,v_cam_covered,1
3111,317984514,4882303786114338091,v_phone,['v_phone'],confirmed,no_change,"original event stayed, no extra VLM event needed",,,0
3112,523822117,4882303786114332582,PER,['SEATBELT_D_OFF'],new_context_added,added,new_context_added added extra VLM context,,SEATBELT_D_OFF,1
3113,333545827,4882303786114324836,GPS_Lock,[],no_vlm_signal,no_change,VLM produced no usable event,,,0
3114,365598883,4882303786114319396,v_yawn,['SEATBELT_D_OFF'],contradicted,removed,VLM contradicted original telematics event — original removed,v_yawn,,1
3114,365598883,4882303786114319396,v_yawn,['SEATBELT_D_OFF'],contradicted,added,VLM contradicted original — replacement VLM event added,,SEATBELT_D_OFF,1
3115,308058091,4882303786114314673,PER,[],no_vlm_signal,no_change,VLM produced no usable event,,,0
3116,453948326,4882303786114307680,v_phone,['v_phone'],confirmed,no_change,"original event stayed, no extra VLM event needed",,,0
3117,460126729,4882303786114288661,v_fatigue,[],not_confirmed,removed,"original event not confirmed by VLM, so it was removed",v_fatigue,,1
3118,443749850,4882303786114288304,PER,['v_phone'],new_context_added,added,new_context_added added extra VLM context,,v_phone,1
3119,511465936,4882303786114285516,PER,[],no_vlm_signal,no_change,VLM produced no usable event,,,0
3120,334008589,4882303786114266891,v_yawn,[],not_confirmed,removed,"original event not confirmed by VLM, so it was removed",v_yawn,,1
3121,518311941,4882303786114265652,PER,[],no_vlm_signal,no_change,VLM produced no usable event,,,0
3122,460126729,4882303786114265392,dHDG,[],no_vlm_signal,no_change,VLM produced no usable event,,,0
3123,443744270,4882303786114225715,v_phone,['v_phone'],confirmed,no_change,"original event stayed, no extra VLM event needed",,,0
3124,443657921,4882303786114219902,PER,['SEATBELT_D_OFF'],new_context_added,added,new_context_added added extra VLM context,,SEATBELT_D_OFF,1
3125,523822483,4882303786114175334,Ign ON,['SEATBELT_D_OFF'],new_context_added,added,new_context_added added extra VLM context,,SEATBELT_D_OFF,1
3126,512994171,4882303786114174749,PER,[],no_vlm_signal,no_change,VLM produced no usable event,,,0
3127,365599055,4882303786114173841,v_phone,['v_phone'],confirmed,no_change,"original event stayed, no extra VLM event needed",,,0
3128,509637851,4882303786114168394,PER,"['SEATBELT_D_OFF', 'v_phone']",new_context_added,added,new_context_added added extra VLM context,,SEATBELT_D_OFF,1
3128,509637851,4882303786114168394,PER,"['SEATBELT_D_OFF', 'v_phone']",new_context_added,added,new_context_added added extra VLM context,,v_phone,1
3129,336854753,4882303786114165906,v_phone,"['SEATBELT_D_OFF', 'v_phone']",refined,added,refined added extra VLM context,,SEATBELT_D_OFF,1
3130,459503546,4882303786114163034,PER,[],no_vlm_signal,no_change,VLM produced no usable event,,,0
3131,512990207,4882303786114161079,Ign ON,[],no_vlm_signal,no_change,VLM produced no usable event,,,0
3132,459506928,4882303786114156984,PER,['v_phone'],new_context_added,added,new_context_added added extra VLM context,,v_phone,1
3133,334008589,4882303786114151527,PER,[],no_vlm_signal,no_change,VLM produced no usable event,,,0
3134,388775883,4882303786114147173,PER,"['SEATBELT_D_OFF', 'v_phone']",new_context_added,added,new_context_added added extra VLM context,,SEATBELT_D_OFF,1
3134,388775883,4882303786114147173,PER,"['SEATBELT_D_OFF', 'v_phone']",new_context_added,added,new_context_added added extra VLM context,,v_phone,1
3135,509637948,4882303786114137667,PER,"['v_phone', 'v_distraction']",new_context_added,added,new_context_added added extra VLM context,,v_phone,1
3135,509637948,4882303786114137667,PER,"['v_phone', 'v_distraction']",new_context_added,added,new_context_added added extra VLM context,,v_distraction,1
3136,333211468,4882303786114135248,v_phone,['v_phone'],confirmed,no_change,"original event stayed, no extra VLM event needed",,,0
3137,453948326,4882303786114130049,dHDG,"['v_distraction', 'v_smoke']",new_context_added,added,new_context_added added extra VLM context,,v_distraction,1
3137,453948326,4882303786114130049,dHDG,"['v_distraction', 'v_smoke']",new_context_added,added,new_context_added added extra VLM context,,v_smoke,1
3138,365599055,4882303786114114428,PER,"['SEATBELT_D_OFF', 'v_phone']",new_context_added,added,new_context_added added extra VLM context,,SEATBELT_D_OFF,1
3138,365599055,4882303786114114428,PER,"['SEATBELT_D_OFF', 'v_phone']",new_context_added,added,new_context_added added extra VLM context,,v_phone,1
3139,443717449,4882303786114098362,v_fatigue,['v_phone'],contradicted,removed,VLM contradicted original telematics event — original removed,v_fatigue,,1
3139,443717449,4882303786114098362,v_fatigue,['v_phone'],contradicted,added,VLM contradicted original — replacement VLM event added,,v_phone,1
3140,335116387,4882303786114088714,PER,"['SEATBELT_D_OFF', 'v_phone', 'v_distraction']",new_context_added,added,new_context_added added extra VLM context,,SEATBELT_D_OFF,1
3140,335116387,4882303786114088714,PER,"['SEATBELT_D_OFF', 'v_phone', 'v_distraction']",new_context_added,added,new_context_added added extra VLM context,,v_phone,1
3140,335116387,4882303786114088714,PER,"['SEATBELT_D_OFF', 'v_phone', 'v_distraction']",new_context_added,added,new_context_added added extra VLM context,,v_distraction,1
3141,317984514,4882303786114085112,PER,"['v_phone', 'v_distraction']",new_context_added,added,new_context_added added extra VLM context,,v_phone,1
3141,317984514,4882303786114085112,PER,"['v_phone', 'v_distraction']",new_context_added,added,new_context_added added extra VLM context,,v_distraction,1
3142,365598883,4882303786114082682,v_yawn,['v_fatigue'],refined,added,refined added extra VLM context,,v_fatigue,1
3143,333584194,4882303786114079063,PER,['v_phone'],new_context_added,added,new_context_added added extra VLM context,,v_phone,1
3144,365598883,4882303786114067217,dHDG,[],no_vlm_signal,no_change,VLM produced no usable event,,,0
3145,511466682,4882303786114056411,dHDG,[],no_vlm_signal,no_change,VLM produced no usable event,,,0
3146,454270937,4882303786114049314,v_cam_covered,[],not_confirmed,removed,"original event not confirmed by VLM, so it was removed",v_cam_covered,,1
3147,322784039,4882303786114048658,v_phone,['v_phone'],confirmed,no_change,"original event stayed, no extra VLM event needed",,,0
3148,443744270,4882303786114048155,v_fatigue,"['v_phone', 'v_fatigue']",refined,added,refined added extra VLM context,,v_phone,1
3149,443717449,4882303786114042123,v_phone,['v_phone'],confirmed,no_change,"original event stayed, no extra VLM event needed",,,0
3150,388775883,4882303786114029685,v_distraction,"['SEATBELT_D_OFF', 'v_phone', 'v_distraction']",refined,added,refined added extra VLM context,,SEATBELT_D_OFF,1
3150,388775883,4882303786114029685,v_distraction,"['SEATBELT_D_OFF', 'v_phone', 'v_distraction']",refined,added,refined added extra VLM context,,v_phone,1
3151,336854753,4882303786114001084,PER,['SEATBELT_D_OFF'],new_context_added,added,new_context_added added extra VLM context,,SEATBELT_D_OFF,1
3152,338306241,4882303786113996938,PER,['SEATBELT_D_OFF'],new_context_added,added,new_context_added added extra VLM context,,SEATBELT_D_OFF,1
3153,460126455,4882303786113989790,Ign ON,"['SEATBELT_D_OFF', 'v_phone', 'v_distraction']",new_context_added,added,new_context_added added extra VLM context,,SEATBELT_D_OFF,1
3153,460126455,4882303786113989790,Ign ON,"['SEATBELT_D_OFF', 'v_phone', 'v_distraction']",new_context_added,added,new_context_added added extra VLM context,,v_phone,1
3153,460126455,4882303786113989790,Ign ON,"['SEATBELT_D_OFF', 'v_phone', 'v_distraction']",new_context_added,added,new_context_added added extra VLM context,,v_distraction,1
3154,511879208,4882303786113987585,PER,['SEATBELT_D_OFF'],new_context_added,added,new_context_added added extra VLM context,,SEATBELT_D_OFF,1
3155,443744270,4882303786113964268,v_phone,['v_phone'],confirmed,no_change,"original event stayed, no extra VLM event needed",,,0
3156,458748209,4882303786113948981,dHDG,"['v_phone', 'v_distraction']",new_context_added,added,new_context_added added extra VLM context,,v_phone,1
3156,458748209,4882303786113948981,dHDG,"['v_phone', 'v_distraction']",new_context_added,added,new_context_added added extra VLM context,,v_distraction,1
3157,429576946,4882303786113933126,PER,"['SEATBELT_D_OFF', 'v_distraction']",new_context_added,added,new_context_added added extra VLM context,,SEATBELT_D_OFF,1
3157,429576946,4882303786113933126,PER,"['SEATBELT_D_OFF', 'v_distraction']",new_context_added,added,new_context_added added extra VLM context,,v_distraction,1
3158,507451763,4882303786113916985,PER,['SEATBELT_D_OFF'],new_context_added,added,new_context_added added extra VLM context,,SEATBELT_D_OFF,1
3159,453865293,4882303786113911235,PER,['SEATBELT_D_OFF'],new_context_added,added,new_context_added added extra VLM context,,SEATBELT_D_OFF,1
3160,523821771,4882303786113890313,PER,[],no_vlm_signal,no_change,VLM produced no usable event,,,0
3161,337268755,4882303786113888080,PER,['SEATBELT_D_OFF'],new_context_added,added,new_context_added added extra VLM context,,SEATBELT_D_OFF,1
3162,333211468,4882303786113862703,v_fatigue,['v_phone'],contradicted,removed,VLM contradicted original telematics event — original removed,v_fatigue,,1
3162,333211468,4882303786113862703,v_fatigue,['v_phone'],contradicted,added,VLM contradicted original — replacement VLM event added,,v_phone,1
3163,322785930,4882303786113854753,PER,"['v_phone', 'v_distraction']",new_context_added,added,new_context_added added extra VLM context,,v_phone,1
3163,322785930,4882303786113854753,PER,"['v_phone', 'v_distraction']",new_context_added,added,new_context_added added extra VLM context,,v_distraction,1
3164,459506000,4882303786113844569,PER,[],no_vlm_signal,no_change,VLM produced no usable event,,,0
3165,458886154,4882303786113832012,PER,['SEATBELT_D_OFF'],new_context_added,added,new_context_added added extra VLM context,,SEATBELT_D_OFF,1
3166,509637652,4882303786113828307,Corner,"['v_phone', 'v_distraction']",new_context_added,added,new_context_added added extra VLM context,,v_phone,1
3166,509637652,4882303786113828307,Corner,"['v_phone', 'v_distraction']",new_context_added,added,new_context_added added extra VLM context,,v_distraction,1
3167,365598883,4882303786113820331,v_yawn,[],not_confirmed,removed,"original event not confirmed by VLM, so it was removed",v_yawn,,1
3168,509637738,4882303786113819064,Ign OFF,"['SEATBELT_D_OFF', 'v_phone']",new_context_added,added,new_context_added added extra VLM context,,SEATBELT_D_OFF,1
3168,509637738,4882303786113819064,Ign OFF,"['SEATBELT_D_OFF', 'v_phone']",new_context_added,added,new_context_added added extra VLM context,,v_phone,1
3169,524596949,4882303786113805774,v_Headway_Mon,[],no_vlm_signal,no_change,VLM produced no usable event,,,0
3170,518312065,4882303786113794640,PER,['SEATBELT_D_OFF'],new_context_added,added,new_context_added added extra VLM context,,SEATBELT_D_OFF,1
3171,443744270,4882303786113793563,v_phone,['v_phone'],confirmed,no_change,"original event stayed, no extra VLM event needed",,,0
3172,422017575,4882303786113793468,PER,[],no_vlm_signal,no_change,VLM produced no usable event,,,0
3173,443717449,4882303786113789486,dHDG,"['SEATBELT_D_OFF', 'v_phone', 'v_distraction']",new_context_added,added,new_context_added added extra VLM context,,SEATBELT_D_OFF,1
3173,443717449,4882303786113789486,dHDG,"['SEATBELT_D_OFF', 'v_phone', 'v_distraction']",new_context_added,added,new_context_added added extra VLM context,,v_phone,1
3173,443717449,4882303786113789486,dHDG,"['SEATBELT_D_OFF', 'v_phone', 'v_distraction']",new_context_added,added,new_context_added added extra VLM context,,v_distraction,1
3174,454270937,4882303786113769848,dHDG,[],no_vlm_signal,no_change,VLM produced no usable event,,,0
3175,229817878,4882303786113769036,v_phone,['v_phone'],confirmed,no_change,"original event stayed, no extra VLM event needed",,,0
3176,429536893,4882303786113768453,v_phone,"['SEATBELT_D_OFF', 'v_phone']",refined,added,refined added extra VLM context,,SEATBELT_D_OFF,1
3177,511468560,4882303786113748609,PER,[],no_vlm_signal,no_change,VLM produced no usable event,,,0
3178,317984619,4882303786113717181,Ign ON,['SEATBELT_D_OFF'],new_context_added,added,new_context_added added extra VLM context,,SEATBELT_D_OFF,1
3179,511897418,4882303786113711653,dHDG,[],no_vlm_signal,no_change,VLM produced no usable event,,,0
3180,435028160,4882303786113707875,PER,[],no_vlm_signal,no_change,VLM produced no usable event,,,0
3181,443744270,4882303786113660912,v_fatigue,['v_phone'],contradicted,removed,VLM contradicted original telematics event — original removed,v_fatigue,,1
3181,443744270,4882303786113660912,v_fatigue,['v_phone'],contradicted,added,VLM contradicted original — replacement VLM event added,,v_phone,1
3182,456979367,4882303786113651854,dHDG,[],no_vlm_signal,no_change,VLM produced no usable event,,,0
3183,334008589,4882303786113649678,v_yawn,[],not_confirmed,removed,"original event not confirmed by VLM, so it was removed",v_yawn,,1
3184,229817878,4882303786113639252,dHDG,"['SEATBELT_D_OFF', 'v_phone', 'v_distraction']",new_context_added,added,new_context_added added extra VLM context,,SEATBELT_D_OFF,1
3184,229817878,4882303786113639252,dHDG,"['SEATBELT_D_OFF', 'v_phone', 'v_distraction']",new_context_added,added,new_context_added added extra VLM context,,v_phone,1
3184,229817878,4882303786113639252,dHDG,"['SEATBELT_D_OFF', 'v_phone', 'v_distraction']",new_context_added,added,new_context_added added extra VLM context,,v_distraction,1
3185,322784039,4882303786113633229,Ign ON,['SEATBELT_D_OFF'],new_context_added,added,new_context_added added extra VLM context,,SEATBELT_D_OFF,1
3186,509637769,4882303786113632232,PER,[],no_vlm_signal,no_change,VLM produced no usable event,,,0
3187,511642605,4882303786113631186,dHDG,[],no_vlm_signal,no_change,VLM produced no usable event,,,0
3188,443717449,4882303786113622942,v_phone,"['SEATBELT_D_OFF', 'v_phone']",refined,added,refined added extra VLM context,,SEATBELT_D_OFF,1
3189,464868635,4882303786113622326,dHDG,[],no_vlm_signal,no_change,VLM produced no usable event,,,0
3190,229817878,4882303786113618851,v_phone,[],not_confirmed,removed,"original event not confirmed by VLM, so it was removed",v_phone,,1
3191,333212161,4882303786113609804,PER,"['v_phone', 'v_distraction']",new_context_added,added,new_context_added added extra VLM context,,v_phone,1
3191,333212161,4882303786113609804,PER,"['v_phone', 'v_distraction']",new_context_added,added,new_context_added added extra VLM context,,v_distraction,1
3192,365670886,4882303786113595353,v_eye_closed,[],not_confirmed,removed,"original event not confirmed by VLM, so it was removed",v_eye_closed,,1
3193,416296124,4882303786113585432,dHDG,[],no_vlm_signal,no_change,VLM produced no usable event,,,0
3194,511471809,4882303786113580345,dHDG,[],no_vlm_signal,no_change,VLM produced no usable event,,,0
3195,333545827,4882303786113575553,PER,['SEATBELT_D_OFF'],new_context_added,added,new_context_added added extra VLM context,,SEATBELT_D_OFF,1
3196,523822117,4882303786113574013,PER,[],no_vlm_signal,no_change,VLM produced no usable event,,,0
3197,459505768,4882303786113569489,PER,['SEATBELT_D_OFF'],new_context_added,added,new_context_added added extra VLM context,,SEATBELT_D_OFF,1
3198,523824244,4882303786113568176,v_eye_closed,"['SEATBELT_D_OFF', 'v_phone']",contradicted,removed,VLM contradicted original telematics event — original removed,v_eye_closed,,1
3198,523824244,4882303786113568176,v_eye_closed,"['SEATBELT_D_OFF', 'v_phone']",contradicted,added,VLM contradicted original — replacement VLM event added,,SEATBELT_D_OFF,1
3198,523824244,4882303786113568176,v_eye_closed,"['SEATBELT_D_OFF', 'v_phone']",contradicted,added,VLM contradicted original — replacement VLM event added,,v_phone,1
3199,523824244,4882303786113568175,v_distraction,"['SEATBELT_D_OFF', 'v_phone', 'v_distraction']",refined,added,refined added extra VLM context,,SEATBELT_D_OFF,1
3199,523824244,4882303786113568175,v_distraction,"['SEATBELT_D_OFF', 'v_phone', 'v_distraction']",refined,added,refined added extra VLM context,,v_phone,1
3200,443744270,4882303786113555108,v_phone,['v_phone'],confirmed,no_change,"original event stayed, no extra VLM event needed",,,0
3201,377841245,4882303786113540941,v_phone,"['SEATBELT_D_OFF', 'v_phone']",refined,added,refined added extra VLM context,,SEATBELT_D_OFF,1
3202,443744270,4882303786113532469,dHDG,[],no_vlm_signal,no_change,VLM produced no usable event,,,0
3203,511879248,4882303786113531327,PER,['SEATBELT_D_OFF'],new_context_added,added,new_context_added added extra VLM context,,SEATBELT_D_OFF,1
3204,460126729,4882303786113531169,dHDG,[],no_vlm_signal,no_change,VLM produced no usable event,,,0
3205,511893849,4882303786113510926,Ign ON,['SEATBELT_D_OFF'],new_context_added,added,new_context_added added extra VLM context,,SEATBELT_D_OFF,1
3206,365598883,4882303786113499366,v_yawn,['v_fatigue'],refined,added,refined added extra VLM context,,v_fatigue,1
3207,453948326,4882303786113488037,v_phone,['v_phone'],confirmed,no_change,"original event stayed, no extra VLM event needed",,,0
3208,365321388,4882303786113483794,PER,[],no_vlm_signal,no_change,VLM produced no usable event,,,0
3209,512994171,4882303786113480549,Ign ON,[],no_vlm_signal,no_change,VLM produced no usable event,,,0
3210,509637948,4882303786113466769,dHDG,[],no_vlm_signal,no_change,VLM produced no usable event,,,0
3211,334008589,4882303786113455890,v_yawn,[],not_confirmed,removed,"original event not confirmed by VLM, so it was removed",v_yawn,,1
3212,453948326,4882303786113450340,PER,"['SEATBELT_D_OFF', 'v_phone']",new_context_added,added,new_context_added added extra VLM context,,SEATBELT_D_OFF,1
3212,453948326,4882303786113450340,PER,"['SEATBELT_D_OFF', 'v_phone']",new_context_added,added,new_context_added added extra VLM context,,v_phone,1
3213,512990207,4882303786113448040,PER,"['v_phone', 'v_distraction']",new_context_added,added,new_context_added added extra VLM context,,v_phone,1
3213,512990207,4882303786113448040,PER,"['v_phone', 'v_distraction']",new_context_added,added,new_context_added added extra VLM context,,v_distraction,1
3214,312741040,4882303786113429642,PER,"['SEATBELT_D_OFF', 'v_phone', 'v_distraction']",new_context_added,added,new_context_added added extra VLM context,,SEATBELT_D_OFF,1
3214,312741040,4882303786113429642,PER,"['SEATBELT_D_OFF', 'v_phone', 'v_distraction']",new_context_added,added,new_context_added added extra VLM context,,v_phone,1
3214,312741040,4882303786113429642,PER,"['SEATBELT_D_OFF', 'v_phone', 'v_distraction']",new_context_added,added,new_context_added added extra VLM context,,v_distraction,1
3215,436759512,4882303786113429417,PER,[],no_vlm_signal,no_change,VLM produced no usable event,,,0
3216,464878170,4882303786113422931,PER,['v_distraction'],new_context_added,added,new_context_added added extra VLM context,,v_distraction,1
3217,518312835,4882303786113421860,PER,['SEATBELT_D_OFF'],new_context_added,added,new_context_added added extra VLM context,,SEATBELT_D_OFF,1
3218,523824244,4882303786113401052,v_phone,['SEATBELT_D_OFF'],contradicted,removed,VLM contradicted original telematics event — original removed,v_phone,,1
3218,523824244,4882303786113401052,v_phone,['SEATBELT_D_OFF'],contradicted,added,VLM contradicted original — replacement VLM event added,,SEATBELT_D_OFF,1
3219,460126729,4882303786113391803,v_phone,['v_phone'],confirmed,no_change,"original event stayed, no extra VLM event needed",,,0
3220,365670886,4882303786113388141,v_eye_closed,['v_phone'],contradicted,removed,VLM contradicted original telematics event — original removed,v_eye_closed,,1
3220,365670886,4882303786113388141,v_eye_closed,['v_phone'],contradicted,added,VLM contradicted original — replacement VLM event added,,v_phone,1
3221,452477724,4882303786113382130,v_phone,"['SEATBELT_D_OFF', 'v_phone']",refined,added,refined added extra VLM context,,SEATBELT_D_OFF,1
3222,452477724,4882303786113381628,v_phone,"['SEATBELT_D_OFF', 'v_phone']",refined,added,refined added extra VLM context,,SEATBELT_D_OFF,1
3223,452477724,4882303786113380864,v_phone,"['SEATBELT_D_OFF', 'v_phone']",refined,added,refined added extra VLM context,,SEATBELT_D_OFF,1
3224,452477724,4882303786113380745,v_phone,['v_phone'],confirmed,no_change,"original event stayed, no extra VLM event needed",,,0
3225,452477724,4882303786113380371,v_phone,"['SEATBELT_D_OFF', 'v_phone']",refined,added,refined added extra VLM context,,SEATBELT_D_OFF,1
3226,452477724,4882303786113379399,v_phone,"['SEATBELT_D_OFF', 'v_phone']",refined,added,refined added extra VLM context,,SEATBELT_D_OFF,1
3227,452477724,4882303786113379202,v_phone,['v_phone'],confirmed,no_change,"original event stayed, no extra VLM event needed",,,0
3228,365670886,4882303786113367238,v_phone,['v_phone'],confirmed,no_change,"original event stayed, no extra VLM event needed",,,0
3229,523823573,4882303786113366340,PER,[],no_vlm_signal,no_change,VLM produced no usable event,,,0
3230,511465936,4882303786113350086,PER,[],no_vlm_signal,no_change,VLM produced no usable event,,,0
3231,365670886,4882303786113347453,PER,['SEATBELT_D_OFF'],new_context_added,added,new_context_added added extra VLM context,,SEATBELT_D_OFF,1
3232,513225962,4882303786113320896,Ign ON,['SEATBELT_D_OFF'],new_context_added,added,new_context_added added extra VLM context,,SEATBELT_D_OFF,1
3233,335116387,4882303786113303951,PER,['SEATBELT_D_OFF'],new_context_added,added,new_context_added added extra VLM context,,SEATBELT_D_OFF,1
3234,365598883,4882303786113303516,dHDG,[],no_vlm_signal,no_change,VLM produced no usable event,,,0
3235,317984514,4882303786113299990,v_phone,"['SEATBELT_D_OFF', 'v_phone']",refined,added,refined added extra VLM context,,SEATBELT_D_OFF,1
3236,511466682,4882303786113298668,PER,['v_smoke'],new_context_added,added,new_context_added added extra VLM context,,v_smoke,1
3237,523822483,4882303786113294857,PER,[],no_vlm_signal,no_change,VLM produced no usable event,,,0
3238,523822248,4882303786113286081,PER,"['SEATBELT_D_OFF', 'v_phone']",new_context_added,added,new_context_added added extra VLM context,,SEATBELT_D_OFF,1
3238,523822248,4882303786113286081,PER,"['SEATBELT_D_OFF', 'v_phone']",new_context_added,added,new_context_added added extra VLM context,,v_phone,1
3239,409223544,4882303786113277906,PER,['SEATBELT_D_OFF'],new_context_added,added,new_context_added added extra VLM context,,SEATBELT_D_OFF,1
3240,317984514,4882303786113274429,v_fatigue,[],not_confirmed,removed,"original event not confirmed by VLM, so it was removed",v_fatigue,,1
3241,507271653,4882303786113273342,PER,[],no_vlm_signal,no_change,VLM produced no usable event,,,0
3242,334154315,4882303786113258369,v_yawn,[],not_confirmed,removed,"original event not confirmed by VLM, so it was removed",v_yawn,,1
3243,460126901,4882303786113241243,PER,[],no_vlm_signal,no_change,VLM produced no usable event,,,0
3244,443749850,4882303786113238788,PER,['SEATBELT_D_OFF'],new_context_added,added,new_context_added added extra VLM context,,SEATBELT_D_OFF,1
3245,317984514,4882303786113226313,PER,['SEATBELT_D_OFF'],new_context_added,added,new_context_added added extra VLM context,,SEATBELT_D_OFF,1
3246,458181322,4882303786113219823,PER,[],no_vlm_signal,no_change,VLM produced no usable event,,,0
3247,467597649,4882303786113214776,PER,"['SEATBELT_D_OFF', 'v_phone']",new_context_added,added,new_context_added added extra VLM context,,SEATBELT_D_OFF,1
3247,467597649,4882303786113214776,PER,"['SEATBELT_D_OFF', 'v_phone']",new_context_added,added,new_context_added added extra VLM context,,v_phone,1
3248,304245737,4882303786113214774,dHDG,[],no_vlm_signal,no_change,VLM produced no usable event,,,0
3249,365598883,4882303786113210922,v_yawn,['v_fatigue'],refined,added,refined added extra VLM context,,v_fatigue,1
3250,304245737,4882303786113200684,v_yawn,[],not_confirmed,removed,"original event not confirmed by VLM, so it was removed",v_yawn,,1
3251,333585410,4882303786113188268,PER,[],no_vlm_signal,no_change,VLM produced no usable event,,,0
3252,458748209,4882303786113186109,PER,[],no_vlm_signal,no_change,VLM produced no usable event,,,0
3253,443717449,4882303786113184588,v_phone,['v_phone'],confirmed,no_change,"original event stayed, no extra VLM event needed",,,0
3254,460126455,4882303786113181175,PER,"['SEATBELT_D_OFF', 'v_distraction']",new_context_added,added,new_context_added added extra VLM context,,SEATBELT_D_OFF,1
3254,460126455,4882303786113181175,PER,"['SEATBELT_D_OFF', 'v_distraction']",new_context_added,added,new_context_added added extra VLM context,,v_distraction,1
3255,464367957,4882303786113178315,Ign ON,[],no_vlm_signal,no_change,VLM produced no usable event,,,0
3256,523823521,4882303786113177507,PER,['v_phone'],new_context_added,added,new_context_added added extra VLM context,,v_phone,1
3257,308058091,4882303786113172222,PER,[],no_vlm_signal,no_change,VLM produced no usable event,,,0
3258,460126729,4882303786113168701,v_phone,['v_phone'],confirmed,no_change,"original event stayed, no extra VLM event needed",,,0
3259,365598486,4882303786113161264,v_yawn,[],not_confirmed,removed,"original event not confirmed by VLM, so it was removed",v_yawn,,1
3260,454260123,4882303786113158477,Ign ON,['SEATBELT_D_OFF'],new_context_added,added,new_context_added added extra VLM context,,SEATBELT_D_OFF,1
3261,518311941,4882303786113153237,PER,['SEATBELT_D_OFF'],new_context_added,added,new_context_added added extra VLM context,,SEATBELT_D_OFF,1
3262,334154315,4882303786113135135,PER,[],no_vlm_signal,no_change,VLM produced no usable event,,,0
3263,365598486,4882303786113133894,dHDG,['SEATBELT_D_OFF'],new_context_added,added,new_context_added added extra VLM context,,SEATBELT_D_OFF,1
3264,523824244,4882303786113133253,v_distraction,['SEATBELT_D_OFF'],contradicted,removed,VLM contradicted original telematics event — original removed,v_distraction,,1
3264,523824244,4882303786113133253,v_distraction,['SEATBELT_D_OFF'],contradicted,added,VLM contradicted original — replacement VLM event added,,SEATBELT_D_OFF,1
3265,453948326,4882303786113123248,v_phone,"['SEATBELT_D_OFF', 'v_phone']",refined,added,refined added extra VLM context,,SEATBELT_D_OFF,1
3266,464397351,4882303786113114539,PER,[],no_vlm_signal,no_change,VLM produced no usable event,,,0
3267,334008589,4882303786113107549,PER,"['v_phone', 'v_distraction']",new_context_added,added,new_context_added added extra VLM context,,v_phone,1
3267,334008589,4882303786113107549,PER,"['v_phone', 'v_distraction']",new_context_added,added,new_context_added added extra VLM context,,v_distraction,1
3268,366763791,4882303786113074690,v_cam_covered,[],not_confirmed,removed,"original event not confirmed by VLM, so it was removed",v_cam_covered,,1
3269,509636001,4882303786113064961,dHDG,[],no_vlm_signal,no_change,VLM produced no usable event,,,0
3270,333584733,4882303786113060115,dHDG,[],no_vlm_signal,no_change,VLM produced no usable event,,,0
3271,317984438,4882303786113041740,v_fatigue,[],not_confirmed,removed,"original event not confirmed by VLM, so it was removed",v_fatigue,,1
3272,460126729,4882303786113040634,v_phone,['v_phone'],confirmed,no_change,"original event stayed, no extra VLM event needed",,,0
3273,509637652,4882303786113039859,dHDG,[],no_vlm_signal,no_change,VLM produced no usable event,,,0
3274,336854753,4882303786113020853,PER,[],no_vlm_signal,no_change,VLM produced no usable event,,,0
3275,307989723,4882303786113016364,PER,[],no_vlm_signal,no_change,VLM produced no usable event,,,0
3276,366763791,4882303786113001880,PER,['SEATBELT_D_OFF'],new_context_added,added,new_context_added added extra VLM context,,SEATBELT_D_OFF,1
3277,458886154,4882303786112985595,dHDG,['SEATBELT_D_OFF'],new_context_added,added,new_context_added added extra VLM context,,SEATBELT_D_OFF,1
3278,317984438,4882303786112984929,v_phone,['v_phone'],confirmed,no_change,"original event stayed, no extra VLM event needed",,,0
3279,333211468,4882303786112984800,v_phone,['v_phone'],confirmed,no_change,"original event stayed, no extra VLM event needed",,,0
3280,509637553,4882303786112976231,dHDG,[],no_vlm_signal,no_change,VLM produced no usable event,,,0
3281,371660225,4882303786112968261,PER,[],no_vlm_signal,no_change,VLM produced no usable event,,,0
3282,511461222,4882303786112961908,PER,"['v_phone', 'v_distraction']",new_context_added,added,new_context_added added extra VLM context,,v_phone,1
3282,511461222,4882303786112961908,PER,"['v_phone', 'v_distraction']",new_context_added,added,new_context_added added extra VLM context,,v_distraction,1
3283,511468560,4882303786112946821,dHDG,[],no_vlm_signal,no_change,VLM produced no usable event,,,0
3284,509636684,4882303786112941475,Ign ON,[],no_vlm_signal,no_change,VLM produced no usable event,,,0
3285,333211468,4882303786112936808,GPS_Lock,['SEATBELT_D_OFF'],new_context_added,added,new_context_added added extra VLM context,,SEATBELT_D_OFF,1
3286,334148753,4882303786112936334,PER,[],no_vlm_signal,no_change,VLM produced no usable event,,,0
3287,512989545,4882303786112926290,PER,['SEATBELT_D_OFF'],new_context_added,added,new_context_added added extra VLM context,,SEATBELT_D_OFF,1
3288,338306241,4882303786112919623,v_phone,['v_phone'],confirmed,no_change,"original event stayed, no extra VLM event needed",,,0
3289,317984438,4882303786112918337,PER,[],no_vlm_signal,no_change,VLM produced no usable event,,,0
3290,511897418,4882303786112917289,PER,[],no_vlm_signal,no_change,VLM produced no usable event,,,0
3291,338306241,4882303786112909566,dHDG,['v_phone'],new_context_added,added,new_context_added added extra VLM context,,v_phone,1
3292,322619618,4882303786112906954,v_phone,['v_phone'],confirmed,no_change,"original event stayed, no extra VLM event needed",,,0
3293,322619618,4882303786112906469,v_phone,['v_phone'],confirmed,no_change,"original event stayed, no extra VLM event needed",,,0
3294,322619618,4882303786112906461,v_distraction,['v_distraction'],confirmed,no_change,"original event stayed, no extra VLM event needed",,,0
3295,322619618,4882303786112906022,v_phone,['v_phone'],confirmed,no_change,"original event stayed, no extra VLM event needed",,,0
3296,322619618,4882303786112905884,v_phone,['v_phone'],confirmed,no_change,"original event stayed, no extra VLM event needed",,,0
3297,322619618,4882303786112905794,v_phone,['v_phone'],confirmed,no_change,"original event stayed, no extra VLM event needed",,,0
3298,322619618,4882303786112905402,v_phone,"['SEATBELT_D_OFF', 'v_phone']",refined,added,refined added extra VLM context,,SEATBELT_D_OFF,1
3299,322619618,4882303786112905350,v_phone,['v_phone'],confirmed,no_change,"original event stayed, no extra VLM event needed",,,0
3300,509637738,4882303786112895182,dHDG,[],no_vlm_signal,no_change,VLM produced no usable event,,,0
3301,365598883,4882303786112882542,v_yawn,['v_fatigue'],refined,added,refined added extra VLM context,,v_fatigue,1
3302,509637286,4882303786112877252,PER,[],no_vlm_signal,no_change,VLM produced no usable event,,,0
3303,509637769,4882303786112843351,PER,['v_phone'],new_context_added,added,new_context_added added extra VLM context,,v_phone,1
3304,511642605,4882303786112835205,PER,['SEATBELT_D_OFF'],new_context_added,added,new_context_added added extra VLM context,,SEATBELT_D_OFF,1
3305,443668611,4882303786112834263,Ign ON,"['v_phone', 'v_distraction']",new_context_added,added,new_context_added added extra VLM context,,v_phone,1
3305,443668611,4882303786112834263,Ign ON,"['v_phone', 'v_distraction']",new_context_added,added,new_context_added added extra VLM context,,v_distraction,1
3306,464868635,4882303786112831867,PER,['SEATBELT_D_OFF'],new_context_added,added,new_context_added added extra VLM context,,SEATBELT_D_OFF,1
3307,416296124,4882303786112819386,v_cam_covered,[],no_vlm_signal,no_change,VLM produced no usable event,,,0
3308,416296124,4882303786112802089,PER,[],no_vlm_signal,no_change,VLM produced no usable event,,,0
3309,524598614,4882303786112801927,PER,['SEATBELT_D_OFF'],new_context_added,added,new_context_added added extra VLM context,,SEATBELT_D_OFF,1
3310,322784039,4882303786112800786,Ign ON,[],no_vlm_signal,no_change,VLM produced no usable event,,,0
3311,509636557,4882303786112799158,Ign ON,[],no_vlm_signal,no_change,VLM produced no usable event,,,0
3312,511471809,4882303786112798283,PER,['SEATBELT_D_OFF'],new_context_added,added,new_context_added added extra VLM context,,SEATBELT_D_OFF,1
3313,459505768,4882303786112788699,PER,"['SEATBELT_D_OFF', 'v_phone']",new_context_added,added,new_context_added added extra VLM context,,SEATBELT_D_OFF,1
3313,459505768,4882303786112788699,PER,"['SEATBELT_D_OFF', 'v_phone']",new_context_added,added,new_context_added added extra VLM context,,v_phone,1
3314,523821693,4882303786112774293,v_Headway_Mon,[],no_vlm_signal,no_change,VLM produced no usable event,,,0
3315,333212161,4882303786112768688,PER,[],no_vlm_signal,no_change,VLM produced no usable event,,,0
3316,436759512,4882303786112767855,v_fatigue,[],not_confirmed,removed,"original event not confirmed by VLM, so it was removed",v_fatigue,,1
3317,443744270,4882303786112753863,PER,['v_phone'],new_context_added,added,new_context_added added extra VLM context,,v_phone,1
3318,443413751,4882303786112733419,Ign ON,[],no_vlm_signal,no_change,VLM produced no usable event,,,0
3319,322641484,4882303786112732560,PER,[],no_vlm_signal,no_change,VLM produced no usable event,,,0
3320,443657921,4882303786112725748,PER,['SEATBELT_D_OFF'],new_context_added,added,new_context_added added extra VLM context,,SEATBELT_D_OFF,1
3321,365321388,4882303786112711489,PER,[],no_vlm_signal,no_change,VLM produced no usable event,,,0
3322,317984619,4882303786112707149,PER,[],no_vlm_signal,no_change,VLM produced no usable event,,,0
3323,435288506,4882303786112704483,v_cam_covered,[],not_confirmed,removed,"original event not confirmed by VLM, so it was removed",v_cam_covered,,1
3324,509637948,4882303786112699250,PER,[],no_vlm_signal,no_change,VLM produced no usable event,,,0
3325,512994171,4882303786112696191,PER,[],no_vlm_signal,no_change,VLM produced no usable event,,,0
3326,453948326,4882303786112687139,v_phone,['v_phone'],confirmed,no_change,"original event stayed, no extra VLM event needed",,,0
3327,437381828,4882303786112672092,Ign ON,[],no_vlm_signal,no_change,VLM produced no usable event,,,0
3328,453948326,4882303786112669804,GPS_Lock,"['SEATBELT_D_OFF', 'v_phone', 'v_distraction']",new_context_added,added,new_context_added added extra VLM context,,SEATBELT_D_OFF,1
3328,453948326,4882303786112669804,GPS_Lock,"['SEATBELT_D_OFF', 'v_phone', 'v_distraction']",new_context_added,added,new_context_added added extra VLM context,,v_phone,1
3328,453948326,4882303786112669804,GPS_Lock,"['SEATBELT_D_OFF', 'v_phone', 'v_distraction']",new_context_added,added,new_context_added added extra VLM context,,v_distraction,1
3329,512990207,4882303786112665776,PER,[],no_vlm_signal,no_change,VLM produced no usable event,,,0
3330,307989723,4882303786112653166,v_fatigue,['v_fatigue'],confirmed,no_change,"original event stayed, no extra VLM event needed",,,0
3331,436759512,4882303786112650886,PER,['SEATBELT_D_OFF'],new_context_added,added,new_context_added added extra VLM context,,SEATBELT_D_OFF,1
3332,435288506,4882303786112650186,PER,['v_phone'],new_context_added,added,new_context_added added extra VLM context,,v_phone,1
3333,509637851,4882303786112594378,PER,[],no_vlm_signal,no_change,VLM produced no usable event,,,0
3334,513225962,4882303786112584867,dHDG,[],no_vlm_signal,no_change,VLM produced no usable event,,,0
3335,365598486,4882303786112448333,PER,[],no_vlm_signal,no_change,VLM produced no usable event,,,0
3336,518312065,4882303786112428263,dHDG,[],no_vlm_signal,no_change,VLM produced no usable event,,,0
3337,454260123,4882303786112423223,Ign ON,"['SEATBELT_D_OFF', 'v_phone']",new_context_added,added,new_context_added added extra VLM context,,SEATBELT_D_OFF,1
3337,454260123,4882303786112423223,Ign ON,"['SEATBELT_D_OFF', 'v_phone']",new_context_added,added,new_context_added added extra VLM context,,v_phone,1
3338,333584733,4882303786112395765,dHDG,[],no_vlm_signal,no_change,VLM produced no usable event,,,0
3339,511468560,4882303786112312170,PER,"['SEATBELT_D_OFF', 'v_phone', 'v_distraction']",new_context_added,added,new_context_added added extra VLM context,,SEATBELT_D_OFF,1
3339,511468560,4882303786112312170,PER,"['SEATBELT_D_OFF', 'v_phone', 'v_distraction']",new_context_added,added,new_context_added added extra VLM context,,v_phone,1
3339,511468560,4882303786112312170,PER,"['SEATBELT_D_OFF', 'v_phone', 'v_distraction']",new_context_added,added,new_context_added added extra VLM context,,v_distraction,1
3340,458891357,4882303786112300568,PER,['SEATBELT_D_OFF'],new_context_added,added,new_context_added added extra VLM context,,SEATBELT_D_OFF,1
3341,459506928,4882303786112213811,PER,['v_phone'],new_context_added,added,new_context_added added extra VLM context,,v_phone,1
3342,333212161,4882303786112198684,PER,[],no_vlm_signal,no_change,VLM produced no usable event,,,0
3343,513225962,4882303786112080965,PER,['SEATBELT_D_OFF'],new_context_added,added,new_context_added added extra VLM context,,SEATBELT_D_OFF,1
3344,333987612,4882303786112019046,PER,['v_cam_covered'],new_context_added,added,new_context_added added extra VLM context,,v_cam_covered,1
3345,333584733,4882303786111965848,PER,[],no_vlm_signal,no_change,VLM produced no usable event,,,0
3346,460126901,4882303786111828268,PER,"['SEATBELT_D_OFF', 'v_phone']",new_context_added,added,new_context_added added extra VLM context,,SEATBELT_D_OFF,1
3346,460126901,4882303786111828268,PER,"['SEATBELT_D_OFF', 'v_phone']",new_context_added,added,new_context_added added extra VLM context,,v_phone,1
3347,518312065,4882303786111783675,PER,[],no_vlm_signal,no_change,VLM produced no usable event,,,0
3348,523824244,4882303786111032283,v_yawn,"['SEATBELT_D_OFF', 'v_fatigue']",refined,added,refined added extra VLM context,,SEATBELT_D_OFF,1
3348,523824244,4882303786111032283,v_yawn,"['SEATBELT_D_OFF', 'v_fatigue']",refined,added,refined added extra VLM context,,v_fatigue,1
3349,523824244,4882303786111030053,v_distraction,"['SEATBELT_D_OFF', 'v_phone', 'v_distraction']",refined,added,refined added extra VLM context,,SEATBELT_D_OFF,1
3349,523824244,4882303786111030053,v_distraction,"['SEATBELT_D_OFF', 'v_phone', 'v_distraction']",refined,added,refined added extra VLM context,,v_phone,1
3350,523824244,4882303786110988359,v_yawn,[],confirmed,no_change,"original event stayed, no extra VLM event needed",,,0
3351,523824244,4882303786110944371,v_yawn,[],not_confirmed,removed,"original event not confirmed by VLM, so it was removed",v_yawn,,1
3352,523824244,4882303786110791727,v_yawn,['v_fatigue'],refined,added,refined added extra VLM context,,v_fatigue,1
3353,523824244,4882303786110785857,v_distraction,"['v_phone', 'v_distraction']",refined,added,refined added extra VLM context,,v_phone,1
3354,459618013,4882303786110773220,Ign OFF,['v_cam_covered'],new_context_added,added,new_context_added added extra VLM context,,v_cam_covered,1
3355,459618013,4882303786110736242,Ign OFF,['v_cam_covered'],new_context_added,added,new_context_added added extra VLM context,,v_cam_covered,1
3356,459618013,4882303786110666656,Ign ON,['v_cam_covered'],new_context_added,added,new_context_added added extra VLM context,,v_cam_covered,1
3357,511465936,4882303786110596213,PER,['SEATBELT_D_OFF'],new_context_added,added,new_context_added added extra VLM context,,SEATBELT_D_OFF,1
3358,454260123,4882303786110580916,v_phone,"['SEATBELT_D_OFF', 'v_phone']",refined,added,refined added extra VLM context,,SEATBELT_D_OFF,1
3359,507302529,4882303786110576452,dHDG,[],no_vlm_signal,no_change,VLM produced no usable event,,,0
3360,454260123,4882303786110565772,Ign ON,['SEATBELT_D_OFF'],new_context_added,added,new_context_added added extra VLM context,,SEATBELT_D_OFF,1
3361,373272248,4882303786110557294,PER,[],no_vlm_signal,no_change,VLM produced no usable event,,,0
3362,511633709,4882303786110503950,dHDG,[],no_vlm_signal,no_change,VLM produced no usable event,,,0
3363,335116387,4882303786110486122,PER,['SEATBELT_D_OFF'],new_context_added,added,new_context_added added extra VLM context,,SEATBELT_D_OFF,1
3364,429536893,4882303786110482357,v_fatigue,['v_fatigue'],confirmed,no_change,"original event stayed, no extra VLM event needed",,,0
3365,509636042,4882303786110461710,dHDG,[],no_vlm_signal,no_change,VLM produced no usable event,,,0
3366,511471809,4882303786110460614,PER,['SEATBELT_D_OFF'],new_context_added,added,new_context_added added extra VLM context,,SEATBELT_D_OFF,1
3367,333211468,4882303786110391567,v_fatigue,"['v_phone', 'v_fatigue']",refined,added,refined added extra VLM context,,v_phone,1
3368,512982665,4882303786110362193,PER,[],review_only,no_change,review_only found nothing new to add,,,0
3369,429536893,4882303786110320677,dHDG,"['SEATBELT_D_OFF', 'v_distraction']",new_context_added,added,new_context_added added extra VLM context,,SEATBELT_D_OFF,1
3369,429536893,4882303786110320677,dHDG,"['SEATBELT_D_OFF', 'v_distraction']",new_context_added,added,new_context_added added extra VLM context,,v_distraction,1
3370,509637851,4882303786110314817,PER,[],review_only,no_change,review_only found nothing new to add,,,0
3371,334008589,4882303786110299477,dHDG,[],no_vlm_signal,no_change,VLM produced no usable event,,,0
3372,429536893,4882303786110274344,v_phone,[],not_confirmed,removed,"original event not confirmed by VLM, so it was removed",v_phone,,1
3373,333211468,4882303786110259857,v_distraction,[],not_confirmed,removed,"original event not confirmed by VLM, so it was removed",v_distraction,,1
3374,509636707,4882303786110255914,PER,[],no_vlm_signal,no_change,VLM produced no usable event,,,0
3375,388775883,4882303786110241416,Ign ON,['SEATBELT_D_OFF'],new_context_added,added,new_context_added added extra VLM context,,SEATBELT_D_OFF,1
3376,460126729,4882303786110218475,dHDG,[],no_vlm_signal,no_change,VLM produced no usable event,,,0
3377,334008589,4882303786110211741,v_phone,['v_phone'],confirmed,no_change,"original event stayed, no extra VLM event needed",,,0
3378,334148753,4882303786110183275,PER,"['SEATBELT_D_OFF', 'v_phone']",new_context_added,added,new_context_added added extra VLM context,,SEATBELT_D_OFF,1
3378,334148753,4882303786110183275,PER,"['SEATBELT_D_OFF', 'v_phone']",new_context_added,added,new_context_added added extra VLM context,,v_phone,1
3379,429536893,4882303786110166567,v_phone,['v_phone'],confirmed,no_change,"original event stayed, no extra VLM event needed",,,0
3380,507302529,4882303786110143141,Ign ON,[],no_vlm_signal,no_change,VLM produced no usable event,,,0
3381,334008589,4882303786110109571,v_phone,"['SEATBELT_D_OFF', 'v_phone']",refined,added,refined added extra VLM context,,SEATBELT_D_OFF,1
3382,511879208,4882303786110063632,PER,"['SEATBELT_D_OFF', 'v_distraction']",new_context_added,added,new_context_added added extra VLM context,,SEATBELT_D_OFF,1
3382,511879208,4882303786110063632,PER,"['SEATBELT_D_OFF', 'v_distraction']",new_context_added,added,new_context_added added extra VLM context,,v_distraction,1
3383,507271653,4882303786110062158,dHDG,[],review_only,no_change,review_only found nothing new to add,,,0
3384,511633709,4882303786110052535,PER,[],review_only,no_change,review_only found nothing new to add,,,0
3385,334008589,4882303786109987584,v_phone,"['SEATBELT_D_OFF', 'v_phone']",refined,added,refined added extra VLM context,,SEATBELT_D_OFF,1
3386,460126729,4882303786109980998,v_phone,"['SEATBELT_D_OFF', 'v_phone']",refined,added,refined added extra VLM context,,SEATBELT_D_OFF,1
3387,429536893,4882303786109979607,v_phone,"['SEATBELT_D_OFF', 'v_phone']",refined,added,refined added extra VLM context,,SEATBELT_D_OFF,1
3388,333584733,4882303786109933643,v_fatigue,[],not_confirmed,removed,"original event not confirmed by VLM, so it was removed",v_fatigue,,1
3389,460126729,4882303786109845711,v_phone,['v_phone'],confirmed,no_change,"original event stayed, no extra VLM event needed",,,0
3390,429536893,4882303786109843201,v_phone,['v_phone'],confirmed,no_change,"original event stayed, no extra VLM event needed",,,0
3391,429536893,4882303786109817871,Ign ON,['SEATBELT_D_OFF'],new_context_added,added,new_context_added added extra VLM context,,SEATBELT_D_OFF,1
3392,334008589,4882303786109787846,dHDG,"['SEATBELT_D_OFF', 'v_distraction']",new_context_added,added,new_context_added added extra VLM context,,SEATBELT_D_OFF,1
3392,334008589,4882303786109787846,dHDG,"['SEATBELT_D_OFF', 'v_distraction']",new_context_added,added,new_context_added added extra VLM context,,v_distraction,1
3393,435028160,4882303786109781279,PER,[],no_vlm_signal,no_change,VLM produced no usable event,,,0
3394,460126729,4882303786109776686,v_fatigue,[],not_confirmed,removed,"original event not confirmed by VLM, so it was removed",v_fatigue,,1
3395,335116387,4882303786109775376,Ign ON,['SEATBELT_D_OFF'],new_context_added,added,new_context_added added extra VLM context,,SEATBELT_D_OFF,1
3396,307989723,4882303786109770581,dHDG,[],no_vlm_signal,no_change,VLM produced no usable event,,,0
3397,334008589,4882303786109744357,v_yawn,['SEATBELT_D_OFF'],contradicted,removed,VLM contradicted original telematics event — original removed,v_yawn,,1
3397,334008589,4882303786109744357,v_yawn,['SEATBELT_D_OFF'],contradicted,added,VLM contradicted original — replacement VLM event added,,SEATBELT_D_OFF,1
3398,373272248,4882303786109741618,PER,['SEATBELT_D_OFF'],new_context_added,added,new_context_added added extra VLM context,,SEATBELT_D_OFF,1
3399,512980905,4882303786109715053,PER,['SEATBELT_D_OFF'],new_context_added,added,new_context_added added extra VLM context,,SEATBELT_D_OFF,1
3400,388775883,4882303786109698838,PER,['SEATBELT_D_OFF'],new_context_added,added,new_context_added added extra VLM context,,SEATBELT_D_OFF,1
3401,460126729,4882303786109688267,PER,['SEATBELT_D_OFF'],new_context_added,added,new_context_added added extra VLM context,,SEATBELT_D_OFF,1
3402,317984514,4882303786109686635,v_phone,"['SEATBELT_D_OFF', 'v_phone']",refined,added,refined added extra VLM context,,SEATBELT_D_OFF,1
3403,322785930,4882303786109671752,PER,[],no_vlm_signal,no_change,VLM produced no usable event,,,0
3404,464868635,4882303786109662154,PER,[],no_vlm_signal,no_change,VLM produced no usable event,,,0
3405,511893849,4882303786109660061,PER,['SEATBELT_D_OFF'],new_context_added,added,new_context_added added extra VLM context,,SEATBELT_D_OFF,1
3406,511465936,4882303786109650096,PER,[],no_vlm_signal,no_change,VLM produced no usable event,,,0
3407,334008589,4882303786109642764,v_yawn,['SEATBELT_D_OFF'],contradicted,removed,VLM contradicted original telematics event — original removed,v_yawn,,1
3407,334008589,4882303786109642764,v_yawn,['SEATBELT_D_OFF'],contradicted,added,VLM contradicted original — replacement VLM event added,,SEATBELT_D_OFF,1
3408,512994171,4882303786109627775,Ign ON,['SEATBELT_D_OFF'],new_context_added,added,new_context_added added extra VLM context,,SEATBELT_D_OFF,1
3409,365670886,4882303786109542373,v_distraction,['v_distraction'],confirmed,no_change,"original event stayed, no extra VLM event needed",,,0
3410,317984514,4882303786109541129,PER,[],no_vlm_signal,no_change,VLM produced no usable event,,,0
3411,509637948,4882303786109530238,Ign ON,[],no_vlm_signal,no_change,VLM produced no usable event,,,0
3412,333987612,4882303786109446925,PER,['v_cam_covered'],new_context_added,added,new_context_added added extra VLM context,,v_cam_covered,1
3413,308058091,4882303786109445588,v_cam_covered,['SEATBELT_D_OFF'],contradicted,removed,VLM contradicted original telematics event — original removed,v_cam_covered,,1
3413,308058091,4882303786109445588,v_cam_covered,['SEATBELT_D_OFF'],contradicted,added,VLM contradicted original — replacement VLM event added,,SEATBELT_D_OFF,1
3414,509636042,4882303786109435628,PER,['SEATBELT_D_OFF'],new_context_added,added,new_context_added added extra VLM context,,SEATBELT_D_OFF,1
3415,334148753,4882303786109423131,Ign ON,[],no_vlm_signal,no_change,VLM produced no usable event,,,0
3416,511879208,4882303786109418815,PER,"['SEATBELT_D_OFF', 'v_phone', 'v_distraction']",new_context_added,added,new_context_added added extra VLM context,,SEATBELT_D_OFF,1
3416,511879208,4882303786109418815,PER,"['SEATBELT_D_OFF', 'v_phone', 'v_distraction']",new_context_added,added,new_context_added added extra VLM context,,v_phone,1
3416,511879208,4882303786109418815,PER,"['SEATBELT_D_OFF', 'v_phone', 'v_distraction']",new_context_added,added,new_context_added added extra VLM context,,v_distraction,1
3417,437380121,4882303786109374926,PER,['SEATBELT_D_OFF'],new_context_added,added,new_context_added added extra VLM context,,SEATBELT_D_OFF,1
3418,511466682,4882303786109298760,PER,['SEATBELT_D_OFF'],new_context_added,added,new_context_added added extra VLM context,,SEATBELT_D_OFF,1
3419,509636557,4882303786109297514,PER,['v_phone'],new_context_added,added,new_context_added added extra VLM context,,v_phone,1
3420,523824244,4882303786109289190,v_distraction,[],not_confirmed,removed,"original event not confirmed by VLM, so it was removed",v_distraction,,1
3421,308058091,4882303786109286621,dHDG,[],no_vlm_signal,no_change,VLM produced no usable event,,,0
3422,518311941,4882303786109285564,PER,['SEATBELT_D_OFF'],new_context_added,added,new_context_added added extra VLM context,,SEATBELT_D_OFF,1
3423,443413751,4882303786109277650,PER,[],no_vlm_signal,no_change,VLM produced no usable event,,,0
3424,458891357,4882303786109205930,PER,"['SEATBELT_D_OFF', 'v_smoke']",new_context_added,added,new_context_added added extra VLM context,,SEATBELT_D_OFF,1
3424,458891357,4882303786109205930,PER,"['SEATBELT_D_OFF', 'v_smoke']",new_context_added,added,new_context_added added extra VLM context,,v_smoke,1
3425,511642605,4882303786109197094,PER,[],no_vlm_signal,no_change,VLM produced no usable event,,,0
3426,338306241,4882303786109180613,dHDG,['SEATBELT_D_OFF'],new_context_added,added,new_context_added added extra VLM context,,SEATBELT_D_OFF,1
3427,435028160,4882303786109158433,Ign ON,['SEATBELT_D_OFF'],new_context_added,added,new_context_added added extra VLM context,,SEATBELT_D_OFF,1
3428,524598614,4882303786109145588,PER,['SEATBELT_D_OFF'],new_context_added,added,new_context_added added extra VLM context,,SEATBELT_D_OFF,1
3429,307989723,4882303786109144298,dHDG,[],no_vlm_signal,no_change,VLM produced no usable event,,,0
3430,308058091,4882303786109141247,v_phone,['v_phone'],confirmed,no_change,"original event stayed, no extra VLM event needed",,,0
3431,523824244,4882303786109131604,v_eye_closed,['v_phone'],contradicted,removed,VLM contradicted original telematics event — original removed,v_eye_closed,,1
3431,523824244,4882303786109131604,v_eye_closed,['v_phone'],contradicted,added,VLM contradicted original — replacement VLM event added,,v_phone,1
3432,417516308,4882303786109061836,PER,[],no_vlm_signal,no_change,VLM produced no usable event,,,0
3433,373272248,4882303786109053005,PER,[],no_vlm_signal,no_change,VLM produced no usable event,,,0
3434,509637553,4882303786109045018,dHDG,[],no_vlm_signal,no_change,VLM produced no usable event,,,0
3435,322785930,4882303786109024316,PER,[],no_vlm_signal,no_change,VLM produced no usable event,,,0
3436,509637286,4882303786109021602,dHDG,[],no_vlm_signal,no_change,VLM produced no usable event,,,0
3437,454260123,4882303786109003305,v_fatigue,"['SEATBELT_D_OFF', 'v_phone']",contradicted,removed,VLM contradicted original telematics event — original removed,v_fatigue,,1
3437,454260123,4882303786109003305,v_fatigue,"['SEATBELT_D_OFF', 'v_phone']",contradicted,added,VLM contradicted original — replacement VLM event added,,SEATBELT_D_OFF,1
3437,454260123,4882303786109003305,v_fatigue,"['SEATBELT_D_OFF', 'v_phone']",contradicted,added,VLM contradicted original — replacement VLM event added,,v_phone,1
3438,513225962,4882303786108992563,PER,['SEATBELT_D_OFF'],new_context_added,added,new_context_added added extra VLM context,,SEATBELT_D_OFF,1
3439,464868635,4882303786108967641,dHDG,['SEATBELT_D_OFF'],new_context_added,added,new_context_added added extra VLM context,,SEATBELT_D_OFF,1
3440,518312065,4882303786108965606,PER,['SEATBELT_D_OFF'],new_context_added,added,new_context_added added extra VLM context,,SEATBELT_D_OFF,1
3441,512994171,4882303786108954152,PER,['SEATBELT_D_OFF'],new_context_added,added,new_context_added added extra VLM context,,SEATBELT_D_OFF,1
3442,333545827,4882303786108948593,PER,['SEATBELT_D_OFF'],new_context_added,added,new_context_added added extra VLM context,,SEATBELT_D_OFF,1
3443,454260123,4882303786108945632,v_phone,['v_phone'],confirmed,no_change,"original event stayed, no extra VLM event needed",,,0
3444,454270937,4882303786108916646,dHDG,[],no_vlm_signal,no_change,VLM produced no usable event,,,0
3445,523824244,4882303786108873422,v_eye_closed,['v_phone'],contradicted,removed,VLM contradicted original telematics event — original removed,v_eye_closed,,1
3445,523824244,4882303786108873422,v_eye_closed,['v_phone'],contradicted,added,VLM contradicted original — replacement VLM event added,,v_phone,1
3446,509637899,4882303786108825866,PER,['SEATBELT_D_OFF'],new_context_added,added,new_context_added added extra VLM context,,SEATBELT_D_OFF,1
3447,429576946,4882303786108824187,Ign ON,[],no_vlm_signal,no_change,VLM produced no usable event,,,0
3448,509637948,4882303786108808453,dHDG,[],no_vlm_signal,no_change,VLM produced no usable event,,,0
3449,459503546,4882303786108806491,PER,[],no_vlm_signal,no_change,VLM produced no usable event,,,0
3450,460126729,4882303786108804391,PER,[],no_vlm_signal,no_change,VLM produced no usable event,,,0
3451,507302670,4882303786108789289,dHDG,[],no_vlm_signal,no_change,VLM produced no usable event,,,0
3452,437381828,4882303786108789156,Ign ON,['SEATBELT_D_OFF'],new_context_added,added,new_context_added added extra VLM context,,SEATBELT_D_OFF,1
3453,337268755,4882303786108765965,v_cam_covered,"['v_phone', 'v_distraction']",contradicted,removed,VLM contradicted original telematics event — original removed,v_cam_covered,,1
3453,337268755,4882303786108765965,v_cam_covered,"['v_phone', 'v_distraction']",contradicted,added,VLM contradicted original — replacement VLM event added,,v_phone,1
3453,337268755,4882303786108765965,v_cam_covered,"['v_phone', 'v_distraction']",contradicted,added,VLM contradicted original — replacement VLM event added,,v_distraction,1
3454,512990207,4882303786108764097,PER,"['v_phone', 'v_distraction']",new_context_added,added,new_context_added added extra VLM context,,v_phone,1
3454,512990207,4882303786108764097,PER,"['v_phone', 'v_distraction']",new_context_added,added,new_context_added added extra VLM context,,v_distraction,1
3455,523824244,4882303786108761742,v_distraction,[],not_confirmed,removed,"original event not confirmed by VLM, so it was removed",v_distraction,,1
3456,365321388,4882303786108756445,PER,[],no_vlm_signal,no_change,VLM produced no usable event,,,0
3457,458886154,4882303786108756398,PER,[],no_vlm_signal,no_change,VLM produced no usable event,,,0
3458,454260123,4882303786108744348,v_phone,"['SEATBELT_D_OFF', 'v_phone']",refined,added,refined added extra VLM context,,SEATBELT_D_OFF,1
3459,511461222,4882303786108739288,PER,[],no_vlm_signal,no_change,VLM produced no usable event,,,0
3460,511879248,4882303786108718655,PER,['SEATBELT_D_OFF'],new_context_added,added,new_context_added added extra VLM context,,SEATBELT_D_OFF,1
3461,308058091,4882303786108718617,v_phone,['v_phone'],confirmed,no_change,"original event stayed, no extra VLM event needed",,,0
3462,422017575,4882303786108710568,dHDG,[],no_vlm_signal,no_change,VLM produced no usable event,,,0
3463,512982665,4882303786108696990,Ign ON,['SEATBELT_D_OFF'],new_context_added,added,new_context_added added extra VLM context,,SEATBELT_D_OFF,1
3464,317984514,4882303786108686185,PER,['SEATBELT_D_OFF'],new_context_added,added,new_context_added added extra VLM context,,SEATBELT_D_OFF,1
3465,511879208,4882303786108684665,PER,['SEATBELT_D_OFF'],new_context_added,added,new_context_added added extra VLM context,,SEATBELT_D_OFF,1
3466,518312835,4882303786108667069,dHDG,[],no_vlm_signal,no_change,VLM produced no usable event,,,0
3467,365670886,4882303786108636441,v_yawn,[],not_confirmed,removed,"original event not confirmed by VLM, so it was removed",v_yawn,,1
3468,507451763,4882303786108632212,dHDG,[],no_vlm_signal,no_change,VLM produced no usable event,,,0
3469,429536893,4882303786108630820,dHDG,"['v_phone', 'v_distraction']",new_context_added,added,new_context_added added extra VLM context,,v_phone,1
3469,429536893,4882303786108630820,dHDG,"['v_phone', 'v_distraction']",new_context_added,added,new_context_added added extra VLM context,,v_distraction,1
3470,454260123,4882303786108612927,v_phone,"['SEATBELT_D_OFF', 'v_phone']",refined,added,refined added extra VLM context,,SEATBELT_D_OFF,1
3471,335116387,4882303786108602519,Ign ON,['SEATBELT_D_OFF'],new_context_added,added,new_context_added added extra VLM context,,SEATBELT_D_OFF,1
3472,464868635,4882303786108599811,v_phone,['v_phone'],confirmed,no_change,"original event stayed, no extra VLM event needed",,,0
3473,312741040,4882303786108562445,PER,['SEATBELT_D_OFF'],new_context_added,added,new_context_added added extra VLM context,,SEATBELT_D_OFF,1
3474,334154315,4882303786108556460,v_yawn,[],not_confirmed,removed,"original event not confirmed by VLM, so it was removed",v_yawn,,1
3475,454260123,4882303786108552877,Ign ON,['SEATBELT_D_OFF'],new_context_added,added,new_context_added added extra VLM context,,SEATBELT_D_OFF,1
3476,308058091,4882303786108536355,PER,[],no_vlm_signal,no_change,VLM produced no usable event,,,0
3477,511468560,4882303786108535029,PER,"['v_phone', 'v_distraction']",new_context_added,added,new_context_added added extra VLM context,,v_phone,1
3477,511468560,4882303786108535029,PER,"['v_phone', 'v_distraction']",new_context_added,added,new_context_added added extra VLM context,,v_distraction,1
3478,466968443,4882303786108533591,dHDG,['SEATBELT_D_OFF'],new_context_added,added,new_context_added added extra VLM context,,SEATBELT_D_OFF,1
3479,509637652,4882303786108527222,PER,[],no_vlm_signal,no_change,VLM produced no usable event,,,0
3480,458748209,4882303786108503529,Ign ON,"['SEATBELT_D_OFF', 'v_phone']",new_context_added,added,new_context_added added extra VLM context,,SEATBELT_D_OFF,1
3480,458748209,4882303786108503529,Ign ON,"['SEATBELT_D_OFF', 'v_phone']",new_context_added,added,new_context_added added extra VLM context,,v_phone,1
3481,459506928,4882303786108494017,PER,['SEATBELT_D_OFF'],new_context_added,added,new_context_added added extra VLM context,,SEATBELT_D_OFF,1
3482,454270937,4882303786108493831,v_phone,['v_phone'],confirmed,no_change,"original event stayed, no extra VLM event needed",,,0
3483,337268755,4882303786108492132,dHDG,[],no_vlm_signal,no_change,VLM produced no usable event,,,0
3484,334154315,4882303786108490780,PER,['SEATBELT_D_OFF'],new_context_added,added,new_context_added added extra VLM context,,SEATBELT_D_OFF,1
3485,416296124,4882303786108489072,dHDG,[],no_vlm_signal,no_change,VLM produced no usable event,,,0
3486,518311941,4882303786108449231,PER,['SEATBELT_D_OFF'],new_context_added,added,new_context_added added extra VLM context,,SEATBELT_D_OFF,1
3487,509636042,4882303786108447835,dHDG,[],no_vlm_signal,no_change,VLM produced no usable event,,,0
3488,523821771,4882303786108447361,PER,['SEATBELT_D_OFF'],new_context_added,added,new_context_added added extra VLM context,,SEATBELT_D_OFF,1
3489,511466682,4882303786108414350,dHDG,[],no_vlm_signal,no_change,VLM produced no usable event,,,0
3490,338306241,4882303786108411956,GPS_Lock,['v_phone'],new_context_added,added,new_context_added added extra VLM context,,v_phone,1
3491,415734364,4882303786108409203,v_phone,['v_phone'],confirmed,no_change,"original event stayed, no extra VLM event needed",,,0
3492,350179842,4882303786108397358,PER,[],no_vlm_signal,no_change,VLM produced no usable event,,,0
3493,524598614,4882303786108364680,Ign ON,"['SEATBELT_D_OFF', 'v_phone']",new_context_added,added,new_context_added added extra VLM context,,SEATBELT_D_OFF,1
3493,524598614,4882303786108364680,Ign ON,"['SEATBELT_D_OFF', 'v_phone']",new_context_added,added,new_context_added added extra VLM context,,v_phone,1
3494,307989723,4882303786108360949,PER,[],no_vlm_signal,no_change,VLM produced no usable event,,,0
3495,443717449,4882303786108354527,v_phone,['v_phone'],confirmed,no_change,"original event stayed, no extra VLM event needed",,,0
3496,436759512,4882303786108331303,PER,[],no_vlm_signal,no_change,VLM produced no usable event,,,0
3497,509636557,4882303786108327592,PER,"['v_phone', 'v_distraction']",new_context_added,added,new_context_added added extra VLM context,,v_phone,1
3497,509636557,4882303786108327592,PER,"['v_phone', 'v_distraction']",new_context_added,added,new_context_added added extra VLM context,,v_distraction,1
3498,507264889,4882303786108321934,PER,['SEATBELT_D_OFF'],new_context_added,added,new_context_added added extra VLM context,,SEATBELT_D_OFF,1
3499,435028160,4882303786108319111,PER,['SEATBELT_D_OFF'],new_context_added,added,new_context_added added extra VLM context,,SEATBELT_D_OFF,1
3500,523822117,4882303786108317327,Ign ON,['SEATBELT_D_OFF'],new_context_added,added,new_context_added added extra VLM context,,SEATBELT_D_OFF,1
3501,429536893,4882303786108315114,v_phone,['v_phone'],confirmed,no_change,"original event stayed, no extra VLM event needed",,,0
3502,509636074,4882303786108311395,Ign ON,['SEATBELT_D_OFF'],new_context_added,added,new_context_added added extra VLM context,,SEATBELT_D_OFF,1
3503,304245737,4882303786108309938,dHDG,[],no_vlm_signal,no_change,VLM produced no usable event,,,0
3504,322641484,4882303786108300498,PER,['SEATBELT_D_OFF'],new_context_added,added,new_context_added added extra VLM context,,SEATBELT_D_OFF,1
3505,454270937,4882303786108282411,v_phone,['v_phone'],confirmed,no_change,"original event stayed, no extra VLM event needed",,,0
3506,511465936,4882303786108274097,Ign ON,[],no_vlm_signal,no_change,VLM produced no usable event,,,0
3507,365599055,4882303786108270300,PER,['SEATBELT_D_OFF'],new_context_added,added,new_context_added added extra VLM context,,SEATBELT_D_OFF,1
3508,229817878,4882303786108266499,PER,['SEATBELT_D_OFF'],new_context_added,added,new_context_added added extra VLM context,,SEATBELT_D_OFF,1
3509,365598486,4882303786108266227,dHDG,['SEATBELT_D_OFF'],new_context_added,added,new_context_added added extra VLM context,,SEATBELT_D_OFF,1
3510,366763791,4882303786108265484,PER,[],no_vlm_signal,no_change,VLM produced no usable event,,,0
3511,453948326,4882303786108264751,v_phone,['v_phone'],confirmed,no_change,"original event stayed, no extra VLM event needed",,,0
3512,304245737,4882303786108243201,v_yawn,[],not_confirmed,removed,"original event not confirmed by VLM, so it was removed",v_yawn,,1
3513,336854753,4882303786108235495,Ign ON,[],no_vlm_signal,no_change,VLM produced no usable event,,,0
3514,509637286,4882303786108228761,PER,"['v_phone', 'v_distraction']",new_context_added,added,new_context_added added extra VLM context,,v_phone,1
3514,509637286,4882303786108228761,PER,"['v_phone', 'v_distraction']",new_context_added,added,new_context_added added extra VLM context,,v_distraction,1
3515,460126901,4882303786108194108,PER,"['SEATBELT_D_OFF', 'v_phone']",new_context_added,added,new_context_added added extra VLM context,,SEATBELT_D_OFF,1
3515,460126901,4882303786108194108,PER,"['SEATBELT_D_OFF', 'v_phone']",new_context_added,added,new_context_added added extra VLM context,,v_phone,1
3516,429536893,4882303786108174011,v_phone,['v_phone'],confirmed,no_change,"original event stayed, no extra VLM event needed",,,0
3517,333545827,4882303786108169783,v_cam_covered,[],confirmed,no_change,"original event stayed, no extra VLM event needed",,,0
3518,518867282,4882303786108163481,PER,['v_phone'],new_context_added,added,new_context_added added extra VLM context,,v_phone,1
3519,518312065,4882303786108163216,PER,['SEATBELT_D_OFF'],new_context_added,added,new_context_added added extra VLM context,,SEATBELT_D_OFF,1
3520,509637851,4882303786108152126,PER,"['SEATBELT_D_OFF', 'v_phone', 'v_distraction']",new_context_added,added,new_context_added added extra VLM context,,SEATBELT_D_OFF,1
3520,509637851,4882303786108152126,PER,"['SEATBELT_D_OFF', 'v_phone', 'v_distraction']",new_context_added,added,new_context_added added extra VLM context,,v_phone,1
3520,509637851,4882303786108152126,PER,"['SEATBELT_D_OFF', 'v_phone', 'v_distraction']",new_context_added,added,new_context_added added extra VLM context,,v_distraction,1
3521,334154315,4882303786108150590,v_yawn,"['v_phone', 'v_fatigue']",refined,added,refined added extra VLM context,,v_phone,1
3521,334154315,4882303786108150590,v_yawn,"['v_phone', 'v_fatigue']",refined,added,refined added extra VLM context,,v_fatigue,1
3522,511642605,4882303786108145726,dHDG,[],no_vlm_signal,no_change,VLM produced no usable event,,,0
3523,513225962,4882303786108140075,dHDG,['SEATBELT_D_OFF'],new_context_added,added,new_context_added added extra VLM context,,SEATBELT_D_OFF,1
3524,509636684,4882303786108123010,PER,[],no_vlm_signal,no_change,VLM produced no usable event,,,0
3525,512994171,4882303786108119249,dHDG,[],no_vlm_signal,no_change,VLM produced no usable event,,,0
3526,304246535,4882303786108092486,dHDG,[],no_vlm_signal,no_change,VLM produced no usable event,,,0
3527,317984438,4882303786108076876,v_phone,['v_phone'],confirmed,no_change,"original event stayed, no extra VLM event needed",,,0
3528,452460611,4882303786108068792,v_phone,['v_phone'],confirmed,no_change,"original event stayed, no extra VLM event needed",,,0
3529,409223544,4882303786108047051,v_fatigue,['v_fatigue'],confirmed,no_change,"original event stayed, no extra VLM event needed",,,0
3530,443668611,4882303786108040156,PER,[],no_vlm_signal,no_change,VLM produced no usable event,,,0
3531,443657921,4882303786108032410,dHDG,['SEATBELT_D_OFF'],new_context_added,added,new_context_added added extra VLM context,,SEATBELT_D_OFF,1
3532,338306241,4882303786108022879,v_phone,['v_phone'],confirmed,no_change,"original event stayed, no extra VLM event needed",,,0
3533,334154315,4882303786107998213,v_phone,"['SEATBELT_D_OFF', 'v_phone']",refined,added,refined added extra VLM context,,SEATBELT_D_OFF,1
3534,443717449,4882303786107995595,v_phone,['v_phone'],confirmed,no_change,"original event stayed, no extra VLM event needed",,,0
3535,317984619,4882303786107989485,PER,[],no_vlm_signal,no_change,VLM produced no usable event,,,0
3536,466915879,4882303786107983078,PER,['SEATBELT_D_OFF'],new_context_added,added,new_context_added added extra VLM context,,SEATBELT_D_OFF,1
3537,464367957,4882303786107978858,Ign ON,[],no_vlm_signal,no_change,VLM produced no usable event,,,0
3538,443717449,4882303786107970252,PER,['SEATBELT_D_OFF'],new_context_added,added,new_context_added added extra VLM context,,SEATBELT_D_OFF,1
3539,507451763,4882303786107946725,v_cam_covered,[],not_confirmed,removed,"original event not confirmed by VLM, so it was removed",v_cam_covered,,1
3540,371660225,4882303786107946477,PER,['SEATBELT_D_OFF'],new_context_added,added,new_context_added added extra VLM context,,SEATBELT_D_OFF,1
3541,458886154,4882303786107944203,dHDG,['SEATBELT_D_OFF'],new_context_added,added,new_context_added added extra VLM context,,SEATBELT_D_OFF,1
3542,459505768,4882303786107926705,PER,['SEATBELT_D_OFF'],new_context_added,added,new_context_added added extra VLM context,,SEATBELT_D_OFF,1
3543,523821830,4882303786107911211,PER,['SEATBELT_D_OFF'],new_context_added,added,new_context_added added extra VLM context,,SEATBELT_D_OFF,1
3544,459503546,4882303786107898018,Ign ON,"['SEATBELT_D_OFF', 'v_phone', 'v_distraction']",new_context_added,added,new_context_added added extra VLM context,,SEATBELT_D_OFF,1
3544,459503546,4882303786107898018,Ign ON,"['SEATBELT_D_OFF', 'v_phone', 'v_distraction']",new_context_added,added,new_context_added added extra VLM context,,v_phone,1
3544,459503546,4882303786107898018,Ign ON,"['SEATBELT_D_OFF', 'v_phone', 'v_distraction']",new_context_added,added,new_context_added added extra VLM context,,v_distraction,1
3545,422017575,4882303786107897204,dHDG,['v_phone'],new_context_added,added,new_context_added added extra VLM context,,v_phone,1
3546,338306241,4882303786107882356,v_phone,['v_phone'],confirmed,no_change,"original event stayed, no extra VLM event needed",,,0
3547,509637899,4882303786107859697,PER,['SEATBELT_D_OFF'],new_context_added,added,new_context_added added extra VLM context,,SEATBELT_D_OFF,1
3548,518312835,4882303786107852490,dHDG,['v_phone'],new_context_added,added,new_context_added added extra VLM context,,v_phone,1
3549,523824244,4882303786107850950,v_distraction,['SEATBELT_D_OFF'],contradicted,removed,VLM contradicted original telematics event — original removed,v_distraction,,1
3549,523824244,4882303786107850950,v_distraction,['SEATBELT_D_OFF'],contradicted,added,VLM contradicted original — replacement VLM event added,,SEATBELT_D_OFF,1
3550,409223544,4882303786107836066,Ign ON,['v_phone'],new_context_added,added,new_context_added added extra VLM context,,v_phone,1
3551,429536893,4882303786107835694,v_phone,"['SEATBELT_D_OFF', 'v_phone']",refined,added,refined added extra VLM context,,SEATBELT_D_OFF,1
3552,334154315,4882303786107825076,v_phone,"['SEATBELT_D_OFF', 'v_phone']",refined,added,refined added extra VLM context,,SEATBELT_D_OFF,1
3553,507451763,4882303786107819417,PER,[],no_vlm_signal,no_change,VLM produced no usable event,,,0
3554,373272248,4882303786107818229,Ign ON,['SEATBELT_D_OFF'],new_context_added,added,new_context_added added extra VLM context,,SEATBELT_D_OFF,1
3555,511633709,4882303786107812707,PER,"['SEATBELT_D_OFF', 'v_phone']",new_context_added,added,new_context_added added extra VLM context,,SEATBELT_D_OFF,1
3555,511633709,4882303786107812707,PER,"['SEATBELT_D_OFF', 'v_phone']",new_context_added,added,new_context_added added extra VLM context,,v_phone,1
3556,429536893,4882303786107812620,PER,['SEATBELT_D_OFF'],new_context_added,added,new_context_added added extra VLM context,,SEATBELT_D_OFF,1
3557,429576946,4882303786107794065,PER,['SEATBELT_D_OFF'],new_context_added,added,new_context_added added extra VLM context,,SEATBELT_D_OFF,1
3558,458891357,4882303786107728267,PER,[],no_vlm_signal,no_change,VLM produced no usable event,,,0
3559,434846817,4882303786107725794,Ign ON,"['SEATBELT_D_OFF', 'v_phone']",new_context_added,added,new_context_added added extra VLM context,,SEATBELT_D_OFF,1
3559,434846817,4882303786107725794,Ign ON,"['SEATBELT_D_OFF', 'v_phone']",new_context_added,added,new_context_added added extra VLM context,,v_phone,1
3560,511897418,4882303786107722389,Ign ON,['SEATBELT_D_OFF'],new_context_added,added,new_context_added added extra VLM context,,SEATBELT_D_OFF,1
3561,308058091,4882303786107718017,PER,[],no_vlm_signal,no_change,VLM produced no usable event,,,0
3562,523822248,4882303786107713645,PER,['SEATBELT_D_OFF'],new_context_added,added,new_context_added added extra VLM context,,SEATBELT_D_OFF,1
3563,507302670,4882303786107711605,dHDG,[],no_vlm_signal,no_change,VLM produced no usable event,,,0
3564,509637621,4882303786107704818,dHDG,['SEATBELT_D_OFF'],new_context_added,added,new_context_added added extra VLM context,,SEATBELT_D_OFF,1
3565,464878170,4882303786107694971,PER,[],no_vlm_signal,no_change,VLM produced no usable event,,,0
3566,435288506,4882303786107680838,v_fatigue,['v_fatigue'],confirmed,no_change,"original event stayed, no extra VLM event needed",,,0
3567,317984438,4882303786107679789,v_phone,[],not_confirmed,removed,"original event not confirmed by VLM, so it was removed",v_phone,,1
3568,416296124,4882303786107678413,dHDG,[],no_vlm_signal,no_change,VLM produced no usable event,,,0
3569,337268755,4882303786107678223,dHDG,[],no_vlm_signal,no_change,VLM produced no usable event,,,0
3570,511468560,4882303786107644609,dHDG,"['v_phone', 'v_distraction']",new_context_added,added,new_context_added added extra VLM context,,v_phone,1
3570,511468560,4882303786107644609,dHDG,"['v_phone', 'v_distraction']",new_context_added,added,new_context_added added extra VLM context,,v_distraction,1
3571,317984438,4882303786107641108,PER,['v_phone'],new_context_added,added,new_context_added added extra VLM context,,v_phone,1
3572,456979367,4882303786107635748,PER,[],no_vlm_signal,no_change,VLM produced no usable event,,,0
3573,511461222,4882303786107635681,PER,[],no_vlm_signal,no_change,VLM produced no usable event,,,0
3574,509636042,4882303786107632197,PER,['v_phone'],new_context_added,added,new_context_added added extra VLM context,,v_phone,1
3575,459618013,4882303786107624191,Ign ON,[],review_only,no_change,review_only found nothing new to add,,,0
3576,509637926,4882303786107620762,PER,"['SEATBELT_D_OFF', 'v_phone']",new_context_added,added,new_context_added added extra VLM context,,SEATBELT_D_OFF,1
3576,509637926,4882303786107620762,PER,"['SEATBELT_D_OFF', 'v_phone']",new_context_added,added,new_context_added added extra VLM context,,v_phone,1
3577,513234561,4882303786107619209,dHDG,[],no_vlm_signal,no_change,VLM produced no usable event,,,0
3578,509637652,4882303786107593999,dHDG,[],no_vlm_signal,no_change,VLM produced no usable event,,,0
3579,333545827,4882303786107567709,dHDG,['SEATBELT_D_OFF'],new_context_added,added,new_context_added added extra VLM context,,SEATBELT_D_OFF,1
3580,334148753,4882303786107561129,v_distraction,['SEATBELT_D_OFF'],contradicted,removed,VLM contradicted original telematics event — original removed,v_distraction,,1
3580,334148753,4882303786107561129,v_distraction,['SEATBELT_D_OFF'],contradicted,added,VLM contradicted original — replacement VLM event added,,SEATBELT_D_OFF,1
3581,333212161,4882303786107559400,PER,[],no_vlm_signal,no_change,VLM produced no usable event,,,0
3582,333585410,4882303786107555199,PER,['SEATBELT_D_OFF'],new_context_added,added,new_context_added added extra VLM context,,SEATBELT_D_OFF,1
3583,333987612,4882303786107549702,PER,['v_cam_covered'],new_context_added,added,new_context_added added extra VLM context,,v_cam_covered,1
3584,437380121,4882303786107505063,PER,['v_phone'],new_context_added,added,new_context_added added extra VLM context,,v_phone,1
3585,322641484,4882303786107501907,PER,[],no_vlm_signal,no_change,VLM produced no usable event,,,0
3586,459506000,4882303786107451819,Ign ON,"['SEATBELT_D_OFF', 'v_phone', 'v_distraction']",new_context_added,added,new_context_added added extra VLM context,,SEATBELT_D_OFF,1
3586,459506000,4882303786107451819,Ign ON,"['SEATBELT_D_OFF', 'v_phone', 'v_distraction']",new_context_added,added,new_context_added added extra VLM context,,v_phone,1
3586,459506000,4882303786107451819,Ign ON,"['SEATBELT_D_OFF', 'v_phone', 'v_distraction']",new_context_added,added,new_context_added added extra VLM context,,v_distraction,1
3587,365598883,4882303786107441680,PER,['SEATBELT_D_OFF'],new_context_added,added,new_context_added added extra VLM context,,SEATBELT_D_OFF,1
3588,334148753,4882303786107439121,PER,['SEATBELT_D_OFF'],new_context_added,added,new_context_added added extra VLM context,,SEATBELT_D_OFF,1
3589,512982665,4882303786107429788,PER,"['SEATBELT_D_OFF', 'v_phone']",new_context_added,added,new_context_added added extra VLM context,,SEATBELT_D_OFF,1
3589,512982665,4882303786107429788,PER,"['SEATBELT_D_OFF', 'v_phone']",new_context_added,added,new_context_added added extra VLM context,,v_phone,1
3590,435288506,4882303786107404211,Ign ON,[],no_vlm_signal,no_change,VLM produced no usable event,,,0
3591,334008589,4882303786107394208,PER,[],no_vlm_signal,no_change,VLM produced no usable event,,,0
3592,518867282,4882303786107363546,PER,['SEATBELT_D_OFF'],new_context_added,added,new_context_added added extra VLM context,,SEATBELT_D_OFF,1
3593,511642605,4882303786107348316,dHDG,[],no_vlm_signal,no_change,VLM produced no usable event,,,0
3594,511465936,4882303786107343002,PER,[],no_vlm_signal,no_change,VLM produced no usable event,,,0
3595,338306241,4882303786107319634,Ign ON,"['SEATBELT_D_OFF', 'v_phone', 'v_distraction']",new_context_added,added,new_context_added added extra VLM context,,SEATBELT_D_OFF,1
3595,338306241,4882303786107319634,Ign ON,"['SEATBELT_D_OFF', 'v_phone', 'v_distraction']",new_context_added,added,new_context_added added extra VLM context,,v_phone,1
3595,338306241,4882303786107319634,Ign ON,"['SEATBELT_D_OFF', 'v_phone', 'v_distraction']",new_context_added,added,new_context_added added extra VLM context,,v_distraction,1
3596,304246535,4882303786107297309,Ign ON,[],no_vlm_signal,no_change,VLM produced no usable event,,,0
3597,513225962,4882303786107292876,dHDG,[],no_vlm_signal,no_change,VLM produced no usable event,,,0
3598,518311941,4882303786107271689,dHDG,['v_phone'],new_context_added,added,new_context_added added extra VLM context,,v_phone,1
3599,336854753,4882303786107266563,dHDG,['SEATBELT_D_OFF'],new_context_added,added,new_context_added added extra VLM context,,SEATBELT_D_OFF,1
3600,443657921,4882303786107243683,dHDG,[],no_vlm_signal,no_change,VLM produced no usable event,,,0
3601,337268755,4882303786107235092,v_phone,['v_phone'],confirmed,no_change,"original event stayed, no extra VLM event needed",,,0
3602,464397351,4882303786107220590,PER,[],no_vlm_signal,no_change,VLM produced no usable event,,,0
3603,509637851,4882303786107174862,dHDG,"['v_phone', 'v_distraction']",new_context_added,added,new_context_added added extra VLM context,,v_phone,1
3603,509637851,4882303786107174862,dHDG,"['v_phone', 'v_distraction']",new_context_added,added,new_context_added added extra VLM context,,v_distraction,1
3604,458886154,4882303786107156851,dHDG,['SEATBELT_D_OFF'],new_context_added,added,new_context_added added extra VLM context,,SEATBELT_D_OFF,1
3605,422017575,4882303786107123788,Ign ON,[],no_vlm_signal,no_change,VLM produced no usable event,,,0
3606,458748209,4882303786107115402,Ign ON,['SEATBELT_D_OFF'],new_context_added,added,new_context_added added extra VLM context,,SEATBELT_D_OFF,1
3607,336854753,4882303786107069804,v_fatigue,['SEATBELT_D_OFF'],contradicted,removed,VLM contradicted original telematics event — original removed,v_fatigue,,1
3607,336854753,4882303786107069804,v_fatigue,['SEATBELT_D_OFF'],contradicted,added,VLM contradicted original — replacement VLM event added,,SEATBELT_D_OFF,1
3608,229817878,4882303786107032666,v_phone,"['SEATBELT_D_OFF', 'v_phone']",refined,added,refined added extra VLM context,,SEATBELT_D_OFF,1
3609,443717449,4882303786107020375,PER,[],no_vlm_signal,no_change,VLM produced no usable event,,,0
3610,512989545,4882303786107006339,PER,['SEATBELT_D_OFF'],new_context_added,added,new_context_added added extra VLM context,,SEATBELT_D_OFF,1
3611,443744270,4882303786106998425,v_phone,['v_phone'],confirmed,no_change,"original event stayed, no extra VLM event needed",,,0
3612,416296124,4882303786106991258,v_cam_covered,[],no_vlm_signal,no_change,VLM produced no usable event,,,0
3613,366751690,4882303786106986745,dHDG,[],no_vlm_signal,no_change,VLM produced no usable event,,,0
3614,373272248,4882303786106985686,Ign ON,"['SEATBELT_D_OFF', 'v_phone']",new_context_added,added,new_context_added added extra VLM context,,SEATBELT_D_OFF,1
3614,373272248,4882303786106985686,Ign ON,"['SEATBELT_D_OFF', 'v_phone']",new_context_added,added,new_context_added added extra VLM context,,v_phone,1
3615,334008589,4882303786106979769,v_distraction,[],not_confirmed,removed,"original event not confirmed by VLM, so it was removed",v_distraction,,1
3616,443744270,4882303786106963330,PER,[],no_vlm_signal,no_change,VLM produced no usable event,,,0
3617,333584194,4882303786106960979,v_distraction,"['SEATBELT_D_OFF', 'v_phone']",contradicted,removed,VLM contradicted original telematics event — original removed,v_distraction,,1
3617,333584194,4882303786106960979,v_distraction,"['SEATBELT_D_OFF', 'v_phone']",contradicted,added,VLM contradicted original — replacement VLM event added,,SEATBELT_D_OFF,1
3617,333584194,4882303786106960979,v_distraction,"['SEATBELT_D_OFF', 'v_phone']",contradicted,added,VLM contradicted original — replacement VLM event added,,v_phone,1
3618,523822248,4882303786106952947,Ign ON,['SEATBELT_D_OFF'],new_context_added,added,new_context_added added extra VLM context,,SEATBELT_D_OFF,1
3619,507271653,4882303786106928761,Ign ON,[],no_vlm_signal,no_change,VLM produced no usable event,,,0
3620,464878170,4882303786106928044,PER,['SEATBELT_D_OFF'],new_context_added,added,new_context_added added extra VLM context,,SEATBELT_D_OFF,1
3621,333584194,4882303786106910855,Ign ON,['SEATBELT_D_OFF'],new_context_added,added,new_context_added added extra VLM context,,SEATBELT_D_OFF,1
3622,416296124,4882303786106909499,PER,[],no_vlm_signal,no_change,VLM produced no usable event,,,0
3623,337268755,4882303786106906702,dHDG,[],no_vlm_signal,no_change,VLM produced no usable event,,,0
3624,511468560,4882303786106880498,PER,['SEATBELT_D_OFF'],new_context_added,added,new_context_added added extra VLM context,,SEATBELT_D_OFF,1
3625,409223544,4882303786106849202,v_fatigue,['v_phone'],contradicted,removed,VLM contradicted original telematics event — original removed,v_fatigue,,1
3625,409223544,4882303786106849202,v_fatigue,['v_phone'],contradicted,added,VLM contradicted original — replacement VLM event added,,v_phone,1
3626,429576946,4882303786106838603,PER,['v_phone'],new_context_added,added,new_context_added added extra VLM context,,v_phone,1
3627,509637652,4882303786106836045,PER,['v_phone'],new_context_added,added,new_context_added added extra VLM context,,v_phone,1
3628,337268755,4882303786106828553,v_phone,"['SEATBELT_D_OFF', 'v_phone']",refined,added,refined added extra VLM context,,SEATBELT_D_OFF,1
3629,366751690,4882303786106802316,v_fatigue,[],not_confirmed,removed,"original event not confirmed by VLM, so it was removed",v_fatigue,,1
3630,334008589,4882303786106779575,v_phone,"['SEATBELT_D_OFF', 'v_phone']",refined,added,refined added extra VLM context,,SEATBELT_D_OFF,1
3631,336854753,4882303786106756746,v_distraction,['SEATBELT_D_OFF'],contradicted,removed,VLM contradicted original telematics event — original removed,v_distraction,,1
3631,336854753,4882303786106756746,v_distraction,['SEATBELT_D_OFF'],contradicted,added,VLM contradicted original — replacement VLM event added,,SEATBELT_D_OFF,1
3632,460126455,4882303786106738478,dHDG,[],no_vlm_signal,no_change,VLM produced no usable event,,,0
3633,366763791,4882303786106734419,dHDG,['SEATBELT_D_OFF'],new_context_added,added,new_context_added added extra VLM context,,SEATBELT_D_OFF,1
3634,509636001,4882303786106709523,dHDG,[],no_vlm_signal,no_change,VLM produced no usable event,,,0
3635,409223544,4882303786106708498,v_fatigue,[],confirmed,no_change,"original event stayed, no extra VLM event needed",,,0
3636,409223544,4882303786106689152,dHDG,[],no_vlm_signal,no_change,VLM produced no usable event,,,0
3637,366751690,4882303786106668110,v_fatigue,['v_fatigue'],confirmed,no_change,"original event stayed, no extra VLM event needed",,,0
3638,334008589,4882303786106644186,v_yawn,['SEATBELT_D_OFF'],contradicted,removed,VLM contradicted original telematics event — original removed,v_yawn,,1
3638,334008589,4882303786106644186,v_yawn,['SEATBELT_D_OFF'],contradicted,added,VLM contradicted original — replacement VLM event added,,SEATBELT_D_OFF,1
3639,460126901,4882303786106630859,PER,"['SEATBELT_D_OFF', 'v_phone']",new_context_added,added,new_context_added added extra VLM context,,SEATBELT_D_OFF,1
3639,460126901,4882303786106630859,PER,"['SEATBELT_D_OFF', 'v_phone']",new_context_added,added,new_context_added added extra VLM context,,v_phone,1
3640,366751690,4882303786106614206,v_distraction,[],not_confirmed,removed,"original event not confirmed by VLM, so it was removed",v_distraction,,1
3641,511642605,4882303786106608289,PER,[],no_vlm_signal,no_change,VLM produced no usable event,,,0
3642,513225962,4882303786106598498,dHDG,['SEATBELT_D_OFF'],new_context_added,added,new_context_added added extra VLM context,,SEATBELT_D_OFF,1
3643,229817878,4882303786106561206,dHDG,['v_smoke'],new_context_added,added,new_context_added added extra VLM context,,v_smoke,1
3644,409223544,4882303786106560310,v_fatigue,[],not_confirmed,removed,"original event not confirmed by VLM, so it was removed",v_fatigue,,1
3645,304246535,4882303786106554726,Ign ON,[],no_vlm_signal,no_change,VLM produced no usable event,,,0
3646,459506000,4882303786106538251,PER,['SEATBELT_D_OFF'],new_context_added,added,new_context_added added extra VLM context,,SEATBELT_D_OFF,1
3647,518311941,4882303786106537769,dHDG,"['v_phone', 'v_distraction']",new_context_added,added,new_context_added added extra VLM context,,v_phone,1
3647,518311941,4882303786106537769,dHDG,"['v_phone', 'v_distraction']",new_context_added,added,new_context_added added extra VLM context,,v_distraction,1
3648,334008589,4882303786106532687,PER,['v_phone'],new_context_added,added,new_context_added added extra VLM context,,v_phone,1
3649,336854753,4882303786106528147,PER,['SEATBELT_D_OFF'],new_context_added,added,new_context_added added extra VLM context,,SEATBELT_D_OFF,1
3650,524596949,4882303786106524253,PER,[],no_vlm_signal,no_change,VLM produced no usable event,,,0
3651,321626503,4882303786106515125,GPS_Lock,['SEATBELT_D_OFF'],new_context_added,added,new_context_added added extra VLM context,,SEATBELT_D_OFF,1
3652,365599055,4882303786106510340,Ign ON,['SEATBELT_D_OFF'],new_context_added,added,new_context_added added extra VLM context,,SEATBELT_D_OFF,1
3653,334148753,4882303786106509305,v_phone,['v_phone'],confirmed,no_change,"original event stayed, no extra VLM event needed",,,0
3654,333545827,4882303786106500042,v_fatigue,['SEATBELT_D_OFF'],contradicted,removed,VLM contradicted original telematics event — original removed,v_fatigue,,1
3654,333545827,4882303786106500042,v_fatigue,['SEATBELT_D_OFF'],contradicted,added,VLM contradicted original — replacement VLM event added,,SEATBELT_D_OFF,1
3655,459618013,4882303786106485729,Ign ON,['SEATBELT_D_OFF'],new_context_added,added,new_context_added added extra VLM context,,SEATBELT_D_OFF,1
3656,456979367,4882303786106453066,PER,['SEATBELT_D_OFF'],new_context_added,added,new_context_added added extra VLM context,,SEATBELT_D_OFF,1
3657,454260123,4882303786106452962,v_phone,['v_phone'],confirmed,no_change,"original event stayed, no extra VLM event needed",,,0
3658,523822483,4882303786106439682,PER,[],no_vlm_signal,no_change,VLM produced no usable event,,,0
3659,454260123,4882303786106439586,PER,"['SEATBELT_D_OFF', 'v_phone']",new_context_added,added,new_context_added added extra VLM context,,SEATBELT_D_OFF,1
3659,454260123,4882303786106439586,PER,"['SEATBELT_D_OFF', 'v_phone']",new_context_added,added,new_context_added added extra VLM context,,v_phone,1
3660,509637851,4882303786106438998,dHDG,[],no_vlm_signal,no_change,VLM produced no usable event,,,0
3661,371660225,4882303786106401899,v_phone,['v_phone'],confirmed,no_change,"original event stayed, no extra VLM event needed",,,0
3662,409223544,4882303786106376050,v_fatigue,[],not_confirmed,removed,"original event not confirmed by VLM, so it was removed",v_fatigue,,1
3663,511471809,4882303786106344725,PER,"['SEATBELT_D_OFF', 'v_phone']",new_context_added,added,new_context_added added extra VLM context,,SEATBELT_D_OFF,1
3663,511471809,4882303786106344725,PER,"['SEATBELT_D_OFF', 'v_phone']",new_context_added,added,new_context_added added extra VLM context,,v_phone,1
3664,425968651,4882303786106343322,Ign ON,[],no_vlm_signal,no_change,VLM produced no usable event,,,0
3665,511879208,4882303786106341172,dHDG,['SEATBELT_D_OFF'],new_context_added,added,new_context_added added extra VLM context,,SEATBELT_D_OFF,1
3666,334148753,4882303786106274662,dHDG,['SEATBELT_D_OFF'],new_context_added,added,new_context_added added extra VLM context,,SEATBELT_D_OFF,1
3667,334148753,4882303786106267958,v_phone,"['SEATBELT_D_OFF', 'v_phone']",refined,added,refined added extra VLM context,,SEATBELT_D_OFF,1
3668,366751690,4882303786106259695,PER,"['v_phone', 'v_distraction']",new_context_added,added,new_context_added added extra VLM context,,v_phone,1
3668,366751690,4882303786106259695,PER,"['v_phone', 'v_distraction']",new_context_added,added,new_context_added added extra VLM context,,v_distraction,1
3669,436759512,4882303786106225985,Ign ON,['SEATBELT_D_OFF'],new_context_added,added,new_context_added added extra VLM context,,SEATBELT_D_OFF,1
3670,458891357,4882303786106203711,PER,[],no_vlm_signal,no_change,VLM produced no usable event,,,0
3671,518312835,4882303786106186332,PER,[],no_vlm_signal,no_change,VLM produced no usable event,,,0
3672,459505768,4882303786106183632,PER,['SEATBELT_D_OFF'],new_context_added,added,new_context_added added extra VLM context,,SEATBELT_D_OFF,1
3673,337268755,4882303786106180980,PER,"['SEATBELT_D_OFF', 'v_phone', 'v_distraction']",new_context_added,added,new_context_added added extra VLM context,,SEATBELT_D_OFF,1
3673,337268755,4882303786106180980,PER,"['SEATBELT_D_OFF', 'v_phone', 'v_distraction']",new_context_added,added,new_context_added added extra VLM context,,v_phone,1
3673,337268755,4882303786106180980,PER,"['SEATBELT_D_OFF', 'v_phone', 'v_distraction']",new_context_added,added,new_context_added added extra VLM context,,v_distraction,1
3674,518312065,4882303786106170616,PER,"['SEATBELT_D_OFF', 'v_phone', 'v_distraction']",new_context_added,added,new_context_added added extra VLM context,,SEATBELT_D_OFF,1
3674,518312065,4882303786106170616,PER,"['SEATBELT_D_OFF', 'v_phone', 'v_distraction']",new_context_added,added,new_context_added added extra VLM context,,v_phone,1
3674,518312065,4882303786106170616,PER,"['SEATBELT_D_OFF', 'v_phone', 'v_distraction']",new_context_added,added,new_context_added added extra VLM context,,v_distraction,1
3675,371660225,4882303786106159324,GPS_Lock,['SEATBELT_D_OFF'],new_context_added,added,new_context_added added extra VLM context,,SEATBELT_D_OFF,1
3676,523824244,4882303786106148188,v_phone,[],not_confirmed,removed,"original event not confirmed by VLM, so it was removed",v_phone,,1
3677,333584194,4882303786106123505,dHDG,['SEATBELT_D_OFF'],new_context_added,added,new_context_added added extra VLM context,,SEATBELT_D_OFF,1
3678,422017575,4882303786106114628,dHDG,[],no_vlm_signal,no_change,VLM produced no usable event,,,0
3679,511468560,4882303786106086704,PER,"['SEATBELT_D_OFF', 'v_phone', 'v_distraction']",new_context_added,added,new_context_added added extra VLM context,,SEATBELT_D_OFF,1
3679,511468560,4882303786106086704,PER,"['SEATBELT_D_OFF', 'v_phone', 'v_distraction']",new_context_added,added,new_context_added added extra VLM context,,v_phone,1
3679,511468560,4882303786106086704,PER,"['SEATBELT_D_OFF', 'v_phone', 'v_distraction']",new_context_added,added,new_context_added added extra VLM context,,v_distraction,1
3680,460126901,4882303786106075199,v_phone,"['SEATBELT_D_OFF', 'v_phone']",refined,added,refined added extra VLM context,,SEATBELT_D_OFF,1
3681,333545827,4882303786106059663,PER,"['SEATBELT_D_OFF', 'v_phone', 'v_distraction']",new_context_added,added,new_context_added added extra VLM context,,SEATBELT_D_OFF,1
3681,333545827,4882303786106059663,PER,"['SEATBELT_D_OFF', 'v_phone', 'v_distraction']",new_context_added,added,new_context_added added extra VLM context,,v_phone,1
3681,333545827,4882303786106059663,PER,"['SEATBELT_D_OFF', 'v_phone', 'v_distraction']",new_context_added,added,new_context_added added extra VLM context,,v_distraction,1
3682,452453885,4882303786106058819,PER,[],no_vlm_signal,no_change,VLM produced no usable event,,,0
3683,322784039,4882303786106047987,Ign ON,['v_phone'],new_context_added,added,new_context_added added extra VLM context,,v_phone,1
3684,509637948,4882303786106043443,PER,['SEATBELT_D_OFF'],new_context_added,added,new_context_added added extra VLM context,,SEATBELT_D_OFF,1
3685,509637769,4882303786106042875,PER,[],no_vlm_signal,no_change,VLM produced no usable event,,,0
3686,322641484,4882303786106024381,PER,['v_fatigue'],new_context_added,added,new_context_added added extra VLM context,,v_fatigue,1
3687,443749850,4882303786106011606,PER,['SEATBELT_D_OFF'],new_context_added,added,new_context_added added extra VLM context,,SEATBELT_D_OFF,1
3688,366763791,4882303786106008243,PER,['SEATBELT_D_OFF'],new_context_added,added,new_context_added added extra VLM context,,SEATBELT_D_OFF,1
3689,460126455,4882303786106007451,PER,"['SEATBELT_D_OFF', 'v_phone']",new_context_added,added,new_context_added added extra VLM context,,SEATBELT_D_OFF,1
3689,460126455,4882303786106007451,PER,"['SEATBELT_D_OFF', 'v_phone']",new_context_added,added,new_context_added added extra VLM context,,v_phone,1
3690,334148753,4882303786105997016,v_distraction,['v_distraction'],confirmed,no_change,"original event stayed, no extra VLM event needed",,,0
3691,523822117,4882303786105990019,Ign ON,['SEATBELT_D_OFF'],new_context_added,added,new_context_added added extra VLM context,,SEATBELT_D_OFF,1
3692,509636001,4882303786105970749,PER,[],no_vlm_signal,no_change,VLM produced no usable event,,,0
3693,459506928,4882303786105968225,PER,['v_phone'],new_context_added,added,new_context_added added extra VLM context,,v_phone,1
3694,512980905,4882303786105959991,dHDG,['SEATBELT_D_OFF'],new_context_added,added,new_context_added added extra VLM context,,SEATBELT_D_OFF,1
3695,512994171,4882303786105951478,PER,['SEATBELT_D_OFF'],new_context_added,added,new_context_added added extra VLM context,,SEATBELT_D_OFF,1
3696,523824244,4882303786105949407,v_distraction,"['SEATBELT_D_OFF', 'v_distraction']",refined,added,refined added extra VLM context,,SEATBELT_D_OFF,1
3697,512990207,4882303786105931898,PER,[],no_vlm_signal,no_change,VLM produced no usable event,,,0
3698,334154315,4882303786105917718,v_yawn,[],not_confirmed,removed,"original event not confirmed by VLM, so it was removed",v_yawn,,1
3699,409223544,4882303786105905291,PER,"['SEATBELT_D_OFF', 'v_phone', 'v_distraction']",new_context_added,added,new_context_added added extra VLM context,,SEATBELT_D_OFF,1
3699,409223544,4882303786105905291,PER,"['SEATBELT_D_OFF', 'v_phone', 'v_distraction']",new_context_added,added,new_context_added added extra VLM context,,v_phone,1
3699,409223544,4882303786105905291,PER,"['SEATBELT_D_OFF', 'v_phone', 'v_distraction']",new_context_added,added,new_context_added added extra VLM context,,v_distraction,1
3700,334148753,4882303786105902326,v_phone,"['SEATBELT_D_OFF', 'v_phone']",refined,added,refined added extra VLM context,,SEATBELT_D_OFF,1
3701,304246535,4882303786105899286,v_distraction,[],not_confirmed,removed,"original event not confirmed by VLM, so it was removed",v_distraction,,1
3702,429536893,4882303786105879073,dHDG,['v_phone'],new_context_added,added,new_context_added added extra VLM context,,v_phone,1
3703,415734364,4882303786105878796,dHDG,[],no_vlm_signal,no_change,VLM produced no usable event,,,0
3704,317984619,4882303786105878551,dHDG,[],no_vlm_signal,no_change,VLM produced no usable event,,,0
3705,429576946,4882303786105856687,PER,[],no_vlm_signal,no_change,VLM produced no usable event,,,0
3706,512982665,4882303786105849716,PER,['SEATBELT_D_OFF'],new_context_added,added,new_context_added added extra VLM context,,SEATBELT_D_OFF,1
3707,429536893,4882303786105845987,v_phone,"['SEATBELT_D_OFF', 'v_phone']",refined,added,refined added extra VLM context,,SEATBELT_D_OFF,1
3708,229817878,4882303786105839430,Ign ON,['SEATBELT_D_OFF'],new_context_added,added,new_context_added added extra VLM context,,SEATBELT_D_OFF,1
3709,454270937,4882303786105819702,Ign ON,[],no_vlm_signal,no_change,VLM produced no usable event,,,0
3710,304246535,4882303786105797225,Ign ON,[],no_vlm_signal,no_change,VLM produced no usable event,,,0
3711,334008589,4882303786105796097,v_yawn,"['SEATBELT_D_OFF', 'v_phone']",contradicted,removed,VLM contradicted original telematics event — original removed,v_yawn,,1
3711,334008589,4882303786105796097,v_yawn,"['SEATBELT_D_OFF', 'v_phone']",contradicted,added,VLM contradicted original — replacement VLM event added,,SEATBELT_D_OFF,1
3711,334008589,4882303786105796097,v_yawn,"['SEATBELT_D_OFF', 'v_phone']",contradicted,added,VLM contradicted original — replacement VLM event added,,v_phone,1
3712,524596949,4882303786105794370,PER,[],no_vlm_signal,no_change,VLM produced no usable event,,,0
3713,365598486,4882303786105793855,v_distraction,['SEATBELT_D_OFF'],contradicted,removed,VLM contradicted original telematics event — original removed,v_distraction,,1
3713,365598486,4882303786105793855,v_distraction,['SEATBELT_D_OFF'],contradicted,added,VLM contradicted original — replacement VLM event added,,SEATBELT_D_OFF,1
3714,334008589,4882303786105775251,v_phone,"['SEATBELT_D_OFF', 'v_phone']",refined,added,refined added extra VLM context,,SEATBELT_D_OFF,1
3715,365598883,4882303786105721811,v_yawn,"['SEATBELT_D_OFF', 'v_fatigue']",refined,added,refined added extra VLM context,,SEATBELT_D_OFF,1
3715,365598883,4882303786105721811,v_yawn,"['SEATBELT_D_OFF', 'v_fatigue']",refined,added,refined added extra VLM context,,v_fatigue,1
3716,334154315,4882303786105720935,PER,"['SEATBELT_D_OFF', 'v_phone', 'v_distraction']",new_context_added,added,new_context_added added extra VLM context,,SEATBELT_D_OFF,1
3716,334154315,4882303786105720935,PER,"['SEATBELT_D_OFF', 'v_phone', 'v_distraction']",new_context_added,added,new_context_added added extra VLM context,,v_phone,1
3716,334154315,4882303786105720935,PER,"['SEATBELT_D_OFF', 'v_phone', 'v_distraction']",new_context_added,added,new_context_added added extra VLM context,,v_distraction,1
3717,454260123,4882303786105716407,v_phone,"['SEATBELT_D_OFF', 'v_phone']",refined,added,refined added extra VLM context,,SEATBELT_D_OFF,1
3718,509636074,4882303786105715107,PER,[],no_vlm_signal,no_change,VLM produced no usable event,,,0
3719,523822483,4882303786105708671,PER,['SEATBELT_D_OFF'],new_context_added,added,new_context_added added extra VLM context,,SEATBELT_D_OFF,1
3720,456979367,4882303786105706412,Ign ON,"['SEATBELT_D_OFF', 'v_phone']",new_context_added,added,new_context_added added extra VLM context,,SEATBELT_D_OFF,1
3720,456979367,4882303786105706412,Ign ON,"['SEATBELT_D_OFF', 'v_phone']",new_context_added,added,new_context_added added extra VLM context,,v_phone,1
3721,429536893,4882303786105704737,v_phone,['v_phone'],confirmed,no_change,"original event stayed, no extra VLM event needed",,,0
3722,509637851,4882303786105704322,PER,"['SEATBELT_D_OFF', 'v_phone', 'v_distraction']",new_context_added,added,new_context_added added extra VLM context,,SEATBELT_D_OFF,1
3722,509637851,4882303786105704322,PER,"['SEATBELT_D_OFF', 'v_phone', 'v_distraction']",new_context_added,added,new_context_added added extra VLM context,,v_phone,1
3722,509637851,4882303786105704322,PER,"['SEATBELT_D_OFF', 'v_phone', 'v_distraction']",new_context_added,added,new_context_added added extra VLM context,,v_distraction,1
3723,509637163,4882303786105690460,PER,"['SEATBELT_D_OFF', 'v_phone']",new_context_added,added,new_context_added added extra VLM context,,SEATBELT_D_OFF,1
3723,509637163,4882303786105690460,PER,"['SEATBELT_D_OFF', 'v_phone']",new_context_added,added,new_context_added added extra VLM context,,v_phone,1
3724,509637286,4882303786105689448,PER,['SEATBELT_D_OFF'],new_context_added,added,new_context_added added extra VLM context,,SEATBELT_D_OFF,1
3725,334008589,4882303786105688391,PER,[],no_vlm_signal,no_change,VLM produced no usable event,,,0
3726,335116387,4882303786105681970,v_yawn,"['SEATBELT_D_OFF', 'v_phone']",contradicted,removed,VLM contradicted original telematics event — original removed,v_yawn,,1
3726,335116387,4882303786105681970,v_yawn,"['SEATBELT_D_OFF', 'v_phone']",contradicted,added,VLM contradicted original — replacement VLM event added,,SEATBELT_D_OFF,1
3726,335116387,4882303786105681970,v_yawn,"['SEATBELT_D_OFF', 'v_phone']",contradicted,added,VLM contradicted original — replacement VLM event added,,v_phone,1
3727,509636042,4882303786105680861,PER,[],no_vlm_signal,no_change,VLM produced no usable event,,,0
3728,335116387,4882303786105680657,v_phone,"['SEATBELT_D_OFF', 'v_phone']",refined,added,refined added extra VLM context,,SEATBELT_D_OFF,1
3729,509636527,4882303786105674023,PER,"['SEATBELT_D_OFF', 'v_phone']",new_context_added,added,new_context_added added extra VLM context,,SEATBELT_D_OFF,1
3729,509636527,4882303786105674023,PER,"['SEATBELT_D_OFF', 'v_phone']",new_context_added,added,new_context_added added extra VLM context,,v_phone,1
3730,335116387,4882303786105654065,PER,"['SEATBELT_D_OFF', 'v_distraction']",new_context_added,added,new_context_added added extra VLM context,,SEATBELT_D_OFF,1
3730,335116387,4882303786105654065,PER,"['SEATBELT_D_OFF', 'v_distraction']",new_context_added,added,new_context_added added extra VLM context,,v_distraction,1
3731,365598486,4882303786105621435,v_distraction,[],not_confirmed,removed,"original event not confirmed by VLM, so it was removed",v_distraction,,1
3732,511633709,4882303786105609179,PER,['v_phone'],new_context_added,added,new_context_added added extra VLM context,,v_phone,1
3733,460126901,4882303786105608334,v_phone,"['SEATBELT_D_OFF', 'v_phone']",refined,added,refined added extra VLM context,,SEATBELT_D_OFF,1
3734,460126901,4882303786105560524,PER,"['v_phone', 'v_distraction']",new_context_added,added,new_context_added added extra VLM context,,v_phone,1
3734,460126901,4882303786105560524,PER,"['v_phone', 'v_distraction']",new_context_added,added,new_context_added added extra VLM context,,v_distraction,1
3735,334148753,4882303786105554347,Ign ON,['SEATBELT_D_OFF'],new_context_added,added,new_context_added added extra VLM context,,SEATBELT_D_OFF,1
3736,365670886,4882303786105545157,v_distraction,[],not_confirmed,removed,"original event not confirmed by VLM, so it was removed",v_distraction,,1
3737,511471809,4882303786105517664,PER,['SEATBELT_D_OFF'],new_context_added,added,new_context_added added extra VLM context,,SEATBELT_D_OFF,1
3738,509637553,4882303786105511483,Ign ON,"['SEATBELT_D_OFF', 'v_phone', 'v_distraction']",new_context_added,added,new_context_added added extra VLM context,,SEATBELT_D_OFF,1
3738,509637553,4882303786105511483,Ign ON,"['SEATBELT_D_OFF', 'v_phone', 'v_distraction']",new_context_added,added,new_context_added added extra VLM context,,v_phone,1
3738,509637553,4882303786105511483,Ign ON,"['SEATBELT_D_OFF', 'v_phone', 'v_distraction']",new_context_added,added,new_context_added added extra VLM context,,v_distraction,1
3739,518312835,4882303786105468564,PER,['SEATBELT_D_OFF'],new_context_added,added,new_context_added added extra VLM context,,SEATBELT_D_OFF,1
3740,365670886,4882303786105459945,Ign ON,[],no_vlm_signal,no_change,VLM produced no usable event,,,0
3741,518312065,4882303786105447297,dHDG,"['v_phone', 'v_distraction']",new_context_added,added,new_context_added added extra VLM context,,v_phone,1
3741,518312065,4882303786105447297,dHDG,"['v_phone', 'v_distraction']",new_context_added,added,new_context_added added extra VLM context,,v_distraction,1
3742,333987612,4882303786105438244,PER,['v_cam_covered'],new_context_added,added,new_context_added added extra VLM context,,v_cam_covered,1
3743,365598883,4882303786105437872,PER,[],no_vlm_signal,no_change,VLM produced no usable event,,,0
3744,429536893,4882303786105427664,v_phone,"['SEATBELT_D_OFF', 'v_phone']",refined,added,refined added extra VLM context,,SEATBELT_D_OFF,1
3745,333584194,4882303786105409984,PER,['SEATBELT_D_OFF'],new_context_added,added,new_context_added added extra VLM context,,SEATBELT_D_OFF,1
3746,436759512,4882303786105396311,dHDG,[],no_vlm_signal,no_change,VLM produced no usable event,,,0
3747,459503546,4882303786105396051,PER,[],no_vlm_signal,no_change,VLM produced no usable event,,,0
3748,365598486,4882303786105390243,v_distraction,"['SEATBELT_D_OFF', 'v_phone']",contradicted,removed,VLM contradicted original telematics event — original removed,v_distraction,,1
3748,365598486,4882303786105390243,v_distraction,"['SEATBELT_D_OFF', 'v_phone']",contradicted,added,VLM contradicted original — replacement VLM event added,,SEATBELT_D_OFF,1
3748,365598486,4882303786105390243,v_distraction,"['SEATBELT_D_OFF', 'v_phone']",contradicted,added,VLM contradicted original — replacement VLM event added,,v_phone,1
3749,511897418,4882303786105386851,Ign ON,[],no_vlm_signal,no_change,VLM produced no usable event,,,0
3750,373272248,4882303786105384762,v_phone,"['SEATBELT_D_OFF', 'v_phone']",refined,added,refined added extra VLM context,,SEATBELT_D_OFF,1
3751,454270937,4882303786105380731,v_phone,['v_phone'],confirmed,no_change,"original event stayed, no extra VLM event needed",,,0
3752,509637652,4882303786105365981,dHDG,[],no_vlm_signal,no_change,VLM produced no usable event,,,0
3753,511465936,4882303786105362204,PER,[],no_vlm_signal,no_change,VLM produced no usable event,,,0
3754,437380121,4882303786105356270,PER,['v_phone'],new_context_added,added,new_context_added added extra VLM context,,v_phone,1
3755,509637769,4882303786105355256,PER,[],no_vlm_signal,no_change,VLM produced no usable event,,,0
3756,443413751,4882303786105347916,dHDG,[],no_vlm_signal,no_change,VLM produced no usable event,,,0
3757,373272248,4882303786105343155,PER,"['SEATBELT_D_OFF', 'v_phone']",new_context_added,added,new_context_added added extra VLM context,,SEATBELT_D_OFF,1
3757,373272248,4882303786105343155,PER,"['SEATBELT_D_OFF', 'v_phone']",new_context_added,added,new_context_added added extra VLM context,,v_phone,1
3758,365321388,4882303786105303317,PER,[],no_vlm_signal,no_change,VLM produced no usable event,,,0
3759,429536893,4882303786105293719,v_phone,"['SEATBELT_D_OFF', 'v_phone']",refined,added,refined added extra VLM context,,SEATBELT_D_OFF,1
3760,377841245,4882303786105268053,PER,"['SEATBELT_D_OFF', 'v_phone', 'v_distraction']",new_context_added,added,new_context_added added extra VLM context,,SEATBELT_D_OFF,1
3760,377841245,4882303786105268053,PER,"['SEATBELT_D_OFF', 'v_phone', 'v_distraction']",new_context_added,added,new_context_added added extra VLM context,,v_phone,1
3760,377841245,4882303786105268053,PER,"['SEATBELT_D_OFF', 'v_phone', 'v_distraction']",new_context_added,added,new_context_added added extra VLM context,,v_distraction,1
3761,523824244,4882303786105261225,v_smoke,['v_smoke'],confirmed,no_change,"original event stayed, no extra VLM event needed",,,0
3762,523824244,4882303786105261224,v_eye_closed,[],not_confirmed,removed,"original event not confirmed by VLM, so it was removed",v_eye_closed,,1
3763,458886154,4882303786105261136,PER,['SEATBELT_D_OFF'],new_context_added,added,new_context_added added extra VLM context,,SEATBELT_D_OFF,1
3764,512989545,4882303786105252807,PER,['SEATBELT_D_OFF'],new_context_added,added,new_context_added added extra VLM context,,SEATBELT_D_OFF,1
3765,512980905,4882303786105252103,Ign ON,['SEATBELT_D_OFF'],new_context_added,added,new_context_added added extra VLM context,,SEATBELT_D_OFF,1
3766,464397351,4882303786105223529,v_phone,['v_phone'],confirmed,no_change,"original event stayed, no extra VLM event needed",,,0
3767,415734364,4882303786105216353,Ign ON,['SEATBELT_D_OFF'],new_context_added,added,new_context_added added extra VLM context,,SEATBELT_D_OFF,1
3768,429536893,4882303786105210858,PER,['SEATBELT_D_OFF'],new_context_added,added,new_context_added added extra VLM context,,SEATBELT_D_OFF,1
3769,443744270,4882303786105196430,v_phone,['v_phone'],confirmed,no_change,"original event stayed, no extra VLM event needed",,,0
3770,464397351,4882303786105180634,PER,['SEATBELT_D_OFF'],new_context_added,added,new_context_added added extra VLM context,,SEATBELT_D_OFF,1
3771,443744270,4882303786105179517,v_fatigue,[],not_confirmed,removed,"original event not confirmed by VLM, so it was removed",v_fatigue,,1
3772,317984619,4882303786105169125,GPS_Lock,[],no_vlm_signal,no_change,VLM produced no usable event,,,0
3773,460126901,4882303786105166381,v_phone,['v_phone'],confirmed,no_change,"original event stayed, no extra VLM event needed",,,0
3774,333211468,4882303786105135033,v_distraction,[],not_confirmed,removed,"original event not confirmed by VLM, so it was removed",v_distraction,,1
3775,429576946,4882303786105098587,v_phone,['v_phone'],confirmed,no_change,"original event stayed, no extra VLM event needed",,,0
3776,459506000,4882303786105092059,PER,['SEATBELT_D_OFF'],new_context_added,added,new_context_added added extra VLM context,,SEATBELT_D_OFF,1
3777,443744270,4882303786105090957,PER,['v_phone'],new_context_added,added,new_context_added added extra VLM context,,v_phone,1
3778,518311941,4882303786105082002,PER,"['SEATBELT_D_OFF', 'v_phone']",new_context_added,added,new_context_added added extra VLM context,,SEATBELT_D_OFF,1
3778,518311941,4882303786105082002,PER,"['SEATBELT_D_OFF', 'v_phone']",new_context_added,added,new_context_added added extra VLM context,,v_phone,1
3779,523824244,4882303786105073500,v_phone,['v_phone'],confirmed,no_change,"original event stayed, no extra VLM event needed",,,0
3780,365598883,4882303786105037353,v_yawn,['v_fatigue'],refined,added,refined added extra VLM context,,v_fatigue,1
3781,509637926,4882303786105024580,dHDG,[],no_vlm_signal,no_change,VLM produced no usable event,,,0
3782,317984514,4882303786105022778,v_phone,['v_phone'],confirmed,no_change,"original event stayed, no extra VLM event needed",,,0
3783,460126901,4882303786105021331,v_phone,"['SEATBELT_D_OFF', 'v_phone']",refined,added,refined added extra VLM context,,SEATBELT_D_OFF,1
3784,322784039,4882303786105017611,v_distraction,[],not_confirmed,removed,"original event not confirmed by VLM, so it was removed",v_distraction,,1
3785,523822117,4882303786104984086,PER,['SEATBELT_D_OFF'],new_context_added,added,new_context_added added extra VLM context,,SEATBELT_D_OFF,1
3786,334154315,4882303786104977521,v_yawn,['v_fatigue'],refined,added,refined added extra VLM context,,v_fatigue,1
3787,317984438,4882303786104975402,Ign ON,['SEATBELT_D_OFF'],new_context_added,added,new_context_added added extra VLM context,,SEATBELT_D_OFF,1
3788,511642605,4882303786104961753,PER,[],no_vlm_signal,no_change,VLM produced no usable event,,,0
3789,365599055,4882303786104946471,Ign ON,['SEATBELT_D_OFF'],new_context_added,added,new_context_added added extra VLM context,,SEATBELT_D_OFF,1
3790,523824244,4882303786104927465,v_eye_closed,['v_phone'],contradicted,removed,VLM contradicted original telematics event — original removed,v_eye_closed,,1
3790,523824244,4882303786104927465,v_eye_closed,['v_phone'],contradicted,added,VLM contradicted original — replacement VLM event added,,v_phone,1
3791,429576946,4882303786104915897,Ign ON,[],no_vlm_signal,no_change,VLM produced no usable event,,,0
3792,509636074,4882303786104910067,PER,[],no_vlm_signal,no_change,VLM produced no usable event,,,0
3793,523824244,4882303786104903412,v_phone,['v_phone'],confirmed,no_change,"original event stayed, no extra VLM event needed",,,0
3794,333211468,4882303786104903168,v_yawn,['v_fatigue'],refined,added,refined added extra VLM context,,v_fatigue,1
3795,509637621,4882303786104890942,PER,"['SEATBELT_D_OFF', 'v_phone']",new_context_added,added,new_context_added added extra VLM context,,SEATBELT_D_OFF,1
3795,509637621,4882303786104890942,PER,"['SEATBELT_D_OFF', 'v_phone']",new_context_added,added,new_context_added added extra VLM context,,v_phone,1
3796,523824244,4882303786104880081,v_distraction,['SEATBELT_D_OFF'],contradicted,removed,VLM contradicted original telematics event — original removed,v_distraction,,1
3796,523824244,4882303786104880081,v_distraction,['SEATBELT_D_OFF'],contradicted,added,VLM contradicted original — replacement VLM event added,,SEATBELT_D_OFF,1
3797,333211468,4882303786104874009,v_phone,['v_phone'],confirmed,no_change,"original event stayed, no extra VLM event needed",,,0
3798,377841245,4882303786104873162,v_yawn,[],not_confirmed,removed,"original event not confirmed by VLM, so it was removed",v_yawn,,1
3799,322784039,4882303786104856542,Ign ON,['SEATBELT_D_OFF'],new_context_added,added,new_context_added added extra VLM context,,SEATBELT_D_OFF,1
3800,334154315,4882303786104850674,v_phone,"['SEATBELT_D_OFF', 'v_phone']",refined,added,refined added extra VLM context,,SEATBELT_D_OFF,1
3801,511468560,4882303786104818280,dHDG,['v_distraction'],new_context_added,added,new_context_added added extra VLM context,,v_distraction,1
3802,333585410,4882303786104817037,Ign ON,['SEATBELT_D_OFF'],new_context_added,added,new_context_added added extra VLM context,,SEATBELT_D_OFF,1
3803,458891357,4882303786104815294,PER,['SEATBELT_D_OFF'],new_context_added,added,new_context_added added extra VLM context,,SEATBELT_D_OFF,1
3804,409223544,4882303786104807019,PER,"['SEATBELT_D_OFF', 'v_distraction']",new_context_added,added,new_context_added added extra VLM context,,SEATBELT_D_OFF,1
3804,409223544,4882303786104807019,PER,"['SEATBELT_D_OFF', 'v_distraction']",new_context_added,added,new_context_added added extra VLM context,,v_distraction,1
3805,511471809,4882303786104791555,Ign OFF,[],no_vlm_signal,no_change,VLM produced no usable event,,,0
3806,511893849,4882303786104789652,dHDG,['SEATBELT_D_OFF'],new_context_added,added,new_context_added added extra VLM context,,SEATBELT_D_OFF,1
3807,317984514,4882303786104789039,v_fatigue,[],not_confirmed,removed,"original event not confirmed by VLM, so it was removed",v_fatigue,,1
3808,337268755,4882303786104761995,dHDG,[],no_vlm_signal,no_change,VLM produced no usable event,,,0
3809,460126455,4882303786104747595,PER,"['SEATBELT_D_OFF', 'v_phone']",new_context_added,added,new_context_added added extra VLM context,,SEATBELT_D_OFF,1
3809,460126455,4882303786104747595,PER,"['SEATBELT_D_OFF', 'v_phone']",new_context_added,added,new_context_added added extra VLM context,,v_phone,1
3810,518312065,4882303786104718531,dHDG,['SEATBELT_D_OFF'],new_context_added,added,new_context_added added extra VLM context,,SEATBELT_D_OFF,1
3811,366763791,4882303786104711043,Ign ON,"['SEATBELT_D_OFF', 'v_phone']",new_context_added,added,new_context_added added extra VLM context,,SEATBELT_D_OFF,1
3811,366763791,4882303786104711043,Ign ON,"['SEATBELT_D_OFF', 'v_phone']",new_context_added,added,new_context_added added extra VLM context,,v_phone,1
3812,460126901,4882303786104690737,PER,"['SEATBELT_D_OFF', 'v_phone', 'v_distraction']",new_context_added,added,new_context_added added extra VLM context,,SEATBELT_D_OFF,1
3812,460126901,4882303786104690737,PER,"['SEATBELT_D_OFF', 'v_phone', 'v_distraction']",new_context_added,added,new_context_added added extra VLM context,,v_phone,1
3812,460126901,4882303786104690737,PER,"['SEATBELT_D_OFF', 'v_phone', 'v_distraction']",new_context_added,added,new_context_added added extra VLM context,,v_distraction,1
3813,317984514,4882303786104679379,PER,"['SEATBELT_D_OFF', 'v_phone']",new_context_added,added,new_context_added added extra VLM context,,SEATBELT_D_OFF,1
3813,317984514,4882303786104679379,PER,"['SEATBELT_D_OFF', 'v_phone']",new_context_added,added,new_context_added added extra VLM context,,v_phone,1
3814,436759512,4882303786104675732,dHDG,[],no_vlm_signal,no_change,VLM produced no usable event,,,0
3815,304249135,4882303786104658820,PER,[],no_vlm_signal,no_change,VLM produced no usable event,,,0
3816,509637851,4882303786104565772,Ign OFF,['SEATBELT_D_OFF'],new_context_added,added,new_context_added added extra VLM context,,SEATBELT_D_OFF,1
3817,334008589,4882303786104565276,v_yawn,['SEATBELT_D_OFF'],contradicted,removed,VLM contradicted original telematics event — original removed,v_yawn,,1
3817,334008589,4882303786104565276,v_yawn,['SEATBELT_D_OFF'],contradicted,added,VLM contradicted original — replacement VLM event added,,SEATBELT_D_OFF,1
3818,443749850,4882303786104562469,PER,['SEATBELT_D_OFF'],new_context_added,added,new_context_added added extra VLM context,,SEATBELT_D_OFF,1
3819,511466682,4882303786104473010,PER,['SEATBELT_D_OFF'],new_context_added,added,new_context_added added extra VLM context,,SEATBELT_D_OFF,1
3820,334008589,4882303786104437695,v_yawn,['SEATBELT_D_OFF'],contradicted,removed,VLM contradicted original telematics event — original removed,v_yawn,,1
3820,334008589,4882303786104437695,v_yawn,['SEATBELT_D_OFF'],contradicted,added,VLM contradicted original — replacement VLM event added,,SEATBELT_D_OFF,1
3821,523821830,4882303786104428971,PER,"['SEATBELT_D_OFF', 'v_phone', 'v_distraction']",new_context_added,added,new_context_added added extra VLM context,,SEATBELT_D_OFF,1
3821,523821830,4882303786104428971,PER,"['SEATBELT_D_OFF', 'v_phone', 'v_distraction']",new_context_added,added,new_context_added added extra VLM context,,v_phone,1
3821,523821830,4882303786104428971,PER,"['SEATBELT_D_OFF', 'v_phone', 'v_distraction']",new_context_added,added,new_context_added added extra VLM context,,v_distraction,1
3822,458886154,4882303786104427104,Ign ON,['SEATBELT_D_OFF'],new_context_added,added,new_context_added added extra VLM context,,SEATBELT_D_OFF,1
3823,336854753,4882303786104363884,v_distraction,"['SEATBELT_D_OFF', 'v_phone', 'v_distraction']",refined,added,refined added extra VLM context,,SEATBELT_D_OFF,1
3823,336854753,4882303786104363884,v_distraction,"['SEATBELT_D_OFF', 'v_phone', 'v_distraction']",refined,added,refined added extra VLM context,,v_phone,1
3824,334008589,4882303786104361142,Ign ON,[],no_vlm_signal,no_change,VLM produced no usable event,,,0
3825,509637926,4882303786104311741,PER,['SEATBELT_D_OFF'],new_context_added,added,new_context_added added extra VLM context,,SEATBELT_D_OFF,1
3826,458181322,4882303786104265316,dHDG,[],no_vlm_signal,no_change,VLM produced no usable event,,,0
3827,229817878,4882303786104263894,dHDG,['v_phone'],new_context_added,added,new_context_added added extra VLM context,,v_phone,1
3828,511642605,4882303786104251001,PER,[],no_vlm_signal,no_change,VLM produced no usable event,,,0
3829,333211468,4882303786104246441,v_fatigue,['v_phone'],contradicted,removed,VLM contradicted original telematics event — original removed,v_fatigue,,1
3829,333211468,4882303786104246441,v_fatigue,['v_phone'],contradicted,added,VLM contradicted original — replacement VLM event added,,v_phone,1
3830,336854753,4882303786104245222,v_distraction,"['SEATBELT_D_OFF', 'v_distraction']",refined,added,refined added extra VLM context,,SEATBELT_D_OFF,1
3831,459506928,4882303786104227756,PER,[],no_vlm_signal,no_change,VLM produced no usable event,,,0
3832,443657921,4882303786104203628,PER,['SEATBELT_D_OFF'],new_context_added,added,new_context_added added extra VLM context,,SEATBELT_D_OFF,1
3833,334008589,4882303786104200792,v_yawn,['v_fatigue'],refined,added,refined added extra VLM context,,v_fatigue,1
3834,513234561,4882303786104153535,Ign ON,[],no_vlm_signal,no_change,VLM produced no usable event,,,0
3835,333211468,4882303786104115965,v_yawn,['v_fatigue'],refined,added,refined added extra VLM context,,v_fatigue,1
3836,511461222,4882303786104107690,PER,[],no_vlm_signal,no_change,VLM produced no usable event,,,0
3837,443717449,4882303786104106352,dHDG,[],no_vlm_signal,no_change,VLM produced no usable event,,,0
3838,524598261,4882303786104084476,PER,['SEATBELT_D_OFF'],new_context_added,added,new_context_added added extra VLM context,,SEATBELT_D_OFF,1
3839,336854753,4882303786104078202,dHDG,[],no_vlm_signal,no_change,VLM produced no usable event,,,0
3840,334148753,4882303786104074130,v_distraction,"['SEATBELT_D_OFF', 'v_distraction']",refined,added,refined added extra VLM context,,SEATBELT_D_OFF,1
3841,507301777,4882303786104073204,dHDG,['v_fatigue'],new_context_added,added,new_context_added added extra VLM context,,v_fatigue,1
3842,452460611,4882303786104061359,v_phone,"['SEATBELT_D_OFF', 'v_phone']",refined,added,refined added extra VLM context,,SEATBELT_D_OFF,1
3843,308058091,4882303786104051022,PER,[],no_vlm_signal,no_change,VLM produced no usable event,,,0
3844,337268755,4882303786104049488,PER,"['SEATBELT_D_OFF', 'v_phone']",new_context_added,added,new_context_added added extra VLM context,,SEATBELT_D_OFF,1
3844,337268755,4882303786104049488,PER,"['SEATBELT_D_OFF', 'v_phone']",new_context_added,added,new_context_added added extra VLM context,,v_phone,1
3845,509636557,4882303786104046874,PER,[],no_vlm_signal,no_change,VLM produced no usable event,,,0
3846,452460611,4882303786104035000,PER,['SEATBELT_D_OFF'],new_context_added,added,new_context_added added extra VLM context,,SEATBELT_D_OFF,1
3847,512990207,4882303786104029540,dHDG,[],no_vlm_signal,no_change,VLM produced no usable event,,,0
3848,464868635,4882303786104022133,PER,['v_phone'],new_context_added,added,new_context_added added extra VLM context,,v_phone,1
3849,518312065,4882303786104017616,PER,['SEATBELT_D_OFF'],new_context_added,added,new_context_added added extra VLM context,,SEATBELT_D_OFF,1
3850,511471809,4882303786104012842,PER,[],no_vlm_signal,no_change,VLM produced no usable event,,,0
3851,507302529,4882303786103980382,PER,"['SEATBELT_D_OFF', 'v_phone']",new_context_added,added,new_context_added added extra VLM context,,SEATBELT_D_OFF,1
3851,507302529,4882303786103980382,PER,"['SEATBELT_D_OFF', 'v_phone']",new_context_added,added,new_context_added added extra VLM context,,v_phone,1
3852,366763791,4882303786103958698,PER,['SEATBELT_D_OFF'],new_context_added,added,new_context_added added extra VLM context,,SEATBELT_D_OFF,1
3853,336854753,4882303786103952289,v_distraction,"['SEATBELT_D_OFF', 'v_phone', 'v_distraction']",refined,added,refined added extra VLM context,,SEATBELT_D_OFF,1
3853,336854753,4882303786103952289,v_distraction,"['SEATBELT_D_OFF', 'v_phone', 'v_distraction']",refined,added,refined added extra VLM context,,v_phone,1
3854,365599055,4882303786103877744,PER,"['SEATBELT_D_OFF', 'v_distraction']",new_context_added,added,new_context_added added extra VLM context,,SEATBELT_D_OFF,1
3854,365599055,4882303786103877744,PER,"['SEATBELT_D_OFF', 'v_distraction']",new_context_added,added,new_context_added added extra VLM context,,v_distraction,1
3855,388775883,4882303786103870881,v_fatigue,"['SEATBELT_D_OFF', 'v_phone']",contradicted,removed,VLM contradicted original telematics event — original removed,v_fatigue,,1
3855,388775883,4882303786103870881,v_fatigue,"['SEATBELT_D_OFF', 'v_phone']",contradicted,added,VLM contradicted original — replacement VLM event added,,SEATBELT_D_OFF,1
3855,388775883,4882303786103870881,v_fatigue,"['SEATBELT_D_OFF', 'v_phone']",contradicted,added,VLM contradicted original — replacement VLM event added,,v_phone,1
3856,435288506,4882303786103853842,Ign ON,[],no_vlm_signal,no_change,VLM produced no usable event,,,0
3857,229817878,4882303786103848465,v_phone,"['SEATBELT_D_OFF', 'v_phone']",refined,added,refined added extra VLM context,,SEATBELT_D_OFF,1
3858,388775883,4882303786103837541,v_phone,"['SEATBELT_D_OFF', 'v_phone']",refined,added,refined added extra VLM context,,SEATBELT_D_OFF,1
3859,336854753,4882303786103835199,v_distraction,"['SEATBELT_D_OFF', 'v_distraction']",refined,added,refined added extra VLM context,,SEATBELT_D_OFF,1
3860,509637621,4882303786103809960,dHDG,['SEATBELT_D_OFF'],new_context_added,added,new_context_added added extra VLM context,,SEATBELT_D_OFF,1
3861,460126455,4882303786103808393,Ign ON,[],no_vlm_signal,no_change,VLM produced no usable event,,,0
3862,334148753,4882303786103799454,dHDG,['v_distraction'],new_context_added,added,new_context_added added extra VLM context,,v_distraction,1
3863,317984438,4882303786103787489,PER,[],no_vlm_signal,no_change,VLM produced no usable event,,,0
3864,443717449,4882303786103777098,v_phone,['v_phone'],confirmed,no_change,"original event stayed, no extra VLM event needed",,,0
3865,335116387,4882303786103711790,PER,['SEATBELT_D_OFF'],new_context_added,added,new_context_added added extra VLM context,,SEATBELT_D_OFF,1
3866,523823521,4882303786103710026,PER,['v_phone'],new_context_added,added,new_context_added added extra VLM context,,v_phone,1
3867,523824244,4882303786103707012,v_phone,['v_phone'],confirmed,no_change,"original event stayed, no extra VLM event needed",,,0
3868,523824244,4882303786103706980,v_distraction,"['v_phone', 'v_distraction']",refined,added,refined added extra VLM context,,v_phone,1
3869,511879208,4882303786103691662,Ign ON,"['v_phone', 'v_distraction']",new_context_added,added,new_context_added added extra VLM context,,v_phone,1
3869,511879208,4882303786103691662,Ign ON,"['v_phone', 'v_distraction']",new_context_added,added,new_context_added added extra VLM context,,v_distraction,1
3870,443385724,4882303786103691249,PER,['SEATBELT_D_OFF'],new_context_added,added,new_context_added added extra VLM context,,SEATBELT_D_OFF,1
3871,509637948,4882303786103681518,Ign ON,[],no_vlm_signal,no_change,VLM produced no usable event,,,0
3872,429536893,4882303786103677846,v_phone,"['SEATBELT_D_OFF', 'v_phone']",refined,added,refined added extra VLM context,,SEATBELT_D_OFF,1
3873,334008589,4882303786103655725,dHDG,[],no_vlm_signal,no_change,VLM produced no usable event,,,0
3874,333212161,4882303786103621152,PER,[],no_vlm_signal,no_change,VLM produced no usable event,,,0
3875,512980905,4882303786103616290,Ign ON,"['SEATBELT_D_OFF', 'v_phone']",new_context_added,added,new_context_added added extra VLM context,,SEATBELT_D_OFF,1
3875,512980905,4882303786103616290,Ign ON,"['SEATBELT_D_OFF', 'v_phone']",new_context_added,added,new_context_added added extra VLM context,,v_phone,1
3876,458181322,4882303786103586204,dHDG,[],no_vlm_signal,no_change,VLM produced no usable event,,,0
3877,509637397,4882303786103585168,PER,[],review_only,no_change,review_only found nothing new to add,,,0
3878,229817878,4882303786103584715,PER,"['SEATBELT_D_OFF', 'v_phone', 'v_distraction']",new_context_added,added,new_context_added added extra VLM context,,SEATBELT_D_OFF,1
3878,229817878,4882303786103584715,PER,"['SEATBELT_D_OFF', 'v_phone', 'v_distraction']",new_context_added,added,new_context_added added extra VLM context,,v_phone,1
3878,229817878,4882303786103584715,PER,"['SEATBELT_D_OFF', 'v_phone', 'v_distraction']",new_context_added,added,new_context_added added extra VLM context,,v_distraction,1
3879,333585410,4882303786103574285,PER,['SEATBELT_D_OFF'],new_context_added,added,new_context_added added extra VLM context,,SEATBELT_D_OFF,1
3880,523821830,4882303786103555869,PER,"['SEATBELT_D_OFF', 'v_phone']",new_context_added,added,new_context_added added extra VLM context,,SEATBELT_D_OFF,1
3880,523821830,4882303786103555869,PER,"['SEATBELT_D_OFF', 'v_phone']",new_context_added,added,new_context_added added extra VLM context,,v_phone,1
3881,518867282,4882303786103544360,dHDG,"['v_phone', 'v_distraction']",new_context_added,added,new_context_added added extra VLM context,,v_phone,1
3881,518867282,4882303786103544360,dHDG,"['v_phone', 'v_distraction']",new_context_added,added,new_context_added added extra VLM context,,v_distraction,1
3882,333545827,4882303786103519529,v_distraction,['SEATBELT_D_OFF'],contradicted,removed,VLM contradicted original telematics event — original removed,v_distraction,,1
3882,333545827,4882303786103519529,v_distraction,['SEATBELT_D_OFF'],contradicted,added,VLM contradicted original — replacement VLM event added,,SEATBELT_D_OFF,1
3883,443657921,4882303786103516671,dHDG,['v_distraction'],new_context_added,added,new_context_added added extra VLM context,,v_distraction,1
3884,415734364,4882303786103492295,Ign ON,['SEATBELT_D_OFF'],new_context_added,added,new_context_added added extra VLM context,,SEATBELT_D_OFF,1
3885,464397351,4882303786103491933,Ign ON,[],no_vlm_signal,no_change,VLM produced no usable event,,,0
3886,334008589,4882303786103479695,v_yawn,"['SEATBELT_D_OFF', 'v_fatigue']",refined,added,refined added extra VLM context,,SEATBELT_D_OFF,1
3886,334008589,4882303786103479695,v_yawn,"['SEATBELT_D_OFF', 'v_fatigue']",refined,added,refined added extra VLM context,,v_fatigue,1
3887,336854753,4882303786103477858,v_fatigue,[],not_confirmed,removed,"original event not confirmed by VLM, so it was removed",v_fatigue,,1
3888,523824244,4882303786103473696,v_lane_departure,['v_phone'],new_context_added,added,new_context_added added extra VLM context,,v_phone,1
3889,509637652,4882303786103473669,dHDG,['v_phone'],new_context_added,added,new_context_added added extra VLM context,,v_phone,1
3890,518312835,4882303786103468771,PER,[],no_vlm_signal,no_change,VLM produced no usable event,,,0
3891,459618013,4882303786103461193,PER,['v_cam_covered'],new_context_added,added,new_context_added added extra VLM context,,v_cam_covered,1
3892,336854753,4882303786103455820,v_phone,['v_phone'],confirmed,no_change,"original event stayed, no extra VLM event needed",,,0
3893,460126729,4882303786103446915,PER,"['SEATBELT_D_OFF', 'v_phone']",new_context_added,added,new_context_added added extra VLM context,,SEATBELT_D_OFF,1
3893,460126729,4882303786103446915,PER,"['SEATBELT_D_OFF', 'v_phone']",new_context_added,added,new_context_added added extra VLM context,,v_phone,1
3894,365670886,4882303786103432935,PER,[],no_vlm_signal,no_change,VLM produced no usable event,,,0
3895,460126901,4882303786103429379,dHDG,"['SEATBELT_D_OFF', 'v_phone', 'v_distraction']",new_context_added,added,new_context_added added extra VLM context,,SEATBELT_D_OFF,1
3895,460126901,4882303786103429379,dHDG,"['SEATBELT_D_OFF', 'v_phone', 'v_distraction']",new_context_added,added,new_context_added added extra VLM context,,v_phone,1
3895,460126901,4882303786103429379,dHDG,"['SEATBELT_D_OFF', 'v_phone', 'v_distraction']",new_context_added,added,new_context_added added extra VLM context,,v_distraction,1
3896,388775883,4882303786103423985,dHDG,[],no_vlm_signal,no_change,VLM produced no usable event,,,0
3897,443717449,4882303786103417198,PER,"['SEATBELT_D_OFF', 'v_phone']",new_context_added,added,new_context_added added extra VLM context,,SEATBELT_D_OFF,1
3897,443717449,4882303786103417198,PER,"['SEATBELT_D_OFF', 'v_phone']",new_context_added,added,new_context_added added extra VLM context,,v_phone,1
3898,523824244,4882303786103406560,v_phone,['v_phone'],confirmed,no_change,"original event stayed, no extra VLM event needed",,,0
3899,511465936,4882303786103395484,PER,[],no_vlm_signal,no_change,VLM produced no usable event,,,0
3900,437380121,4882303786103392019,PER,['SEATBELT_D_OFF'],new_context_added,added,new_context_added added extra VLM context,,SEATBELT_D_OFF,1
3901,454260123,4882303786103391394,v_phone,['v_phone'],confirmed,no_change,"original event stayed, no extra VLM event needed",,,0
3902,523824244,4882303786103390370,v_distraction,['SEATBELT_D_OFF'],contradicted,removed,VLM contradicted original telematics event — original removed,v_distraction,,1
3902,523824244,4882303786103390370,v_distraction,['SEATBELT_D_OFF'],contradicted,added,VLM contradicted original — replacement VLM event added,,SEATBELT_D_OFF,1
3903,524598261,4882303786103386717,PER,"['SEATBELT_D_OFF', 'v_phone']",new_context_added,added,new_context_added added extra VLM context,,SEATBELT_D_OFF,1
3903,524598261,4882303786103386717,PER,"['SEATBELT_D_OFF', 'v_phone']",new_context_added,added,new_context_added added extra VLM context,,v_phone,1
3904,336854753,4882303786103384653,dHDG,[],no_vlm_signal,no_change,VLM produced no usable event,,,0
3905,453948326,4882303786103384291,v_phone,"['SEATBELT_D_OFF', 'v_phone']",refined,added,refined added extra VLM context,,SEATBELT_D_OFF,1
3906,507301777,4882303786103383724,PER,[],no_vlm_signal,no_change,VLM produced no usable event,,,0
3907,416296124,4882303786103380877,dHDG,[],no_vlm_signal,no_change,VLM produced no usable event,,,0
3908,337268755,4882303786103372005,v_phone,['v_phone'],confirmed,no_change,"original event stayed, no extra VLM event needed",,,0
3909,429536893,4882303786103364474,PER,['SEATBELT_D_OFF'],new_context_added,added,new_context_added added extra VLM context,,SEATBELT_D_OFF,1
3910,334008589,4882303786103360576,v_yawn,[],not_confirmed,removed,"original event not confirmed by VLM, so it was removed",v_yawn,,1
3911,509636557,4882303786103347911,PER,[],no_vlm_signal,no_change,VLM produced no usable event,,,0
3912,365598486,4882303786103347273,PER,[],no_vlm_signal,no_change,VLM produced no usable event,,,0
3913,511466682,4882303786103336995,PER,[],no_vlm_signal,no_change,VLM produced no usable event,,,0
3914,511468560,4882303786103321717,dHDG,"['v_phone', 'v_distraction']",new_context_added,added,new_context_added added extra VLM context,,v_phone,1
3914,511468560,4882303786103321717,dHDG,"['v_phone', 'v_distraction']",new_context_added,added,new_context_added added extra VLM context,,v_distraction,1
3915,366751690,4882303786103311843,Ign ON,"['SEATBELT_D_OFF', 'v_phone']",new_context_added,added,new_context_added added extra VLM context,,SEATBELT_D_OFF,1
3915,366751690,4882303786103311843,Ign ON,"['SEATBELT_D_OFF', 'v_phone']",new_context_added,added,new_context_added added extra VLM context,,v_phone,1
3916,373272248,4882303786103302525,PER,['SEATBELT_D_OFF'],new_context_added,added,new_context_added added extra VLM context,,SEATBELT_D_OFF,1
3917,511893849,4882303786103282067,PER,"['SEATBELT_D_OFF', 'v_phone']",new_context_added,added,new_context_added added extra VLM context,,SEATBELT_D_OFF,1
3917,511893849,4882303786103282067,PER,"['SEATBELT_D_OFF', 'v_phone']",new_context_added,added,new_context_added added extra VLM context,,v_phone,1
3918,464367957,4882303786103278257,Ign ON,"['SEATBELT_D_OFF', 'v_phone', 'v_distraction']",new_context_added,added,new_context_added added extra VLM context,,SEATBELT_D_OFF,1
3918,464367957,4882303786103278257,Ign ON,"['SEATBELT_D_OFF', 'v_phone', 'v_distraction']",new_context_added,added,new_context_added added extra VLM context,,v_phone,1
3918,464367957,4882303786103278257,Ign ON,"['SEATBELT_D_OFF', 'v_phone', 'v_distraction']",new_context_added,added,new_context_added added extra VLM context,,v_distraction,1
3919,511471809,4882303786103263321,Ign ON,[],no_vlm_signal,no_change,VLM produced no usable event,,,0
3920,366763791,4882303786103253584,Ign ON,['SEATBELT_D_OFF'],new_context_added,added,new_context_added added extra VLM context,,SEATBELT_D_OFF,1
3921,334148753,4882303786103231633,v_phone,['v_phone'],confirmed,no_change,"original event stayed, no extra VLM event needed",,,0
3922,409223544,4882303786103200840,PER,['SEATBELT_D_OFF'],new_context_added,added,new_context_added added extra VLM context,,SEATBELT_D_OFF,1
3923,322784039,4882303786103176507,v_phone,['v_phone'],confirmed,no_change,"original event stayed, no extra VLM event needed",,,0
3924,458886154,4882303786103171922,dHDG,['SEATBELT_D_OFF'],new_context_added,added,new_context_added added extra VLM context,,SEATBELT_D_OFF,1
3925,442548435,4882303786103142937,v_phone,['v_phone'],confirmed,no_change,"original event stayed, no extra VLM event needed",,,0
3926,509637621,4882303786103137664,PER,[],review_only,no_change,review_only found nothing new to add,,,0
3927,453948326,4882303786103135778,Ign ON,[],no_vlm_signal,no_change,VLM produced no usable event,,,0
3928,512994171,4882303786103129786,dHDG,['v_smoke'],new_context_added,added,new_context_added added extra VLM context,,v_smoke,1
3929,511633709,4882303786103116104,dHDG,"['v_phone', 'v_distraction']",new_context_added,added,new_context_added added extra VLM context,,v_phone,1
3929,511633709,4882303786103116104,dHDG,"['v_phone', 'v_distraction']",new_context_added,added,new_context_added added extra VLM context,,v_distraction,1
3930,454260123,4882303786103107588,PER,"['SEATBELT_D_OFF', 'v_phone']",new_context_added,added,new_context_added added extra VLM context,,SEATBELT_D_OFF,1
3930,454260123,4882303786103107588,PER,"['SEATBELT_D_OFF', 'v_phone']",new_context_added,added,new_context_added added extra VLM context,,v_phone,1
3931,334148753,4882303786103098013,Ign ON,[],no_vlm_signal,no_change,VLM produced no usable event,,,0
3932,322641484,4882303786103097969,PER,[],no_vlm_signal,no_change,VLM produced no usable event,,,0
3933,334723632,4882303786103089670,v_distraction,"['SEATBELT_D_OFF', 'v_phone', 'v_distraction']",refined,added,refined added extra VLM context,,SEATBELT_D_OFF,1
3933,334723632,4882303786103089670,v_distraction,"['SEATBELT_D_OFF', 'v_phone', 'v_distraction']",refined,added,refined added extra VLM context,,v_phone,1
3934,322784039,4882303786103085927,v_fatigue,[],not_confirmed,removed,"original event not confirmed by VLM, so it was removed",v_fatigue,,1
3935,442548435,4882303786103077956,PER,[],no_vlm_signal,no_change,VLM produced no usable event,,,0
3936,511461222,4882303786103063497,PER,[],no_vlm_signal,no_change,VLM produced no usable event,,,0
3937,333545827,4882303786103054532,PER,['SEATBELT_D_OFF'],new_context_added,added,new_context_added added extra VLM context,,SEATBELT_D_OFF,1
3938,443744270,4882303786103049054,v_fatigue,[],not_confirmed,removed,"original event not confirmed by VLM, so it was removed",v_fatigue,,1
3939,454270937,4882303786103005192,PER,[],no_vlm_signal,no_change,VLM produced no usable event,,,0
3940,511879208,4882303786103004814,dHDG,"['v_phone', 'v_distraction']",new_context_added,added,new_context_added added extra VLM context,,v_phone,1
3940,511879208,4882303786103004814,dHDG,"['v_phone', 'v_distraction']",new_context_added,added,new_context_added added extra VLM context,,v_distraction,1
3941,443744270,4882303786102990536,dHDG,"['v_phone', 'v_distraction']",new_context_added,added,new_context_added added extra VLM context,,v_phone,1
3941,443744270,4882303786102990536,dHDG,"['v_phone', 'v_distraction']",new_context_added,added,new_context_added added extra VLM context,,v_distraction,1
3942,334008589,4882303786102978284,PER,['v_phone'],new_context_added,added,new_context_added added extra VLM context,,v_phone,1
3943,322784039,4882303786102971277,dHDG,[],no_vlm_signal,no_change,VLM produced no usable event,,,0
3944,334723632,4882303786102968972,dHDG,[],no_vlm_signal,no_change,VLM produced no usable event,,,0
3945,443744270,4882303786102963627,v_phone,['v_phone'],confirmed,no_change,"original event stayed, no extra VLM event needed",,,0
3946,333212161,4882303786102947351,Ign ON,['SEATBELT_D_OFF'],new_context_added,added,new_context_added added extra VLM context,,SEATBELT_D_OFF,1
3947,507451763,4882303786102944294,PER,[],no_vlm_signal,no_change,VLM produced no usable event,,,0
3948,509637948,4882303786102941336,PER,[],no_vlm_signal,no_change,VLM produced no usable event,,,0
3949,523824244,4882303786102937346,v_phone,"['SEATBELT_D_OFF', 'v_phone']",refined,added,refined added extra VLM context,,SEATBELT_D_OFF,1
3950,518311941,4882303786102933887,PER,['v_phone'],new_context_added,added,new_context_added added extra VLM context,,v_phone,1
3951,511472023,4882303786102932386,PER,[],no_vlm_signal,no_change,VLM produced no usable event,,,0
3952,518312065,4882303786102921493,dHDG,[],no_vlm_signal,no_change,VLM produced no usable event,,,0
3953,458181322,4882303786102913650,PER,"['SEATBELT_D_OFF', 'v_phone']",new_context_added,added,new_context_added added extra VLM context,,SEATBELT_D_OFF,1
3953,458181322,4882303786102913650,PER,"['SEATBELT_D_OFF', 'v_phone']",new_context_added,added,new_context_added added extra VLM context,,v_phone,1
3954,334723632,4882303786102909392,v_phone,['v_phone'],confirmed,no_change,"original event stayed, no extra VLM event needed",,,0
3955,333585410,4882303786102907489,Ign ON,['SEATBELT_D_OFF'],new_context_added,added,new_context_added added extra VLM context,,SEATBELT_D_OFF,1
3956,453885405,4882303786102901530,Ign ON,['SEATBELT_D_OFF'],new_context_added,added,new_context_added added extra VLM context,,SEATBELT_D_OFF,1
3957,511642605,4882303786102886980,Ign ON,['v_phone'],new_context_added,added,new_context_added added extra VLM context,,v_phone,1
3958,523821830,4882303786102878447,Ign ON,"['SEATBELT_D_OFF', 'v_phone', 'v_distraction']",new_context_added,added,new_context_added added extra VLM context,,SEATBELT_D_OFF,1
3958,523821830,4882303786102878447,Ign ON,"['SEATBELT_D_OFF', 'v_phone', 'v_distraction']",new_context_added,added,new_context_added added extra VLM context,,v_phone,1
3958,523821830,4882303786102878447,Ign ON,"['SEATBELT_D_OFF', 'v_phone', 'v_distraction']",new_context_added,added,new_context_added added extra VLM context,,v_distraction,1
3959,518867282,4882303786102872973,dHDG,['SEATBELT_D_OFF'],new_context_added,added,new_context_added added extra VLM context,,SEATBELT_D_OFF,1
3960,443385724,4882303786102854150,PER,"['SEATBELT_D_OFF', 'v_phone']",new_context_added,added,new_context_added added extra VLM context,,SEATBELT_D_OFF,1
3960,443385724,4882303786102854150,PER,"['SEATBELT_D_OFF', 'v_phone']",new_context_added,added,new_context_added added extra VLM context,,v_phone,1
3961,443657921,4882303786102845765,PER,"['SEATBELT_D_OFF', 'v_fatigue']",new_context_added,added,new_context_added added extra VLM context,,SEATBELT_D_OFF,1
3961,443657921,4882303786102845765,PER,"['SEATBELT_D_OFF', 'v_fatigue']",new_context_added,added,new_context_added added extra VLM context,,v_fatigue,1
3962,523824244,4882303786102820849,v_distraction,[],not_confirmed,removed,"original event not confirmed by VLM, so it was removed",v_distraction,,1
3963,429576946,4882303786102812226,Ign ON,['v_distraction'],new_context_added,added,new_context_added added extra VLM context,,v_distraction,1
3964,513225962,4882303786102809175,dHDG,[],no_vlm_signal,no_change,VLM produced no usable event,,,0
3965,460126901,4882303786102805700,v_fatigue,"['SEATBELT_D_OFF', 'v_phone']",contradicted,removed,VLM contradicted original telematics event — original removed,v_fatigue,,1
3965,460126901,4882303786102805700,v_fatigue,"['SEATBELT_D_OFF', 'v_phone']",contradicted,added,VLM contradicted original — replacement VLM event added,,SEATBELT_D_OFF,1
3965,460126901,4882303786102805700,v_fatigue,"['SEATBELT_D_OFF', 'v_phone']",contradicted,added,VLM contradicted original — replacement VLM event added,,v_phone,1
3966,509637652,4882303786102795716,PER,[],no_vlm_signal,no_change,VLM produced no usable event,,,0
3967,452460611,4882303786102774756,v_phone,['v_phone'],confirmed,no_change,"original event stayed, no extra VLM event needed",,,0
3968,443744270,4882303786102773176,v_phone,['v_phone'],confirmed,no_change,"original event stayed, no extra VLM event needed",,,0
3969,443744270,4882303786102771245,v_fatigue,['v_phone'],contradicted,removed,VLM contradicted original telematics event — original removed,v_fatigue,,1
3969,443744270,4882303786102771245,v_fatigue,['v_phone'],contradicted,added,VLM contradicted original — replacement VLM event added,,v_phone,1
3970,460126901,4882303786102762200,dHDG,"['SEATBELT_D_OFF', 'v_phone', 'v_distraction']",new_context_added,added,new_context_added added extra VLM context,,SEATBELT_D_OFF,1
3970,460126901,4882303786102762200,dHDG,"['SEATBELT_D_OFF', 'v_phone', 'v_distraction']",new_context_added,added,new_context_added added extra VLM context,,v_phone,1
3970,460126901,4882303786102762200,dHDG,"['SEATBELT_D_OFF', 'v_phone', 'v_distraction']",new_context_added,added,new_context_added added extra VLM context,,v_distraction,1
3971,524598261,4882303786102728447,PER,"['v_phone', 'v_distraction']",new_context_added,added,new_context_added added extra VLM context,,v_phone,1
3971,524598261,4882303786102728447,PER,"['v_phone', 'v_distraction']",new_context_added,added,new_context_added added extra VLM context,,v_distraction,1
3972,334723632,4882303786102725986,v_fatigue,[],not_confirmed,removed,"original event not confirmed by VLM, so it was removed",v_fatigue,,1
3973,416296124,4882303786102723205,v_cam_covered,[],no_vlm_signal,no_change,VLM produced no usable event,,,0
3974,365670886,4882303786102722986,Ign ON,[],no_vlm_signal,no_change,VLM produced no usable event,,,0
3975,336854753,4882303786102707094,Ign ON,['SEATBELT_D_OFF'],new_context_added,added,new_context_added added extra VLM context,,SEATBELT_D_OFF,1
3976,317984514,4882303786102684167,v_phone,"['SEATBELT_D_OFF', 'v_phone']",refined,added,refined added extra VLM context,,SEATBELT_D_OFF,1
3977,512989545,4882303786102684048,Ign ON,"['SEATBELT_D_OFF', 'v_phone']",new_context_added,added,new_context_added added extra VLM context,,SEATBELT_D_OFF,1
3977,512989545,4882303786102684048,Ign ON,"['SEATBELT_D_OFF', 'v_phone']",new_context_added,added,new_context_added added extra VLM context,,v_phone,1
3978,411962094,4882303786102678277,PER,['SEATBELT_D_OFF'],new_context_added,added,new_context_added added extra VLM context,,SEATBELT_D_OFF,1
3979,365598486,4882303786102674684,PER,['SEATBELT_D_OFF'],new_context_added,added,new_context_added added extra VLM context,,SEATBELT_D_OFF,1
3980,333584194,4882303786102656012,v_distraction,['SEATBELT_D_OFF'],contradicted,removed,VLM contradicted original telematics event — original removed,v_distraction,,1
3980,333584194,4882303786102656012,v_distraction,['SEATBELT_D_OFF'],contradicted,added,VLM contradicted original — replacement VLM event added,,SEATBELT_D_OFF,1
3981,317984514,4882303786102653304,PER,['SEATBELT_D_OFF'],new_context_added,added,new_context_added added extra VLM context,,SEATBELT_D_OFF,1
3982,308058091,4882303786102647127,PER,[],no_vlm_signal,no_change,VLM produced no usable event,,,0
3983,509637926,4882303786102645409,dHDG,[],no_vlm_signal,no_change,VLM produced no usable event,,,0
3984,511465936,4882303786102634233,PER,['v_phone'],new_context_added,added,new_context_added added extra VLM context,,v_phone,1
3985,524598614,4882303786102624488,PER,['SEATBELT_D_OFF'],new_context_added,added,new_context_added added extra VLM context,,SEATBELT_D_OFF,1
3986,333584194,4882303786102614893,PER,['SEATBELT_D_OFF'],new_context_added,added,new_context_added added extra VLM context,,SEATBELT_D_OFF,1
3987,443744270,4882303786102585634,v_phone,['v_phone'],confirmed,no_change,"original event stayed, no extra VLM event needed",,,0
3988,443744270,4882303786102579814,v_fatigue,[],not_confirmed,removed,"original event not confirmed by VLM, so it was removed",v_fatigue,,1
3989,388775883,4882303786102574753,v_distraction,[],not_confirmed,removed,"original event not confirmed by VLM, so it was removed",v_distraction,,1
3990,509637851,4882303786102552128,PER,['SEATBELT_D_OFF'],new_context_added,added,new_context_added added extra VLM context,,SEATBELT_D_OFF,1
3991,512980905,4882303786102548217,PER,['SEATBELT_D_OFF'],new_context_added,added,new_context_added added extra VLM context,,SEATBELT_D_OFF,1
3992,334008589,4882303786102547676,v_yawn,"['SEATBELT_D_OFF', 'v_fatigue']",refined,added,refined added extra VLM context,,SEATBELT_D_OFF,1
3992,334008589,4882303786102547676,v_yawn,"['SEATBELT_D_OFF', 'v_fatigue']",refined,added,refined added extra VLM context,,v_fatigue,1
3993,523824244,4882303786102501202,v_eye_closed,['v_fatigue'],refined,added,refined added extra VLM context,,v_fatigue,1
3994,443717449,4882303786102493663,dHDG,[],no_vlm_signal,no_change,VLM produced no usable event,,,0
3995,509637769,4882303786102482937,PER,[],no_vlm_signal,no_change,VLM produced no usable event,,,0
3996,458886154,4882303786102475716,dHDG,['SEATBELT_D_OFF'],new_context_added,added,new_context_added added extra VLM context,,SEATBELT_D_OFF,1
3997,443744270,4882303786102456836,v_fatigue,['v_phone'],contradicted,removed,VLM contradicted original telematics event — original removed,v_fatigue,,1
3997,443744270,4882303786102456836,v_fatigue,['v_phone'],contradicted,added,VLM contradicted original — replacement VLM event added,,v_phone,1
3998,443744270,4882303786102456022,v_phone,['v_phone'],confirmed,no_change,"original event stayed, no extra VLM event needed",,,0
3999,512990207,4882303786102445310,Ign ON,[],no_vlm_signal,no_change,VLM produced no usable event,,,0
4000,512994171,4882303786102409616,dHDG,"['v_phone', 'v_distraction']",new_context_added,added,new_context_added added extra VLM context,,v_phone,1
4000,512994171,4882303786102409616,dHDG,"['v_phone', 'v_distraction']",new_context_added,added,new_context_added added extra VLM context,,v_distraction,1
4001,523823573,4882303786102408609,PER,[],no_vlm_signal,no_change,VLM produced no usable event,,,0
4002,511633709,4882303786102403967,dHDG,['v_distraction'],new_context_added,added,new_context_added added extra VLM context,,v_distraction,1
4003,322641484,4882303786102398584,PER,[],no_vlm_signal,no_change,VLM produced no usable event,,,0
4004,523822248,4882303786102394381,PER,[],no_vlm_signal,no_change,VLM produced no usable event,,,0
4005,523824244,4882303786102378368,v_phone,['v_phone'],confirmed,no_change,"original event stayed, no extra VLM event needed",,,0
4006,333545827,4882303786102377783,v_fatigue,[],not_confirmed,removed,"original event not confirmed by VLM, so it was removed",v_fatigue,,1
4007,523824244,4882303786102371529,v_eye_closed,[],not_confirmed,removed,"original event not confirmed by VLM, so it was removed",v_eye_closed,,1
4008,334008589,4882303786102352935,v_yawn,['SEATBELT_D_OFF'],contradicted,removed,VLM contradicted original telematics event — original removed,v_yawn,,1
4008,334008589,4882303786102352935,v_yawn,['SEATBELT_D_OFF'],contradicted,added,VLM contradicted original — replacement VLM event added,,SEATBELT_D_OFF,1
4009,443744270,4882303786102345402,v_phone,['v_phone'],confirmed,no_change,"original event stayed, no extra VLM event needed",,,0
4010,322785930,4882303786102345108,PER,[],no_vlm_signal,no_change,VLM produced no usable event,,,0
4011,464868635,4882303786102341841,v_phone,['v_phone'],confirmed,no_change,"original event stayed, no extra VLM event needed",,,0
4012,511879208,4882303786102340210,PER,['SEATBELT_D_OFF'],new_context_added,added,new_context_added added extra VLM context,,SEATBELT_D_OFF,1
4013,511466682,4882303786102337033,dHDG,[],no_vlm_signal,no_change,VLM produced no usable event,,,0
4014,365321388,4882303786102317837,Ign ON,"['SEATBELT_D_OFF', 'v_phone']",new_context_added,added,new_context_added added extra VLM context,,SEATBELT_D_OFF,1
4014,365321388,4882303786102317837,Ign ON,"['SEATBELT_D_OFF', 'v_phone']",new_context_added,added,new_context_added added extra VLM context,,v_phone,1
4015,334008589,4882303786102314556,Ign ON,['SEATBELT_D_OFF'],new_context_added,added,new_context_added added extra VLM context,,SEATBELT_D_OFF,1
4016,524596949,4882303786102313561,PER,['SEATBELT_D_OFF'],new_context_added,added,new_context_added added extra VLM context,,SEATBELT_D_OFF,1
4017,322784039,4882303786102310946,PER,[],no_vlm_signal,no_change,VLM produced no usable event,,,0
4018,507271653,4882303786102306231,PER,[],no_vlm_signal,no_change,VLM produced no usable event,,,0
4019,334723632,4882303786102303918,Ign ON,[],no_vlm_signal,no_change,VLM produced no usable event,,,0
4020,435288506,4882303786102296520,PER,['v_phone'],new_context_added,added,new_context_added added extra VLM context,,v_phone,1
4021,518312835,4882303786102287996,dHDG,[],no_vlm_signal,no_change,VLM produced no usable event,,,0
4022,523824244,4882303786102283426,v_distraction,[],not_confirmed,removed,"original event not confirmed by VLM, so it was removed",v_distraction,,1
4023,317984438,4882303786102271658,v_phone,['v_phone'],confirmed,no_change,"original event stayed, no extra VLM event needed",,,0
4024,459503546,4882303786102264764,Ign ON,[],no_vlm_signal,no_change,VLM produced no usable event,,,0
4025,317984438,4882303786102252803,PER,"['SEATBELT_D_OFF', 'v_phone', 'v_distraction']",new_context_added,added,new_context_added added extra VLM context,,SEATBELT_D_OFF,1
4025,317984438,4882303786102252803,PER,"['SEATBELT_D_OFF', 'v_phone', 'v_distraction']",new_context_added,added,new_context_added added extra VLM context,,v_phone,1
4025,317984438,4882303786102252803,PER,"['SEATBELT_D_OFF', 'v_phone', 'v_distraction']",new_context_added,added,new_context_added added extra VLM context,,v_distraction,1
4026,334148753,4882303786102238717,Ign ON,"['SEATBELT_D_OFF', 'v_phone']",new_context_added,added,new_context_added added extra VLM context,,SEATBELT_D_OFF,1
4026,334148753,4882303786102238717,Ign ON,"['SEATBELT_D_OFF', 'v_phone']",new_context_added,added,new_context_added added extra VLM context,,v_phone,1
4027,518312065,4882303786102229745,dHDG,[],no_vlm_signal,no_change,VLM produced no usable event,,,0
4028,429536893,4882303786102220614,v_phone,['v_phone'],confirmed,no_change,"original event stayed, no extra VLM event needed",,,0
4029,459505768,4882303786102207218,PER,['v_phone'],new_context_added,added,new_context_added added extra VLM context,,v_phone,1
4030,429576946,4882303786102204586,v_phone,"['SEATBELT_D_OFF', 'v_phone']",refined,added,refined added extra VLM context,,SEATBELT_D_OFF,1
4031,509636557,4882303786102191949,dHDG,[],no_vlm_signal,no_change,VLM produced no usable event,,,0
4032,511472023,4882303786102188924,PER,['SEATBELT_D_OFF'],new_context_added,added,new_context_added added extra VLM context,,SEATBELT_D_OFF,1
4033,350179842,4882303786102186860,PER,['v_phone'],new_context_added,added,new_context_added added extra VLM context,,v_phone,1
4034,464397351,4882303786102172750,PER,['SEATBELT_D_OFF'],new_context_added,added,new_context_added added extra VLM context,,SEATBELT_D_OFF,1
4035,523824244,4882303786102162481,v_phone,['v_phone'],confirmed,no_change,"original event stayed, no extra VLM event needed",,,0
4036,333211468,4882303786102159578,dHDG,[],no_vlm_signal,no_change,VLM produced no usable event,,,0
4037,518311941,4882303786102151422,PER,['SEATBELT_D_OFF'],new_context_added,added,new_context_added added extra VLM context,,SEATBELT_D_OFF,1
4038,511642605,4882303786102151174,Ign ON,[],no_vlm_signal,no_change,VLM produced no usable event,,,0
4039,229817878,4882303786102149438,PER,['SEATBELT_D_OFF'],new_context_added,added,new_context_added added extra VLM context,,SEATBELT_D_OFF,1
4040,464868635,4882303786102135195,Ign ON,['SEATBELT_D_OFF'],new_context_added,added,new_context_added added extra VLM context,,SEATBELT_D_OFF,1
4041,366751690,4882303786102125053,PER,[],no_vlm_signal,no_change,VLM produced no usable event,,,0
4042,453948326,4882303786102112368,PER,[],no_vlm_signal,no_change,VLM produced no usable event,,,0
4043,460126901,4882303786102099347,dHDG,"['SEATBELT_D_OFF', 'v_phone', 'v_distraction']",new_context_added,added,new_context_added added extra VLM context,,SEATBELT_D_OFF,1
4043,460126901,4882303786102099347,dHDG,"['SEATBELT_D_OFF', 'v_phone', 'v_distraction']",new_context_added,added,new_context_added added extra VLM context,,v_phone,1
4043,460126901,4882303786102099347,dHDG,"['SEATBELT_D_OFF', 'v_phone', 'v_distraction']",new_context_added,added,new_context_added added extra VLM context,,v_distraction,1
4044,333545827,4882303786102087121,dHDG,['SEATBELT_D_OFF'],new_context_added,added,new_context_added added extra VLM context,,SEATBELT_D_OFF,1
4045,460126901,4882303786102080499,v_phone,"['SEATBELT_D_OFF', 'v_phone']",refined,added,refined added extra VLM context,,SEATBELT_D_OFF,1
4046,511471809,4882303786102077825,PER,"['SEATBELT_D_OFF', 'v_phone', 'v_distraction']",new_context_added,added,new_context_added added extra VLM context,,SEATBELT_D_OFF,1
4046,511471809,4882303786102077825,PER,"['SEATBELT_D_OFF', 'v_phone', 'v_distraction']",new_context_added,added,new_context_added added extra VLM context,,v_phone,1
4046,511471809,4882303786102077825,PER,"['SEATBELT_D_OFF', 'v_phone', 'v_distraction']",new_context_added,added,new_context_added added extra VLM context,,v_distraction,1
4047,334008589,4882303786102056257,v_yawn,['SEATBELT_D_OFF'],contradicted,removed,VLM contradicted original telematics event — original removed,v_yawn,,1
4047,334008589,4882303786102056257,v_yawn,['SEATBELT_D_OFF'],contradicted,added,VLM contradicted original — replacement VLM event added,,SEATBELT_D_OFF,1
4048,523824244,4882303786102047532,v_phone,['v_phone'],confirmed,no_change,"original event stayed, no extra VLM event needed",,,0
4049,336854753,4882303786102047157,dHDG,[],no_vlm_signal,no_change,VLM produced no usable event,,,0
4050,523824244,4882303786102044091,v_distraction,[],not_confirmed,removed,"original event not confirmed by VLM, so it was removed",v_distraction,,1
4051,333211468,4882303786102034176,v_phone,['v_phone'],confirmed,no_change,"original event stayed, no extra VLM event needed",,,0
4052,467597649,4882303786101978457,PER,"['v_phone', 'v_distraction']",new_context_added,added,new_context_added added extra VLM context,,v_phone,1
4052,467597649,4882303786101978457,PER,"['v_phone', 'v_distraction']",new_context_added,added,new_context_added added extra VLM context,,v_distraction,1
4053,411962094,4882303786101965750,Ign ON,[],no_vlm_signal,no_change,VLM produced no usable event,,,0
4054,511468560,4882303786101954725,PER,"['SEATBELT_D_OFF', 'v_phone']",new_context_added,added,new_context_added added extra VLM context,,SEATBELT_D_OFF,1
4054,511468560,4882303786101954725,PER,"['SEATBELT_D_OFF', 'v_phone']",new_context_added,added,new_context_added added extra VLM context,,v_phone,1
4055,523822117,4882303786101947742,PER,[],no_vlm_signal,no_change,VLM produced no usable event,,,0
4056,322784039,4882303786101946444,v_phone,['v_phone'],confirmed,no_change,"original event stayed, no extra VLM event needed",,,0
4057,454270937,4882303786101944524,v_phone,['v_phone'],confirmed,no_change,"original event stayed, no extra VLM event needed",,,0
4058,333545827,4882303786101944276,v_fatigue,['SEATBELT_D_OFF'],contradicted,removed,VLM contradicted original telematics event — original removed,v_fatigue,,1
4058,333545827,4882303786101944276,v_fatigue,['SEATBELT_D_OFF'],contradicted,added,VLM contradicted original — replacement VLM event added,,SEATBELT_D_OFF,1
4059,509637926,4882303786101941850,dHDG,[],no_vlm_signal,no_change,VLM produced no usable event,,,0
4060,523823521,4882303786101941411,PER,[],no_vlm_signal,no_change,VLM produced no usable event,,,0
4061,334008589,4882303786101937548,v_yawn,['SEATBELT_D_OFF'],contradicted,removed,VLM contradicted original telematics event — original removed,v_yawn,,1
4061,334008589,4882303786101937548,v_yawn,['SEATBELT_D_OFF'],contradicted,added,VLM contradicted original — replacement VLM event added,,SEATBELT_D_OFF,1
4062,334723632,4882303786101934659,v_phone,"['SEATBELT_D_OFF', 'v_phone']",refined,added,refined added extra VLM context,,SEATBELT_D_OFF,1
4063,509637948,4882303786101926502,dHDG,[],no_vlm_signal,no_change,VLM produced no usable event,,,0
4064,458181322,4882303786101920720,PER,[],no_vlm_signal,no_change,VLM produced no usable event,,,0
4065,317984514,4882303786101899947,v_phone,['v_phone'],confirmed,no_change,"original event stayed, no extra VLM event needed",,,0
4066,524598261,4882303786101891263,PER,"['v_phone', 'v_distraction']",new_context_added,added,new_context_added added extra VLM context,,v_phone,1
4066,524598261,4882303786101891263,PER,"['v_phone', 'v_distraction']",new_context_added,added,new_context_added added extra VLM context,,v_distraction,1
4067,435028160,4882303786101881982,PER,['SEATBELT_D_OFF'],new_context_added,added,new_context_added added extra VLM context,,SEATBELT_D_OFF,1
4068,458748209,4882303786101869638,dHDG,['SEATBELT_D_OFF'],new_context_added,added,new_context_added added extra VLM context,,SEATBELT_D_OFF,1
4069,366751690,4882303786101868883,v_fatigue,['v_fatigue'],confirmed,no_change,"original event stayed, no extra VLM event needed",,,0
4070,443717449,4882303786101862080,v_phone,['v_phone'],confirmed,no_change,"original event stayed, no extra VLM event needed",,,0
4071,388775883,4882303786101860123,PER,['SEATBELT_D_OFF'],new_context_added,added,new_context_added added extra VLM context,,SEATBELT_D_OFF,1
4072,458891357,4882303786101858542,Ign ON,[],no_vlm_signal,no_change,VLM produced no usable event,,,0
4073,443668611,4882303786101845474,PER,[],no_vlm_signal,no_change,VLM produced no usable event,,,0
4074,365670886,4882303786101824458,v_phone,['v_phone'],confirmed,no_change,"original event stayed, no extra VLM event needed",,,0
4075,334154315,4882303786101813524,v_yawn,"['SEATBELT_D_OFF', 'v_fatigue']",refined,added,refined added extra VLM context,,SEATBELT_D_OFF,1
4075,334154315,4882303786101813524,v_yawn,"['SEATBELT_D_OFF', 'v_fatigue']",refined,added,refined added extra VLM context,,v_fatigue,1
4076,443717449,4882303786101803195,GPS_Lock,['SEATBELT_D_OFF'],new_context_added,added,new_context_added added extra VLM context,,SEATBELT_D_OFF,1
4077,458886154,4882303786101791176,PER,"['v_phone', 'v_distraction']",new_context_added,added,new_context_added added extra VLM context,,v_phone,1
4077,458886154,4882303786101791176,PER,"['v_phone', 'v_distraction']",new_context_added,added,new_context_added added extra VLM context,,v_distraction,1
4078,509637851,4882303786101788708,dHDG,"['v_phone', 'v_distraction']",new_context_added,added,new_context_added added extra VLM context,,v_phone,1
4078,509637851,4882303786101788708,dHDG,"['v_phone', 'v_distraction']",new_context_added,added,new_context_added added extra VLM context,,v_distraction,1
4079,509637769,4882303786101788434,PER,['v_phone'],new_context_added,added,new_context_added added extra VLM context,,v_phone,1
4080,459506000,4882303786101787206,PER,[],no_vlm_signal,no_change,VLM produced no usable event,,,0
4081,513234561,4882303786101777343,PER,['SEATBELT_D_OFF'],new_context_added,added,new_context_added added extra VLM context,,SEATBELT_D_OFF,1
4082,512980905,4882303786101774167,PER,['SEATBELT_D_OFF'],new_context_added,added,new_context_added added extra VLM context,,SEATBELT_D_OFF,1
4083,523823573,4882303786101773674,PER,[],no_vlm_signal,no_change,VLM produced no usable event,,,0
4084,429576946,4882303786101773617,v_phone,['v_phone'],confirmed,no_change,"original event stayed, no extra VLM event needed",,,0
4085,512994171,4882303786101768530,PER,"['SEATBELT_D_OFF', 'v_phone']",new_context_added,added,new_context_added added extra VLM context,,SEATBELT_D_OFF,1
4085,512994171,4882303786101768530,PER,"['SEATBELT_D_OFF', 'v_phone']",new_context_added,added,new_context_added added extra VLM context,,v_phone,1
4086,409223544,4882303786101766430,dHDG,[],no_vlm_signal,no_change,VLM produced no usable event,,,0
4087,511633709,4882303786101756351,dHDG,[],no_vlm_signal,no_change,VLM produced no usable event,,,0
4088,336854753,4882303786101750245,v_phone,"['SEATBELT_D_OFF', 'v_phone']",refined,added,refined added extra VLM context,,SEATBELT_D_OFF,1
4089,334154315,4882303786101747256,dHDG,[],no_vlm_signal,no_change,VLM produced no usable event,,,0
4090,322619618,4882303786101744188,PER,[],no_vlm_signal,no_change,VLM produced no usable event,,,0
4091,429536893,4882303786101739016,v_fatigue,[],not_confirmed,removed,"original event not confirmed by VLM, so it was removed",v_fatigue,,1
4092,366751690,4882303786101723265,v_phone,['v_phone'],confirmed,no_change,"original event stayed, no extra VLM event needed",,,0
4093,322619618,4882303786101714613,dHDG,['v_phone'],new_context_added,added,new_context_added added extra VLM context,,v_phone,1
4094,464878170,4882303786101700636,PER,[],no_vlm_signal,no_change,VLM produced no usable event,,,0
4095,429536893,4882303786101695252,PER,"['SEATBELT_D_OFF', 'v_phone', 'v_distraction']",new_context_added,added,new_context_added added extra VLM context,,SEATBELT_D_OFF,1
4095,429536893,4882303786101695252,PER,"['SEATBELT_D_OFF', 'v_phone', 'v_distraction']",new_context_added,added,new_context_added added extra VLM context,,v_phone,1
4095,429536893,4882303786101695252,PER,"['SEATBELT_D_OFF', 'v_phone', 'v_distraction']",new_context_added,added,new_context_added added extra VLM context,,v_distraction,1
4096,373272248,4882303786101668528,PER,['SEATBELT_D_OFF'],new_context_added,added,new_context_added added extra VLM context,,SEATBELT_D_OFF,1
4097,365598486,4882303786101666373,v_yawn,[],not_confirmed,removed,"original event not confirmed by VLM, so it was removed",v_yawn,,1
4098,511466682,4882303786101664183,PER,['SEATBELT_D_OFF'],new_context_added,added,new_context_added added extra VLM context,,SEATBELT_D_OFF,1
4099,454270937,4882303786101652159,dHDG,[],no_vlm_signal,no_change,VLM produced no usable event,,,0
4100,429576946,4882303786101645156,v_phone,[],not_confirmed,removed,"original event not confirmed by VLM, so it was removed",v_phone,,1
4101,365670886,4882303786101636745,PER,[],no_vlm_signal,no_change,VLM produced no usable event,,,0
4102,422008670,4882303786101633447,v_cam_covered,[],not_confirmed,removed,"original event not confirmed by VLM, so it was removed",v_cam_covered,,1
4103,452477724,4882303786101633445,PER,"['SEATBELT_D_OFF', 'v_phone']",new_context_added,added,new_context_added added extra VLM context,,SEATBELT_D_OFF,1
4103,452477724,4882303786101633445,PER,"['SEATBELT_D_OFF', 'v_phone']",new_context_added,added,new_context_added added extra VLM context,,v_phone,1
4104,443657921,4882303786101629429,dHDG,[],no_vlm_signal,no_change,VLM produced no usable event,,,0
4105,460126901,4882303786101627063,v_fatigue,[],not_confirmed,removed,"original event not confirmed by VLM, so it was removed",v_fatigue,,1
4106,518312835,4882303786101622031,PER,['SEATBELT_D_OFF'],new_context_added,added,new_context_added added extra VLM context,,SEATBELT_D_OFF,1
4107,334008589,4882303786101620241,PER,['SEATBELT_D_OFF'],new_context_added,added,new_context_added added extra VLM context,,SEATBELT_D_OFF,1
4108,460126901,4882303786101601440,v_phone,"['SEATBELT_D_OFF', 'v_phone']",refined,added,refined added extra VLM context,,SEATBELT_D_OFF,1
4109,304249135,4882303786101594088,v_distraction,[],not_confirmed,removed,"original event not confirmed by VLM, so it was removed",v_distraction,,1
4110,317984438,4882303786101584065,v_fatigue,['v_fatigue'],confirmed,no_change,"original event stayed, no extra VLM event needed",,,0
4111,415734364,4882303786101573084,GPS_Lock,"['SEATBELT_D_OFF', 'v_distraction']",new_context_added,added,new_context_added added extra VLM context,,SEATBELT_D_OFF,1
4111,415734364,4882303786101573084,GPS_Lock,"['SEATBELT_D_OFF', 'v_distraction']",new_context_added,added,new_context_added added extra VLM context,,v_distraction,1
4112,304245737,4882303786101571661,dHDG,[],no_vlm_signal,no_change,VLM produced no usable event,,,0
4113,312741040,4882303786101570371,PER,['v_cam_covered'],new_context_added,added,new_context_added added extra VLM context,,v_cam_covered,1
4114,336854753,4882303786101568845,v_fatigue,['v_phone'],contradicted,removed,VLM contradicted original telematics event — original removed,v_fatigue,,1
4114,336854753,4882303786101568845,v_fatigue,['v_phone'],contradicted,added,VLM contradicted original — replacement VLM event added,,v_phone,1
4115,365598883,4882303786101560570,v_yawn,['v_fatigue'],refined,added,refined added extra VLM context,,v_fatigue,1
4116,464368268,4882303786101557755,Ign ON,['SEATBELT_D_OFF'],new_context_added,added,new_context_added added extra VLM context,,SEATBELT_D_OFF,1
4117,518312065,4882303786101556661,dHDG,"['SEATBELT_D_OFF', 'v_phone']",new_context_added,added,new_context_added added extra VLM context,,SEATBELT_D_OFF,1
4117,518312065,4882303786101556661,dHDG,"['SEATBELT_D_OFF', 'v_phone']",new_context_added,added,new_context_added added extra VLM context,,v_phone,1
4118,334723632,4882303786101548887,v_distraction,[],not_confirmed,removed,"original event not confirmed by VLM, so it was removed",v_distraction,,1
4119,511897418,4882303786101542145,dHDG,[],no_vlm_signal,no_change,VLM produced no usable event,,,0
4120,334148753,4882303786101537546,PER,['SEATBELT_D_OFF'],new_context_added,added,new_context_added added extra VLM context,,SEATBELT_D_OFF,1
4121,429576946,4882303786101528289,v_phone,['v_phone'],confirmed,no_change,"original event stayed, no extra VLM event needed",,,0
4122,452460611,4882303786101520900,v_phone,"['SEATBELT_D_OFF', 'v_phone']",refined,added,refined added extra VLM context,,SEATBELT_D_OFF,1
4123,509636557,4882303786101516362,PER,[],no_vlm_signal,no_change,VLM produced no usable event,,,0
4124,429576946,4882303786101506482,v_fatigue,[],not_confirmed,removed,"original event not confirmed by VLM, so it was removed",v_fatigue,,1
4125,436759512,4882303786101501367,PER,['v_fatigue'],new_context_added,added,new_context_added added extra VLM context,,v_fatigue,1
4126,460126729,4882303786101500433,v_phone,['v_phone'],confirmed,no_change,"original event stayed, no extra VLM event needed",,,0
4127,509637652,4882303786101478832,dHDG,[],no_vlm_signal,no_change,VLM produced no usable event,,,0
4128,509637553,4882303786101477116,dHDG,[],no_vlm_signal,no_change,VLM produced no usable event,,,0
4129,460126901,4882303786101468011,v_phone,"['SEATBELT_D_OFF', 'v_phone']",refined,added,refined added extra VLM context,,SEATBELT_D_OFF,1
4130,523822248,4882303786101457978,PER,[],no_vlm_signal,no_change,VLM produced no usable event,,,0
4131,317984438,4882303786101453679,PER,[],no_vlm_signal,no_change,VLM produced no usable event,,,0
4132,334723632,4882303786101451605,PER,['SEATBELT_D_OFF'],new_context_added,added,new_context_added added extra VLM context,,SEATBELT_D_OFF,1
4133,513225962,4882303786101449453,dHDG,['v_phone'],new_context_added,added,new_context_added added extra VLM context,,v_phone,1
4134,334154315,4882303786101447913,v_yawn,['v_fatigue'],refined,added,refined added extra VLM context,,v_fatigue,1
4135,429576946,4882303786101447699,PER,['SEATBELT_D_OFF'],new_context_added,added,new_context_added added extra VLM context,,SEATBELT_D_OFF,1
4136,366751690,4882303786101444359,PER,[],no_vlm_signal,no_change,VLM produced no usable event,,,0
4137,338306241,4882303786101442178,PER,[],no_vlm_signal,no_change,VLM produced no usable event,,,0
4138,443733464,4882303786101428676,PER,[],no_vlm_signal,no_change,VLM produced no usable event,,,0
4139,337268755,4882303786101427992,v_phone,['v_phone'],confirmed,no_change,"original event stayed, no extra VLM event needed",,,0
4140,366763791,4882303786101411975,v_cam_covered,['SEATBELT_D_OFF'],contradicted,removed,VLM contradicted original telematics event — original removed,v_cam_covered,,1
4140,366763791,4882303786101411975,v_cam_covered,['SEATBELT_D_OFF'],contradicted,added,VLM contradicted original — replacement VLM event added,,SEATBELT_D_OFF,1
4141,454260123,4882303786101410787,PER,['SEATBELT_D_OFF'],new_context_added,added,new_context_added added extra VLM context,,SEATBELT_D_OFF,1
4142,333545827,4882303786101409752,PER,"['SEATBELT_D_OFF', 'v_phone']",new_context_added,added,new_context_added added extra VLM context,,SEATBELT_D_OFF,1
4142,333545827,4882303786101409752,PER,"['SEATBELT_D_OFF', 'v_phone']",new_context_added,added,new_context_added added extra VLM context,,v_phone,1
4143,336854753,4882303786101403694,v_phone,['v_phone'],confirmed,no_change,"original event stayed, no extra VLM event needed",,,0
4144,464868635,4882303786101388045,GPS_Lock,['SEATBELT_D_OFF'],new_context_added,added,new_context_added added extra VLM context,,SEATBELT_D_OFF,1
4145,511471809,4882303786101386803,PER,['SEATBELT_D_OFF'],new_context_added,added,new_context_added added extra VLM context,,SEATBELT_D_OFF,1
4146,523824244,4882303786101384908,v_yawn,[],not_confirmed,removed,"original event not confirmed by VLM, so it was removed",v_yawn,,1
4147,523822046,4882303786101380769,Ign ON,[],no_vlm_signal,no_change,VLM produced no usable event,,,0
4148,512989545,4882303786101374353,PER,"['v_phone', 'v_distraction']",new_context_added,added,new_context_added added extra VLM context,,v_phone,1
4148,512989545,4882303786101374353,PER,"['v_phone', 'v_distraction']",new_context_added,added,new_context_added added extra VLM context,,v_distraction,1
4149,336854753,4882303786101371967,PER,[],no_vlm_signal,no_change,VLM produced no usable event,,,0
4150,460126455,4882303786101371648,Ign ON,['SEATBELT_D_OFF'],new_context_added,added,new_context_added added extra VLM context,,SEATBELT_D_OFF,1
4151,523824244,4882303786101350678,v_phone,[],not_confirmed,removed,"original event not confirmed by VLM, so it was removed",v_phone,,1
4152,365598486,4882303786101341022,PER,[],no_vlm_signal,no_change,VLM produced no usable event,,,0
4153,524596949,4882303786101337276,PER,['v_phone'],new_context_added,added,new_context_added added extra VLM context,,v_phone,1
4154,416296124,4882303786101330755,v_cam_covered,[],no_vlm_signal,no_change,VLM produced no usable event,,,0
4155,509637926,4882303786101314933,PER,"['SEATBELT_D_OFF', 'v_phone', 'v_distraction']",new_context_added,added,new_context_added added extra VLM context,,SEATBELT_D_OFF,1
4155,509637926,4882303786101314933,PER,"['SEATBELT_D_OFF', 'v_phone', 'v_distraction']",new_context_added,added,new_context_added added extra VLM context,,v_phone,1
4155,509637926,4882303786101314933,PER,"['SEATBELT_D_OFF', 'v_phone', 'v_distraction']",new_context_added,added,new_context_added added extra VLM context,,v_distraction,1
4156,365598883,4882303786101312103,dHDG,[],no_vlm_signal,no_change,VLM produced no usable event,,,0
4157,509636684,4882303786101311851,PER,[],no_vlm_signal,no_change,VLM produced no usable event,,,0
4158,307989723,4882303786101307229,dHDG,[],no_vlm_signal,no_change,VLM produced no usable event,,,0
4159,509637948,4882303786101306537,PER,['SEATBELT_D_OFF'],new_context_added,added,new_context_added added extra VLM context,,SEATBELT_D_OFF,1
4160,460126729,4882303786101305160,GPS_Lock,[],no_vlm_signal,no_change,VLM produced no usable event,,,0
4161,416296124,4882303786101303836,PER,[],no_vlm_signal,no_change,VLM produced no usable event,,,0
4162,512990207,4882303786101300083,PER,[],no_vlm_signal,no_change,VLM produced no usable event,,,0
4163,304245737,4882303786101285125,v_yawn,['v_phone'],contradicted,removed,VLM contradicted original telematics event — original removed,v_yawn,,1
4163,304245737,4882303786101285125,v_yawn,['v_phone'],contradicted,added,VLM contradicted original — replacement VLM event added,,v_phone,1
4164,365598883,4882303786101275297,v_yawn,[],not_confirmed,removed,"original event not confirmed by VLM, so it was removed",v_yawn,,1
4165,453948326,4882303786101274363,v_phone,['v_phone'],confirmed,no_change,"original event stayed, no extra VLM event needed",,,0
4166,409223544,4882303786101260971,v_fatigue,[],not_confirmed,removed,"original event not confirmed by VLM, so it was removed",v_fatigue,,1
4167,511472023,4882303786101242220,PER,"['SEATBELT_D_OFF', 'v_phone']",new_context_added,added,new_context_added added extra VLM context,,SEATBELT_D_OFF,1
4167,511472023,4882303786101242220,PER,"['SEATBELT_D_OFF', 'v_phone']",new_context_added,added,new_context_added added extra VLM context,,v_phone,1
4168,523824244,4882303786101242162,v_eye_closed,[],not_confirmed,removed,"original event not confirmed by VLM, so it was removed",v_eye_closed,,1
4169,333212161,4882303786101237271,PER,[],no_vlm_signal,no_change,VLM produced no usable event,,,0
4170,422017575,4882303786101224349,PER,"['SEATBELT_D_OFF', 'v_phone']",new_context_added,added,new_context_added added extra VLM context,,SEATBELT_D_OFF,1
4170,422017575,4882303786101224349,PER,"['SEATBELT_D_OFF', 'v_phone']",new_context_added,added,new_context_added added extra VLM context,,v_phone,1
4171,411962094,4882303786101221391,dHDG,[],no_vlm_signal,no_change,VLM produced no usable event,,,0
4172,523824244,4882303786101196878,v_distraction,['SEATBELT_D_OFF'],contradicted,removed,VLM contradicted original telematics event — original removed,v_distraction,,1
4172,523824244,4882303786101196878,v_distraction,['SEATBELT_D_OFF'],contradicted,added,VLM contradicted original — replacement VLM event added,,SEATBELT_D_OFF,1
4173,507302670,4882303786101193290,PER,[],no_vlm_signal,no_change,VLM produced no usable event,,,0
4174,509637851,4882303786101172571,dHDG,[],no_vlm_signal,no_change,VLM produced no usable event,,,0
4175,454535057,4882303786101160137,dHDG,[],no_vlm_signal,no_change,VLM produced no usable event,,,0
4176,507264889,4882303786101150342,PER,[],no_vlm_signal,no_change,VLM produced no usable event,,,0
4177,409223544,4882303786101148377,PER,"['SEATBELT_D_OFF', 'v_phone']",new_context_added,added,new_context_added added extra VLM context,,SEATBELT_D_OFF,1
4177,409223544,4882303786101148377,PER,"['SEATBELT_D_OFF', 'v_phone']",new_context_added,added,new_context_added added extra VLM context,,v_phone,1
4178,512994171,4882303786101143218,PER,['v_phone'],new_context_added,added,new_context_added added extra VLM context,,v_phone,1
4179,511633709,4882303786101141292,dHDG,[],no_vlm_signal,no_change,VLM produced no usable event,,,0
4180,454270937,4882303786101061304,v_phone,['v_phone'],confirmed,no_change,"original event stayed, no extra VLM event needed",,,0
4181,453948326,4882303786101044271,v_phone,['v_phone'],confirmed,no_change,"original event stayed, no extra VLM event needed",,,0
4182,453948326,4882303786101021220,PER,"['SEATBELT_D_OFF', 'v_phone']",new_context_added,added,new_context_added added extra VLM context,,SEATBELT_D_OFF,1
4182,453948326,4882303786101021220,PER,"['SEATBELT_D_OFF', 'v_phone']",new_context_added,added,new_context_added added extra VLM context,,v_phone,1
4183,511893849,4882303786101020815,Ign ON,[],no_vlm_signal,no_change,VLM produced no usable event,,,0
4184,507301777,4882303786101017583,dHDG,[],no_vlm_signal,no_change,VLM produced no usable event,,,0
4185,443657921,4882303786101016770,dHDG,[],no_vlm_signal,no_change,VLM produced no usable event,,,0
4186,304245737,4882303786101007273,v_fatigue,['v_phone'],contradicted,removed,VLM contradicted original telematics event — original removed,v_fatigue,,1
4186,304245737,4882303786101007273,v_fatigue,['v_phone'],contradicted,added,VLM contradicted original — replacement VLM event added,,v_phone,1
4187,304245737,4882303786100986115,GPS_Lock,[],no_vlm_signal,no_change,VLM produced no usable event,,,0
4188,464368268,4882303786100962196,PER,['SEATBELT_D_OFF'],new_context_added,added,new_context_added added extra VLM context,,SEATBELT_D_OFF,1
4189,511897418,4882303786100958483,PER,['SEATBELT_D_OFF'],new_context_added,added,new_context_added added extra VLM context,,SEATBELT_D_OFF,1
4190,338306241,4882303786100950643,v_phone,['v_phone'],confirmed,no_change,"original event stayed, no extra VLM event needed",,,0
4191,518867282,4882303786100941405,PER,[],no_vlm_signal,no_change,VLM produced no usable event,,,0
4192,434885978,4882303786100924974,v_cam_covered,[],not_confirmed,removed,"original event not confirmed by VLM, so it was removed",v_cam_covered,,1
4193,334003979,4882303786100920802,PER,['SEATBELT_D_OFF'],new_context_added,added,new_context_added added extra VLM context,,SEATBELT_D_OFF,1
4194,509637553,4882303786100910152,PER,"['SEATBELT_D_OFF', 'v_phone']",new_context_added,added,new_context_added added extra VLM context,,SEATBELT_D_OFF,1
4194,509637553,4882303786100910152,PER,"['SEATBELT_D_OFF', 'v_phone']",new_context_added,added,new_context_added added extra VLM context,,v_phone,1
4195,509637652,4882303786100909917,PER,[],no_vlm_signal,no_change,VLM produced no usable event,,,0
4196,365598883,4882303786100909542,v_yawn,[],not_confirmed,removed,"original event not confirmed by VLM, so it was removed",v_yawn,,1
4197,509637621,4882303786100909347,PER,"['SEATBELT_D_OFF', 'v_phone', 'v_distraction']",new_context_added,added,new_context_added added extra VLM context,,SEATBELT_D_OFF,1
4197,509637621,4882303786100909347,PER,"['SEATBELT_D_OFF', 'v_phone', 'v_distraction']",new_context_added,added,new_context_added added extra VLM context,,v_phone,1
4197,509637621,4882303786100909347,PER,"['SEATBELT_D_OFF', 'v_phone', 'v_distraction']",new_context_added,added,new_context_added added extra VLM context,,v_distraction,1
4198,435288506,4882303786100901704,PER,[],no_vlm_signal,no_change,VLM produced no usable event,,,0
4199,466968443,4882303786100855626,PER,['v_phone'],new_context_added,added,new_context_added added extra VLM context,,v_phone,1
4200,454260123,4882303786100846901,GPS_Lock,"['SEATBELT_D_OFF', 'v_phone']",new_context_added,added,new_context_added added extra VLM context,,SEATBELT_D_OFF,1
4200,454260123,4882303786100846901,GPS_Lock,"['SEATBELT_D_OFF', 'v_phone']",new_context_added,added,new_context_added added extra VLM context,,v_phone,1
4201,365598883,4882303786100802408,PER,[],no_vlm_signal,no_change,VLM produced no usable event,,,0
4202,307989723,4882303786100797194,PER,['SEATBELT_D_OFF'],new_context_added,added,new_context_added added extra VLM context,,SEATBELT_D_OFF,1
4203,338303849,4882303786100795074,PER,['v_cam_covered'],new_context_added,added,new_context_added added extra VLM context,,v_cam_covered,1
4204,458891357,4882303786100781556,PER,['SEATBELT_D_OFF'],new_context_added,added,new_context_added added extra VLM context,,SEATBELT_D_OFF,1
4205,333212161,4882303786100753226,PER,"['SEATBELT_D_OFF', 'v_phone', 'v_distraction']",new_context_added,added,new_context_added added extra VLM context,,SEATBELT_D_OFF,1
4205,333212161,4882303786100753226,PER,"['SEATBELT_D_OFF', 'v_phone', 'v_distraction']",new_context_added,added,new_context_added added extra VLM context,,v_phone,1
4205,333212161,4882303786100753226,PER,"['SEATBELT_D_OFF', 'v_phone', 'v_distraction']",new_context_added,added,new_context_added added extra VLM context,,v_distraction,1
4206,411962094,4882303786100746238,Ign ON,[],no_vlm_signal,no_change,VLM produced no usable event,,,0
4207,443744270,4882303786100720958,Ign ON,[],no_vlm_signal,no_change,VLM produced no usable event,,,0
4208,370979095,4882303786100699607,v_cam_covered,['SEATBELT_D_OFF'],contradicted,removed,VLM contradicted original telematics event — original removed,v_cam_covered,,1
4208,370979095,4882303786100699607,v_cam_covered,['SEATBELT_D_OFF'],contradicted,added,VLM contradicted original — replacement VLM event added,,SEATBELT_D_OFF,1
4209,425968651,4882303786100698073,PER,[],no_vlm_signal,no_change,VLM produced no usable event,,,0
4210,511633709,4882303786100692926,PER,[],review_only,no_change,review_only found nothing new to add,,,0
4211,365599055,4882303786100663095,GPS_Lock,['v_phone'],new_context_added,added,new_context_added added extra VLM context,,v_phone,1
4212,507301777,4882303786100622215,Ign ON,[],no_vlm_signal,no_change,VLM produced no usable event,,,0
4213,518312065,4882303786100621152,PER,['v_phone'],new_context_added,added,new_context_added added extra VLM context,,v_phone,1
4214,513225962,4882303786100555865,PER,['SEATBELT_D_OFF'],new_context_added,added,new_context_added added extra VLM context,,SEATBELT_D_OFF,1
